solid Uranium STLWriter Wed 20 Sep 2017 17:34:39
facet normal 0.0 0.0 0.0
  outer loop
    vertex 26.035003662109375 -40.00498580932617 -2.384185791015625e-07
    vertex 23.65728759765625 -40.00498580932617 -2.384185791015625e-07
    vertex 23.65728759765625 -2.9752986431121826 6.4373016357421875e-06
  endloop
endfacet
facet normal 0.0 0.0 0.0
  outer loop
    vertex -21.9198055267334 -2.1867246627807617 6.4373016357421875e-06
    vertex -21.92366600036621 -2.14261531829834 6.4373016357421875e-06
    vertex -21.669666290283203 -2.3966169357299805 6.4373016357421875e-06
  endloop
endfacet
facet normal 0.0 0.0 0.0
  outer loop
    vertex -16.55915069580078 -2.87286639213562 6.4373016357421875e-06
    vertex -16.409460067749023 -2.551851987838745 6.4373016357421875e-06
    vertex -14.801277160644531 -2.9752986431121826 6.4373016357421875e-06
  endloop
endfacet
facet normal 0.0 0.0 0.0
  outer loop
    vertex -14.801277160644531 -2.9752986431121826 6.4373016357421875e-06
    vertex -16.409460067749023 -2.551851987838745 6.4373016357421875e-06
    vertex -16.317785263061523 -2.209719657897949 6.4373016357421875e-06
  endloop
endfacet
facet normal 0.0 0.0 0.0
  outer loop
    vertex -22.810422897338867 -2.839400053024292 6.4373016357421875e-06
    vertex -22.77400779724121 -2.9752986431121826 6.4373016357421875e-06
    vertex -23.932247161865234 -2.9752986431121826 6.4373016357421875e-06
  endloop
endfacet
facet normal 0.0 0.0 0.0
  outer loop
    vertex -18.191913604736328 0.7496073842048645 6.9141387939453125e-06
    vertex -21.559715270996094 0.7496073842048645 6.9141387939453125e-06
    vertex -21.92366600036621 1.336700677871704 7.152557373046875e-06
  endloop
endfacet
facet normal 0.0 0.0 0.0
  outer loop
    vertex -16.317785263061523 -2.209719657897949 6.4373016357421875e-06
    vertex -16.286914825439453 -1.8568676710128784 6.4373016357421875e-06
    vertex -14.801277160644531 -2.9752986431121826 6.4373016357421875e-06
  endloop
endfacet
facet normal 0.0 0.0 0.0
  outer loop
    vertex -14.801277160644531 -2.9752986431121826 6.4373016357421875e-06
    vertex -16.286914825439453 -1.8568676710128784 6.4373016357421875e-06
    vertex -16.286914825439453 -1.6916608810424805 6.67572021484375e-06
  endloop
endfacet
facet normal 0.0 0.0 0.0
  outer loop
    vertex -14.801277160644531 -2.9752986431121826 6.4373016357421875e-06
    vertex -16.286914825439453 -1.6916608810424805 6.67572021484375e-06
    vertex -14.801277160644531 40.00498580932617 1.3828277587890625e-05
  endloop
endfacet
facet normal 0.0 0.0 0.0
  outer loop
    vertex -22.376056671142578 3.539039134979248 7.3909759521484375e-06
    vertex -22.5325927734375 3.3824994564056396 7.3909759521484375e-06
    vertex -23.932247161865234 40.00498580932617 1.3828277587890625e-05
  endloop
endfacet
facet normal 0.0 0.0 0.0
  outer loop
    vertex -22.829715728759766 2.566161870956421 7.3909759521484375e-06
    vertex -22.829715728759766 1.336700677871704 7.152557373046875e-06
    vertex -23.932247161865234 -2.9752986431121826 6.4373016357421875e-06
  endloop
endfacet
facet normal 0.0 0.0 0.0
  outer loop
    vertex -22.810422897338867 -2.839400053024292 6.4373016357421875e-06
    vertex -23.932247161865234 -2.9752986431121826 6.4373016357421875e-06
    vertex -22.829715728759766 -2.6188647747039795 6.4373016357421875e-06
  endloop
endfacet
facet normal 0.0 0.0 0.0
  outer loop
    vertex -17.97194480895996 -2.2696142196655273 6.4373016357421875e-06
    vertex -17.997339248657227 -2.30588436126709 6.4373016357421875e-06
    vertex -18.191913604736328 -2.3966169357299805 6.4373016357421875e-06
  endloop
endfacet
facet normal 0.0 0.0 0.0
  outer loop
    vertex -22.5325927734375 3.3824994564056396 7.3909759521484375e-06
    vertex -22.659568786621094 3.201160192489624 7.3909759521484375e-06
    vertex -23.932247161865234 40.00498580932617 1.3828277587890625e-05
  endloop
endfacet
facet normal 0.0 0.0 0.0
  outer loop
    vertex -23.932247161865234 40.00498580932617 1.3828277587890625e-05
    vertex -22.659568786621094 3.201160192489624 7.3909759521484375e-06
    vertex -22.75312614440918 3.0005300045013428 7.3909759521484375e-06
  endloop
endfacet
facet normal 0.0 0.0 0.0
  outer loop
    vertex -23.932247161865234 40.00498580932617 1.3828277587890625e-05
    vertex -22.75312614440918 3.0005300045013428 7.3909759521484375e-06
    vertex -22.810422897338867 2.7866933345794678 7.3909759521484375e-06
  endloop
endfacet
facet normal 0.0 0.0 0.0
  outer loop
    vertex -21.669666290283203 -2.3966169357299805 6.4373016357421875e-06
    vertex -21.92366600036621 -2.14261531829834 6.4373016357421875e-06
    vertex -18.191913604736328 -2.3966169357299805 6.4373016357421875e-06
  endloop
endfacet
facet normal 0.0 0.0 0.0
  outer loop
    vertex -17.336380004882812 -0.14021247625350952 6.9141387939453125e-06
    vertex -16.286914825439453 -1.6916608810424805 6.67572021484375e-06
    vertex -17.556913375854492 -0.15950338542461395 6.9141387939453125e-06
  endloop
endfacet
facet normal 0.0 0.0 0.0
  outer loop
    vertex -17.556913375854492 -0.15950338542461395 6.9141387939453125e-06
    vertex -16.286914825439453 -1.6916608810424805 6.67572021484375e-06
    vertex -17.93791389465332 -1.6916608810424805 6.67572021484375e-06
  endloop
endfacet
facet normal 0.0 0.0 0.0
  outer loop
    vertex -17.556913375854492 -0.15950338542461395 6.9141387939453125e-06
    vertex -17.93791389465332 -1.6916608810424805 6.67572021484375e-06
    vertex -21.669666290283203 -0.15950338542461395 6.9141387939453125e-06
  endloop
endfacet
facet normal 0.0 0.0 0.0
  outer loop
    vertex -17.336380004882812 -0.14021247625350952 6.9141387939453125e-06
    vertex -17.122549057006836 -0.08291572332382202 6.9141387939453125e-06
    vertex -16.286914825439453 -1.6916608810424805 6.67572021484375e-06
  endloop
endfacet
facet normal 0.0 0.0 0.0
  outer loop
    vertex -16.286914825439453 -1.6916608810424805 6.67572021484375e-06
    vertex -17.122549057006836 -0.08291572332382202 6.9141387939453125e-06
    vertex -16.921913146972656 0.010643514804542065 6.9141387939453125e-06
  endloop
endfacet
facet normal 0.0 0.0 0.0
  outer loop
    vertex -16.286914825439453 -1.6916608810424805 6.67572021484375e-06
    vertex -16.921913146972656 0.010643514804542065 6.9141387939453125e-06
    vertex -16.74057388305664 0.1376194953918457 6.9141387939453125e-06
  endloop
endfacet
facet normal 0.0 0.0 0.0
  outer loop
    vertex -16.74057388305664 0.1376194953918457 6.9141387939453125e-06
    vertex -16.58403778076172 0.2941555678844452 6.9141387939453125e-06
    vertex -16.286914825439453 -1.6916608810424805 6.67572021484375e-06
  endloop
endfacet
facet normal 0.0 0.0 0.0
  outer loop
    vertex -16.286914825439453 -1.6916608810424805 6.67572021484375e-06
    vertex -16.58403778076172 0.2941555678844452 6.9141387939453125e-06
    vertex -16.457063674926758 0.47549477219581604 6.9141387939453125e-06
  endloop
endfacet
facet normal 0.0 0.0 0.0
  outer loop
    vertex -16.286914825439453 -1.6916608810424805 6.67572021484375e-06
    vertex -16.457063674926758 0.47549477219581604 6.9141387939453125e-06
    vertex -16.36350440979004 0.6761286854743958 6.9141387939453125e-06
  endloop
endfacet
facet normal 0.0 0.0 0.0
  outer loop
    vertex -22.659568786621094 0.11460543423891068 6.9141387939453125e-06
    vertex -22.829715728759766 1.336700677871704 7.152557373046875e-06
    vertex -22.5325927734375 0.2959446609020233 6.9141387939453125e-06
  endloop
endfacet
facet normal 0.0 0.0 0.0
  outer loop
    vertex -22.5325927734375 0.2959446609020233 6.9141387939453125e-06
    vertex -22.829715728759766 1.336700677871704 7.152557373046875e-06
    vertex -22.376056671142578 0.45248451828956604 6.9141387939453125e-06
  endloop
endfacet
facet normal 0.0 0.0 0.0
  outer loop
    vertex -17.97194480895996 0.8766062259674072 6.9141387939453125e-06
    vertex -17.997339248657227 0.8403361439704895 6.9141387939453125e-06
    vertex -18.191913604736328 0.7496073842048645 6.9141387939453125e-06
  endloop
endfacet
facet normal 0.0 0.0 0.0
  outer loop
    vertex -21.756540298461914 2.959899663925171 7.3909759521484375e-06
    vertex -21.71377182006836 2.9713590145111084 7.3909759521484375e-06
    vertex -21.908348083496094 2.8080899715423584 7.3909759521484375e-06
  endloop
endfacet
facet normal 0.0 0.0 0.0
  outer loop
    vertex -21.908348083496094 2.8080899715423584 7.3909759521484375e-06
    vertex -21.71377182006836 2.9713590145111084 7.3909759521484375e-06
    vertex -21.669666290283203 2.975219488143921 7.3909759521484375e-06
  endloop
endfacet
facet normal 0.0 0.0 0.0
  outer loop
    vertex -21.908348083496094 2.8080899715423584 7.3909759521484375e-06
    vertex -21.669666290283203 2.975219488143921 7.3909759521484375e-06
    vertex -21.9198055267334 2.7653234004974365 7.3909759521484375e-06
  endloop
endfacet
facet normal 0.0 0.0 0.0
  outer loop
    vertex -21.889636993408203 -0.28650227189064026 6.9141387939453125e-06
    vertex -21.864242553710938 -0.2502359449863434 6.9141387939453125e-06
    vertex -21.908348083496094 -0.32663285732269287 6.9141387939453125e-06
  endloop
endfacet
facet normal 0.0 0.0 0.0
  outer loop
    vertex -21.908348083496094 -0.32663285732269287 6.9141387939453125e-06
    vertex -21.864242553710938 -0.2502359449863434 6.9141387939453125e-06
    vertex -21.83293342590332 -0.218928724527359 6.9141387939453125e-06
  endloop
endfacet
facet normal 0.0 0.0 0.0
  outer loop
    vertex -21.908348083496094 -0.32663285732269287 6.9141387939453125e-06
    vertex -21.83293342590332 -0.218928724527359 6.9141387939453125e-06
    vertex -21.9198055267334 -0.36939942836761475 6.9141387939453125e-06
  endloop
endfacet
facet normal 0.0 0.0 0.0
  outer loop
    vertex -21.9198055267334 -0.36939942836761475 6.9141387939453125e-06
    vertex -21.83293342590332 -0.218928724527359 6.9141387939453125e-06
    vertex -21.79666519165039 -0.19353429973125458 6.9141387939453125e-06
  endloop
endfacet
facet normal 0.0 0.0 0.0
  outer loop
    vertex -21.9198055267334 -0.36939942836761475 6.9141387939453125e-06
    vertex -21.79666519165039 -0.19353429973125458 6.9141387939453125e-06
    vertex -21.756540298461914 -0.17482320964336395 6.9141387939453125e-06
  endloop
endfacet
facet normal 0.0 0.0 0.0
  outer loop
    vertex -17.97194480895996 -2.2696142196655273 6.4373016357421875e-06
    vertex -18.191913604736328 -2.3966169357299805 6.4373016357421875e-06
    vertex -17.953231811523438 -2.2294912338256836 6.4373016357421875e-06
  endloop
endfacet
facet normal 0.0 0.0 0.0
  outer loop
    vertex -17.997339248657227 -2.30588436126709 6.4373016357421875e-06
    vertex -18.028644561767578 -2.337191581726074 6.4373016357421875e-06
    vertex -18.06491470336914 -2.3625898361206055 6.4373016357421875e-06
  endloop
endfacet
facet normal 0.0 0.0 0.0
  outer loop
    vertex -16.306209564208984 2.7866933345794678 7.3909759521484375e-06
    vertex -16.36350440979004 3.0005300045013428 7.3909759521484375e-06
    vertex -14.801277160644531 40.00498580932617 1.3828277587890625e-05
  endloop
endfacet
facet normal 0.0 0.0 0.0
  outer loop
    vertex -14.801277160644531 40.00498580932617 1.3828277587890625e-05
    vertex -16.36350440979004 3.0005300045013428 7.3909759521484375e-06
    vertex -16.457063674926758 3.201160192489624 7.3909759521484375e-06
  endloop
endfacet
facet normal 0.0 0.0 0.0
  outer loop
    vertex -14.801277160644531 40.00498580932617 1.3828277587890625e-05
    vertex -16.457063674926758 3.201160192489624 7.3909759521484375e-06
    vertex -16.58403778076172 3.3824994564056396 7.3909759521484375e-06
  endloop
endfacet
facet normal 0.0 0.0 0.0
  outer loop
    vertex -16.58403778076172 3.3824994564056396 7.3909759521484375e-06
    vertex -16.74057388305664 3.539039134979248 7.3909759521484375e-06
    vertex -14.801277160644531 40.00498580932617 1.3828277587890625e-05
  endloop
endfacet
facet normal 0.0 0.0 0.0
  outer loop
    vertex -14.801277160644531 40.00498580932617 1.3828277587890625e-05
    vertex -16.74057388305664 3.539039134979248 7.3909759521484375e-06
    vertex -16.921913146972656 3.666015148162842 7.62939453125e-06
  endloop
endfacet
facet normal 0.0 0.0 0.0
  outer loop
    vertex -14.801277160644531 40.00498580932617 1.3828277587890625e-05
    vertex -16.921913146972656 3.666015148162842 7.62939453125e-06
    vertex -17.122549057006836 3.759570598602295 7.62939453125e-06
  endloop
endfacet
facet normal 0.0 0.0 0.0
  outer loop
    vertex -21.559715270996094 0.7496073842048645 6.9141387939453125e-06
    vertex -21.780248641967773 0.7303126454353333 6.9141387939453125e-06
    vertex -21.92366600036621 1.336700677871704 7.152557373046875e-06
  endloop
endfacet
facet normal 0.0 0.0 0.0
  outer loop
    vertex -21.92366600036621 1.336700677871704 7.152557373046875e-06
    vertex -21.780248641967773 0.7303126454353333 6.9141387939453125e-06
    vertex -21.994081497192383 0.6730158925056458 6.9141387939453125e-06
  endloop
endfacet
facet normal 0.0 0.0 0.0
  outer loop
    vertex -21.92366600036621 1.336700677871704 7.152557373046875e-06
    vertex -21.994081497192383 0.6730158925056458 6.9141387939453125e-06
    vertex -22.829715728759766 1.336700677871704 7.152557373046875e-06
  endloop
endfacet
facet normal 0.0 0.0 0.0
  outer loop
    vertex -22.829715728759766 1.336700677871704 7.152557373046875e-06
    vertex -21.994081497192383 0.6730158925056458 6.9141387939453125e-06
    vertex -22.19471549987793 0.5794605016708374 6.9141387939453125e-06
  endloop
endfacet
facet normal 0.0 0.0 0.0
  outer loop
    vertex -22.829715728759766 1.336700677871704 7.152557373046875e-06
    vertex -22.19471549987793 0.5794605016708374 6.9141387939453125e-06
    vertex -22.376056671142578 0.45248451828956604 6.9141387939453125e-06
  endloop
endfacet
facet normal 0.0 0.0 0.0
  outer loop
    vertex -22.659568786621094 0.11460543423891068 6.9141387939453125e-06
    vertex -22.75312614440918 -0.0860247015953064 6.9141387939453125e-06
    vertex -22.829715728759766 1.336700677871704 7.152557373046875e-06
  endloop
endfacet
facet normal 0.0 0.0 0.0
  outer loop
    vertex -22.829715728759766 1.336700677871704 7.152557373046875e-06
    vertex -22.75312614440918 -0.0860247015953064 6.9141387939453125e-06
    vertex -22.810422897338867 -0.2998575270175934 6.9141387939453125e-06
  endloop
endfacet
facet normal 0.0 0.0 0.0
  outer loop
    vertex -22.829715728759766 1.336700677871704 7.152557373046875e-06
    vertex -22.810422897338867 -0.2998575270175934 6.9141387939453125e-06
    vertex -23.932247161865234 -2.9752986431121826 6.4373016357421875e-06
  endloop
endfacet
facet normal 0.0 0.0 0.0
  outer loop
    vertex -23.932247161865234 -2.9752986431121826 6.4373016357421875e-06
    vertex -22.810422897338867 -0.2998575270175934 6.9141387939453125e-06
    vertex -22.829715728759766 -0.5203927755355835 6.67572021484375e-06
  endloop
endfacet
facet normal 0.0 0.0 0.0
  outer loop
    vertex -23.932247161865234 -2.9752986431121826 6.4373016357421875e-06
    vertex -22.829715728759766 -0.5203927755355835 6.67572021484375e-06
    vertex -22.829715728759766 -2.6188647747039795 6.4373016357421875e-06
  endloop
endfacet
facet normal 0.0 0.0 0.0
  outer loop
    vertex -17.953231811523438 2.8080899715423584 7.3909759521484375e-06
    vertex -17.941774368286133 2.7653234004974365 7.3909759521484375e-06
    vertex -18.191913604736328 2.975219488143921 7.3909759521484375e-06
  endloop
endfacet
facet normal 0.0 0.0 0.0
  outer loop
    vertex -18.191913604736328 2.975219488143921 7.3909759521484375e-06
    vertex -17.941774368286133 2.7653234004974365 7.3909759521484375e-06
    vertex -17.93791389465332 2.7212178707122803 7.3909759521484375e-06
  endloop
endfacet
facet normal 0.0 0.0 0.0
  outer loop
    vertex -18.191913604736328 2.975219488143921 7.3909759521484375e-06
    vertex -17.93791389465332 2.7212178707122803 7.3909759521484375e-06
    vertex -21.669666290283203 2.975219488143921 7.3909759521484375e-06
  endloop
endfacet
facet normal 0.0 0.0 0.0
  outer loop
    vertex -21.756540298461914 -0.17482320964336395 6.9141387939453125e-06
    vertex -21.71377182006836 -0.16336385905742645 6.9141387939453125e-06
    vertex -21.9198055267334 -0.36939942836761475 6.9141387939453125e-06
  endloop
endfacet
facet normal 0.0 0.0 0.0
  outer loop
    vertex -21.9198055267334 -0.36939942836761475 6.9141387939453125e-06
    vertex -21.71377182006836 -0.16336385905742645 6.9141387939453125e-06
    vertex -21.669666290283203 -0.15950338542461395 6.9141387939453125e-06
  endloop
endfacet
facet normal 0.0 0.0 0.0
  outer loop
    vertex -21.9198055267334 -0.36939942836761475 6.9141387939453125e-06
    vertex -21.669666290283203 -0.15950338542461395 6.9141387939453125e-06
    vertex -21.92366600036621 -0.413504958152771 6.9141387939453125e-06
  endloop
endfacet
facet normal 0.0 0.0 0.0
  outer loop
    vertex -21.92366600036621 -0.413504958152771 6.9141387939453125e-06
    vertex -21.669666290283203 -0.15950338542461395 6.9141387939453125e-06
    vertex -17.93791389465332 -1.6916608810424805 6.67572021484375e-06
  endloop
endfacet
facet normal 0.0 0.0 0.0
  outer loop
    vertex -21.92366600036621 -0.413504958152771 6.9141387939453125e-06
    vertex -17.93791389465332 -1.6916608810424805 6.67572021484375e-06
    vertex -21.92366600036621 -2.14261531829834 6.4373016357421875e-06
  endloop
endfacet
facet normal 0.0 0.0 0.0
  outer loop
    vertex -21.92366600036621 -2.14261531829834 6.4373016357421875e-06
    vertex -17.93791389465332 -1.6916608810424805 6.67572021484375e-06
    vertex -17.93791389465332 -2.14261531829834 6.4373016357421875e-06
  endloop
endfacet
facet normal 0.0 0.0 0.0
  outer loop
    vertex -21.92366600036621 -2.14261531829834 6.4373016357421875e-06
    vertex -17.93791389465332 -2.14261531829834 6.4373016357421875e-06
    vertex -18.191913604736328 -2.3966169357299805 6.4373016357421875e-06
  endloop
endfacet
facet normal 0.0 0.0 0.0
  outer loop
    vertex -18.191913604736328 -2.3966169357299805 6.4373016357421875e-06
    vertex -17.93791389465332 -2.14261531829834 6.4373016357421875e-06
    vertex -17.941774368286133 -2.1867246627807617 6.4373016357421875e-06
  endloop
endfacet
facet normal 0.0 0.0 0.0
  outer loop
    vertex -18.191913604736328 -2.3966169357299805 6.4373016357421875e-06
    vertex -17.941774368286133 -2.1867246627807617 6.4373016357421875e-06
    vertex -17.953231811523438 -2.2294912338256836 6.4373016357421875e-06
  endloop
endfacet
facet normal 0.0 0.0 0.0
  outer loop
    vertex -18.06491470336914 -2.3625898361206055 6.4373016357421875e-06
    vertex -18.10504150390625 -2.381300926208496 6.4373016357421875e-06
    vertex -17.997339248657227 -2.30588436126709 6.4373016357421875e-06
  endloop
endfacet
facet normal 0.0 0.0 0.0
  outer loop
    vertex -17.997339248657227 -2.30588436126709 6.4373016357421875e-06
    vertex -18.10504150390625 -2.381300926208496 6.4373016357421875e-06
    vertex -18.147808074951172 -2.3927602767944336 6.4373016357421875e-06
  endloop
endfacet
facet normal 0.0 0.0 0.0
  outer loop
    vertex -17.997339248657227 -2.30588436126709 6.4373016357421875e-06
    vertex -18.147808074951172 -2.3927602767944336 6.4373016357421875e-06
    vertex -18.191913604736328 -2.3966169357299805 6.4373016357421875e-06
  endloop
endfacet
facet normal 0.0 0.0 0.0
  outer loop
    vertex -21.756540298461914 -2.381300926208496 6.4373016357421875e-06
    vertex -21.79666519165039 -2.3625898361206055 6.4373016357421875e-06
    vertex -21.908348083496094 -2.2294912338256836 6.4373016357421875e-06
  endloop
endfacet
facet normal 0.0 0.0 0.0
  outer loop
    vertex -16.36350440979004 0.6761286854743958 6.9141387939453125e-06
    vertex -16.306209564208984 0.8899614810943604 6.9141387939453125e-06
    vertex -16.286914825439453 -1.6916608810424805 6.67572021484375e-06
  endloop
endfacet
facet normal 0.0 0.0 0.0
  outer loop
    vertex -16.286914825439453 -1.6916608810424805 6.67572021484375e-06
    vertex -16.306209564208984 0.8899614810943604 6.9141387939453125e-06
    vertex -16.286914825439453 1.1104968786239624 7.152557373046875e-06
  endloop
endfacet
facet normal 0.0 0.0 0.0
  outer loop
    vertex -16.286914825439453 -1.6916608810424805 6.67572021484375e-06
    vertex -16.286914825439453 1.1104968786239624 7.152557373046875e-06
    vertex -14.801277160644531 40.00498580932617 1.3828277587890625e-05
  endloop
endfacet
facet normal 0.0 0.0 0.0
  outer loop
    vertex -14.801277160644531 40.00498580932617 1.3828277587890625e-05
    vertex -16.286914825439453 1.1104968786239624 7.152557373046875e-06
    vertex -16.286914825439453 2.566161870956421 7.3909759521484375e-06
  endloop
endfacet
facet normal 0.0 0.0 0.0
  outer loop
    vertex -14.801277160644531 40.00498580932617 1.3828277587890625e-05
    vertex -16.286914825439453 2.566161870956421 7.3909759521484375e-06
    vertex -16.306209564208984 2.7866933345794678 7.3909759521484375e-06
  endloop
endfacet
facet normal 0.0 0.0 0.0
  outer loop
    vertex -21.780248641967773 3.8168673515319824 7.62939453125e-06
    vertex -21.994081497192383 3.759570598602295 7.62939453125e-06
    vertex -23.932247161865234 40.00498580932617 1.3828277587890625e-05
  endloop
endfacet
facet normal 0.0 0.0 0.0
  outer loop
    vertex -23.932247161865234 40.00498580932617 1.3828277587890625e-05
    vertex -21.994081497192383 3.759570598602295 7.62939453125e-06
    vertex -22.19471549987793 3.666015148162842 7.62939453125e-06
  endloop
endfacet
facet normal 0.0 0.0 0.0
  outer loop
    vertex -23.932247161865234 40.00498580932617 1.3828277587890625e-05
    vertex -22.19471549987793 3.666015148162842 7.62939453125e-06
    vertex -22.376056671142578 3.539039134979248 7.3909759521484375e-06
  endloop
endfacet
facet normal 0.0 0.0 0.0
  outer loop
    vertex -17.97194480895996 0.8766062259674072 6.9141387939453125e-06
    vertex -18.191913604736328 0.7496073842048645 6.9141387939453125e-06
    vertex -17.953231811523438 0.9167330265045166 6.9141387939453125e-06
  endloop
endfacet
facet normal 0.0 0.0 0.0
  outer loop
    vertex -17.997339248657227 0.8403361439704895 6.9141387939453125e-06
    vertex -18.028644561767578 0.8090289235115051 6.9141387939453125e-06
    vertex -18.06491470336914 0.7836344838142395 6.9141387939453125e-06
  endloop
endfacet
facet normal 0.0 0.0 0.0
  outer loop
    vertex -21.908348083496094 2.8080899715423584 7.3909759521484375e-06
    vertex -21.889636993408203 2.8482167720794678 7.3909759521484375e-06
    vertex -21.864242553710938 2.8844869136810303 7.3909759521484375e-06
  endloop
endfacet
facet normal 0.0 0.0 0.0
  outer loop
    vertex -21.9198055267334 -2.1867246627807617 6.4373016357421875e-06
    vertex -21.669666290283203 -2.3966169357299805 6.4373016357421875e-06
    vertex -21.908348083496094 -2.2294912338256836 6.4373016357421875e-06
  endloop
endfacet
facet normal 0.0 0.0 0.0
  outer loop
    vertex -21.908348083496094 -2.2294912338256836 6.4373016357421875e-06
    vertex -21.669666290283203 -2.3966169357299805 6.4373016357421875e-06
    vertex -21.71377182006836 -2.3927602767944336 6.4373016357421875e-06
  endloop
endfacet
facet normal 0.0 0.0 0.0
  outer loop
    vertex -21.908348083496094 -2.2294912338256836 6.4373016357421875e-06
    vertex -21.71377182006836 -2.3927602767944336 6.4373016357421875e-06
    vertex -21.756540298461914 -2.381300926208496 6.4373016357421875e-06
  endloop
endfacet
facet normal 0.0 0.0 0.0
  outer loop
    vertex -21.9198055267334 2.7653234004974365 7.3909759521484375e-06
    vertex -21.669666290283203 2.975219488143921 7.3909759521484375e-06
    vertex -21.92366600036621 2.7212178707122803 7.3909759521484375e-06
  endloop
endfacet
facet normal 0.0 0.0 0.0
  outer loop
    vertex -21.92366600036621 2.7212178707122803 7.3909759521484375e-06
    vertex -21.669666290283203 2.975219488143921 7.3909759521484375e-06
    vertex -17.93791389465332 2.7212178707122803 7.3909759521484375e-06
  endloop
endfacet
facet normal 0.0 0.0 0.0
  outer loop
    vertex -21.92366600036621 2.7212178707122803 7.3909759521484375e-06
    vertex -17.93791389465332 2.7212178707122803 7.3909759521484375e-06
    vertex -21.92366600036621 1.336700677871704 7.152557373046875e-06
  endloop
endfacet
facet normal 0.0 0.0 0.0
  outer loop
    vertex -21.92366600036621 1.336700677871704 7.152557373046875e-06
    vertex -17.93791389465332 2.7212178707122803 7.3909759521484375e-06
    vertex -17.93791389465332 1.0036052465438843 7.152557373046875e-06
  endloop
endfacet
facet normal 0.0 0.0 0.0
  outer loop
    vertex -21.92366600036621 1.336700677871704 7.152557373046875e-06
    vertex -17.93791389465332 1.0036052465438843 7.152557373046875e-06
    vertex -18.191913604736328 0.7496073842048645 6.9141387939453125e-06
  endloop
endfacet
facet normal 0.0 0.0 0.0
  outer loop
    vertex -18.191913604736328 0.7496073842048645 6.9141387939453125e-06
    vertex -17.93791389465332 1.0036052465438843 7.152557373046875e-06
    vertex -17.941774368286133 0.9594995975494385 7.152557373046875e-06
  endloop
endfacet
facet normal 0.0 0.0 0.0
  outer loop
    vertex -18.191913604736328 0.7496073842048645 6.9141387939453125e-06
    vertex -17.941774368286133 0.9594995975494385 7.152557373046875e-06
    vertex -17.953231811523438 0.9167330265045166 6.9141387939453125e-06
  endloop
endfacet
facet normal 0.0 0.0 0.0
  outer loop
    vertex -18.06491470336914 0.7836344838142395 6.9141387939453125e-06
    vertex -18.10504150390625 0.7649272084236145 6.9141387939453125e-06
    vertex -17.997339248657227 0.8403361439704895 6.9141387939453125e-06
  endloop
endfacet
facet normal 0.0 0.0 0.0
  outer loop
    vertex -17.997339248657227 0.8403361439704895 6.9141387939453125e-06
    vertex -18.10504150390625 0.7649272084236145 6.9141387939453125e-06
    vertex -18.147808074951172 0.7534640431404114 6.9141387939453125e-06
  endloop
endfacet
facet normal 0.0 0.0 0.0
  outer loop
    vertex -17.997339248657227 0.8403361439704895 6.9141387939453125e-06
    vertex -18.147808074951172 0.7534640431404114 6.9141387939453125e-06
    vertex -18.191913604736328 0.7496073842048645 6.9141387939453125e-06
  endloop
endfacet
facet normal 0.0 0.0 0.0
  outer loop
    vertex -21.864242553710938 2.8844869136810303 7.3909759521484375e-06
    vertex -21.83293342590332 2.9157941341400146 7.3909759521484375e-06
    vertex -21.908348083496094 2.8080899715423584 7.3909759521484375e-06
  endloop
endfacet
facet normal 0.0 0.0 0.0
  outer loop
    vertex -21.908348083496094 2.8080899715423584 7.3909759521484375e-06
    vertex -21.83293342590332 2.9157941341400146 7.3909759521484375e-06
    vertex -21.79666519165039 2.9411885738372803 7.3909759521484375e-06
  endloop
endfacet
facet normal 0.0 0.0 0.0
  outer loop
    vertex -21.908348083496094 2.8080899715423584 7.3909759521484375e-06
    vertex -21.79666519165039 2.9411885738372803 7.3909759521484375e-06
    vertex -21.756540298461914 2.959899663925171 7.3909759521484375e-06
  endloop
endfacet
facet normal 0.0 0.0 0.0
  outer loop
    vertex -18.147808074951172 2.9713590145111084 7.3909759521484375e-06
    vertex -18.10504150390625 2.959899663925171 7.3909759521484375e-06
    vertex -17.997339248657227 2.8844869136810303 7.3909759521484375e-06
  endloop
endfacet
facet normal 0.0 0.0 0.0
  outer loop
    vertex -17.997339248657227 2.8844869136810303 7.3909759521484375e-06
    vertex -18.10504150390625 2.959899663925171 7.3909759521484375e-06
    vertex -18.06491470336914 2.9411885738372803 7.3909759521484375e-06
  endloop
endfacet
facet normal 0.0 0.0 0.0
  outer loop
    vertex -17.997339248657227 2.8844869136810303 7.3909759521484375e-06
    vertex -18.06491470336914 2.9411885738372803 7.3909759521484375e-06
    vertex -18.028644561767578 2.9157941341400146 7.3909759521484375e-06
  endloop
endfacet
facet normal 0.0 0.0 0.0
  outer loop
    vertex -18.147808074951172 2.9713590145111084 7.3909759521484375e-06
    vertex -17.997339248657227 2.8844869136810303 7.3909759521484375e-06
    vertex -18.191913604736328 2.975219488143921 7.3909759521484375e-06
  endloop
endfacet
facet normal 0.0 0.0 0.0
  outer loop
    vertex -18.191913604736328 2.975219488143921 7.3909759521484375e-06
    vertex -17.997339248657227 2.8844869136810303 7.3909759521484375e-06
    vertex -17.97194480895996 2.8482167720794678 7.3909759521484375e-06
  endloop
endfacet
facet normal 0.0 0.0 0.0
  outer loop
    vertex -18.191913604736328 2.975219488143921 7.3909759521484375e-06
    vertex -17.97194480895996 2.8482167720794678 7.3909759521484375e-06
    vertex -17.953231811523438 2.8080899715423584 7.3909759521484375e-06
  endloop
endfacet
facet normal 0.0 0.0 0.0
  outer loop
    vertex -21.79666519165039 -2.3625898361206055 6.4373016357421875e-06
    vertex -21.83293342590332 -2.337191581726074 6.4373016357421875e-06
    vertex -21.908348083496094 -2.2294912338256836 6.4373016357421875e-06
  endloop
endfacet
facet normal 0.0 0.0 0.0
  outer loop
    vertex -21.908348083496094 -2.2294912338256836 6.4373016357421875e-06
    vertex -21.83293342590332 -2.337191581726074 6.4373016357421875e-06
    vertex -21.864242553710938 -2.30588436126709 6.4373016357421875e-06
  endloop
endfacet
facet normal 0.0 0.0 0.0
  outer loop
    vertex -21.908348083496094 -2.2294912338256836 6.4373016357421875e-06
    vertex -21.864242553710938 -2.30588436126709 6.4373016357421875e-06
    vertex -21.889636993408203 -2.2696142196655273 6.4373016357421875e-06
  endloop
endfacet
facet normal 0.0 0.0 0.0
  outer loop
    vertex -17.122549057006836 3.759570598602295 7.62939453125e-06
    vertex -17.336380004882812 3.8168673515319824 7.62939453125e-06
    vertex -14.801277160644531 40.00498580932617 1.3828277587890625e-05
  endloop
endfacet
facet normal 0.0 0.0 0.0
  outer loop
    vertex -14.801277160644531 40.00498580932617 1.3828277587890625e-05
    vertex -17.336380004882812 3.8168673515319824 7.62939453125e-06
    vertex -17.556913375854492 3.8361620903015137 7.62939453125e-06
  endloop
endfacet
facet normal 0.0 0.0 0.0
  outer loop
    vertex -14.801277160644531 40.00498580932617 1.3828277587890625e-05
    vertex -17.556913375854492 3.8361620903015137 7.62939453125e-06
    vertex -23.932247161865234 40.00498580932617 1.3828277587890625e-05
  endloop
endfacet
facet normal 0.0 0.0 0.0
  outer loop
    vertex -23.932247161865234 40.00498580932617 1.3828277587890625e-05
    vertex -17.556913375854492 3.8361620903015137 7.62939453125e-06
    vertex -21.559715270996094 3.8361620903015137 7.62939453125e-06
  endloop
endfacet
facet normal 0.0 0.0 0.0
  outer loop
    vertex -23.932247161865234 40.00498580932617 1.3828277587890625e-05
    vertex -21.559715270996094 3.8361620903015137 7.62939453125e-06
    vertex -21.780248641967773 3.8168673515319824 7.62939453125e-06
  endloop
endfacet
facet normal 0.0 0.0 0.0
  outer loop
    vertex -22.77400779724121 -2.9752986431121826 6.4373016357421875e-06
    vertex -22.75312614440918 -3.0532290935516357 6.4373016357421875e-06
    vertex -23.932247161865234 -2.9752986431121826 6.4373016357421875e-06
  endloop
endfacet
facet normal 0.0 0.0 0.0
  outer loop
    vertex -23.932247161865234 -2.9752986431121826 6.4373016357421875e-06
    vertex -22.75312614440918 -3.0532290935516357 6.4373016357421875e-06
    vertex -22.659568786621094 -3.2538669109344482 6.198883056640625e-06
  endloop
endfacet
facet normal 0.0 0.0 0.0
  outer loop
    vertex -23.932247161865234 -2.9752986431121826 6.4373016357421875e-06
    vertex -22.659568786621094 -3.2538669109344482 6.198883056640625e-06
    vertex -23.932247161865234 -40.00498580932617 -2.384185791015625e-07
  endloop
endfacet
facet normal 0.0 0.0 0.0
  outer loop
    vertex -23.932247161865234 -40.00498580932617 -2.384185791015625e-07
    vertex -22.659568786621094 -3.2538669109344482 6.198883056640625e-06
    vertex -22.5325927734375 -3.435206174850464 6.198883056640625e-06
  endloop
endfacet
facet normal 0.0 0.0 0.0
  outer loop
    vertex -22.5325927734375 -3.435206174850464 6.198883056640625e-06
    vertex -22.376056671142578 -3.5917420387268066 6.198883056640625e-06
    vertex -23.932247161865234 -40.00498580932617 -2.384185791015625e-07
  endloop
endfacet
facet normal 0.0 0.0 0.0
  outer loop
    vertex -23.932247161865234 -40.00498580932617 -2.384185791015625e-07
    vertex -22.376056671142578 -3.5917420387268066 6.198883056640625e-06
    vertex -22.19471549987793 -3.718721866607666 6.198883056640625e-06
  endloop
endfacet
facet normal 0.0 0.0 0.0
  outer loop
    vertex -23.932247161865234 -40.00498580932617 -2.384185791015625e-07
    vertex -22.19471549987793 -3.718721866607666 6.198883056640625e-06
    vertex -21.994081497192383 -3.812277317047119 6.198883056640625e-06
  endloop
endfacet
facet normal 0.0 0.0 0.0
  outer loop
    vertex -17.966060638427734 -3.8579964637756348 6.198883056640625e-06
    vertex -17.623929977416992 -3.7663216590881348 6.198883056640625e-06
    vertex -14.801277160644531 -40.00498580932617 -2.384185791015625e-07
  endloop
endfacet
facet normal 0.0 0.0 0.0
  outer loop
    vertex -14.801277160644531 -40.00498580932617 -2.384185791015625e-07
    vertex -17.623929977416992 -3.7663216590881348 6.198883056640625e-06
    vertex -17.302913665771484 -3.616629123687744 6.198883056640625e-06
  endloop
endfacet
facet normal 0.0 0.0 0.0
  outer loop
    vertex -14.801277160644531 -40.00498580932617 -2.384185791015625e-07
    vertex -17.302913665771484 -3.616629123687744 6.198883056640625e-06
    vertex -17.01276969909668 -3.4134700298309326 6.198883056640625e-06
  endloop
endfacet
facet normal 0.0 0.0 0.0
  outer loop
    vertex -17.01276969909668 -3.4134700298309326 6.198883056640625e-06
    vertex -16.762311935424805 -3.1630122661590576 6.198883056640625e-06
    vertex -14.801277160644531 -2.9752986431121826 6.4373016357421875e-06
  endloop
endfacet
facet normal 0.0 0.0 0.0
  outer loop
    vertex -14.801277160644531 -2.9752986431121826 6.4373016357421875e-06
    vertex -16.762311935424805 -3.1630122661590576 6.198883056640625e-06
    vertex -16.630876541137695 -2.9752986431121826 6.4373016357421875e-06
  endloop
endfacet
facet normal 0.0 0.0 0.0
  outer loop
    vertex -14.801277160644531 -2.9752986431121826 6.4373016357421875e-06
    vertex -16.630876541137695 -2.9752986431121826 6.4373016357421875e-06
    vertex -16.55915069580078 -2.87286639213562 6.4373016357421875e-06
  endloop
endfacet
facet normal 0.0 0.0 0.0
  outer loop
    vertex -21.994081497192383 -3.812277317047119 6.198883056640625e-06
    vertex -21.780248641967773 -3.869570255279541 6.198883056640625e-06
    vertex -23.932247161865234 -40.00498580932617 -2.384185791015625e-07
  endloop
endfacet
facet normal 0.0 0.0 0.0
  outer loop
    vertex -23.932247161865234 -40.00498580932617 -2.384185791015625e-07
    vertex -21.780248641967773 -3.869570255279541 6.198883056640625e-06
    vertex -21.559715270996094 -3.8888649940490723 6.198883056640625e-06
  endloop
endfacet
facet normal 0.0 0.0 0.0
  outer loop
    vertex -23.932247161865234 -40.00498580932617 -2.384185791015625e-07
    vertex -21.559715270996094 -3.8888649940490723 6.198883056640625e-06
    vertex -14.801277160644531 -40.00498580932617 -2.384185791015625e-07
  endloop
endfacet
facet normal 0.0 0.0 0.0
  outer loop
    vertex -14.801277160644531 -40.00498580932617 -2.384185791015625e-07
    vertex -21.559715270996094 -3.8888649940490723 6.198883056640625e-06
    vertex -18.31891441345215 -3.8888649940490723 6.198883056640625e-06
  endloop
endfacet
facet normal 0.0 0.0 0.0
  outer loop
    vertex -14.801277160644531 -40.00498580932617 -2.384185791015625e-07
    vertex -18.31891441345215 -3.8888649940490723 6.198883056640625e-06
    vertex -17.966060638427734 -3.8579964637756348 6.198883056640625e-06
  endloop
endfacet
facet normal 0.0 0.0 0.0
  outer loop
    vertex -12.274354934692383 -3.8888649940490723 6.198883056640625e-06
    vertex -12.274354934692383 -2.9752986431121826 6.4373016357421875e-06
    vertex -11.046152114868164 -2.9752986431121826 6.4373016357421875e-06
  endloop
endfacet
facet normal 0.0 0.0 0.0
  outer loop
    vertex -11.046152114868164 -2.9752986431121826 6.4373016357421875e-06
    vertex -12.274354934692383 -2.9752986431121826 6.4373016357421875e-06
    vertex -12.274354934692383 3.8361620903015137 7.62939453125e-06
  endloop
endfacet
facet normal 0.0 0.0 0.0
  outer loop
    vertex -14.801277160644531 -2.9752986431121826 6.4373016357421875e-06
    vertex -13.31563949584961 -2.9752986431121826 6.4373016357421875e-06
    vertex -13.31563949584961 -3.8888649940490723 6.198883056640625e-06
  endloop
endfacet
facet normal 0.0 0.0 0.0
  outer loop
    vertex -17.01276969909668 -3.4134700298309326 6.198883056640625e-06
    vertex -14.801277160644531 -2.9752986431121826 6.4373016357421875e-06
    vertex -14.801277160644531 -40.00498580932617 -2.384185791015625e-07
  endloop
endfacet
facet normal 0.0 0.0 0.0
  outer loop
    vertex -14.801277160644531 -40.00498580932617 -2.384185791015625e-07
    vertex -14.801277160644531 -2.9752986431121826 6.4373016357421875e-06
    vertex -13.31563949584961 -3.8888649940490723 6.198883056640625e-06
  endloop
endfacet
facet normal 0.0 0.0 0.0
  outer loop
    vertex -14.801277160644531 -40.00498580932617 -2.384185791015625e-07
    vertex -13.31563949584961 -3.8888649940490723 6.198883056640625e-06
    vertex -11.046152114868164 -40.00498580932617 -2.384185791015625e-07
  endloop
endfacet
facet normal 0.0 0.0 0.0
  outer loop
    vertex 0.8049774169921875 2.6712453365325928 7.3909759521484375e-06
    vertex 0.8905105590820312 2.6941640377044678 7.3909759521484375e-06
    vertex 3.196319580078125 0.34489864110946655 6.9141387939453125e-06
  endloop
endfacet
facet normal 0.0 0.0 0.0
  outer loop
    vertex 3.196319580078125 0.34489864110946655 6.9141387939453125e-06
    vertex 0.8905105590820312 2.6941640377044678 7.3909759521484375e-06
    vertex 4.659503936767578 2.1938858032226562 7.152557373046875e-06
  endloop
endfacet
facet normal 0.0 0.0 0.0
  outer loop
    vertex 3.196319580078125 0.34489864110946655 6.9141387939453125e-06
    vertex 4.659503936767578 2.1938858032226562 7.152557373046875e-06
    vertex 4.659503936767578 0.34489864110946655 6.9141387939453125e-06
  endloop
endfacet
facet normal 0.0 0.0 0.0
  outer loop
    vertex 0.4784393310546875 -2.607172727584839 6.4373016357421875e-06
    vertex 0.47072601318359375 -2.5189616680145264 6.4373016357421875e-06
    vertex 3.196319580078125 -0.7043831944465637 6.67572021484375e-06
  endloop
endfacet
facet normal 0.0 0.0 0.0
  outer loop
    vertex 5.5609588623046875 -3.1268680095672607 6.4373016357421875e-06
    vertex 5.631633758544922 -2.9752986431121826 6.4373016357421875e-06
    vertex 6.798542022705078 -2.9752986431121826 6.4373016357421875e-06
  endloop
endfacet
facet normal 0.0 0.0 0.0
  outer loop
    vertex 6.798542022705078 -2.9752986431121826 6.4373016357421875e-06
    vertex 5.631633758544922 -2.9752986431121826 6.4373016357421875e-06
    vertex 5.673225402832031 -2.8861072063446045 6.4373016357421875e-06
  endloop
endfacet
facet normal 0.0 0.0 0.0
  outer loop
    vertex 6.798542022705078 -2.9752986431121826 6.4373016357421875e-06
    vertex 5.673225402832031 -2.8861072063446045 6.4373016357421875e-06
    vertex 5.741981506347656 -2.6295039653778076 6.4373016357421875e-06
  endloop
endfacet
facet normal 0.0 0.0 0.0
  outer loop
    vertex 5.741981506347656 -2.6295039653778076 6.4373016357421875e-06
    vertex 5.765132904052734 -2.3648672103881836 6.4373016357421875e-06
    vertex 6.798542022705078 -2.9752986431121826 6.4373016357421875e-06
  endloop
endfacet
facet normal 0.0 0.0 0.0
  outer loop
    vertex 6.798542022705078 -2.9752986431121826 6.4373016357421875e-06
    vertex 5.765132904052734 -2.3648672103881836 6.4373016357421875e-06
    vertex 5.765132904052734 -2.254672050476074 6.4373016357421875e-06
  endloop
endfacet
facet normal 0.0 0.0 0.0
  outer loop
    vertex 6.798542022705078 -2.9752986431121826 6.4373016357421875e-06
    vertex 5.765132904052734 -2.254672050476074 6.4373016357421875e-06
    vertex 6.798542022705078 40.00498580932617 1.3828277587890625e-05
  endloop
endfacet
facet normal 0.0 0.0 0.0
  outer loop
    vertex 4.540653228759766 -2.8454959392547607 6.4373016357421875e-06
    vertex 4.478038787841797 -2.9081103801727295 6.4373016357421875e-06
    vertex 4.4055023193359375 -2.9589030742645264 6.4373016357421875e-06
  endloop
endfacet
facet normal 0.0 0.0 0.0
  outer loop
    vertex 0.8905105590820312 2.6941640377044678 7.3909759521484375e-06
    vertex 0.9787254333496094 2.7018849849700928 7.3909759521484375e-06
    vertex 4.659503936767578 2.1938858032226562 7.152557373046875e-06
  endloop
endfacet
facet normal 0.0 0.0 0.0
  outer loop
    vertex 4.659503936767578 2.1938858032226562 7.152557373046875e-06
    vertex 0.9787254333496094 2.7018849849700928 7.3909759521484375e-06
    vertex 4.151500701904297 2.7018849849700928 7.3909759521484375e-06
  endloop
endfacet
facet normal 0.0 0.0 0.0
  outer loop
    vertex 4.659503936767578 2.1938858032226562 7.152557373046875e-06
    vertex 4.151500701904297 2.7018849849700928 7.3909759521484375e-06
    vertex 4.239715576171875 2.6941640377044678 7.3909759521484375e-06
  endloop
endfacet
facet normal 0.0 0.0 0.0
  outer loop
    vertex 3.196319580078125 -0.7043831944465637 6.67572021484375e-06
    vertex 0.47072601318359375 -2.5189616680145264 6.4373016357421875e-06
    vertex 3.196319580078125 0.34489864110946655 6.9141387939453125e-06
  endloop
endfacet
facet normal 0.0 0.0 0.0
  outer loop
    vertex 3.196319580078125 0.34489864110946655 6.9141387939453125e-06
    vertex 0.47072601318359375 -2.5189616680145264 6.4373016357421875e-06
    vertex 0.47072601318359375 2.1938858032226562 7.152557373046875e-06
  endloop
endfacet
facet normal 0.0 0.0 0.0
  outer loop
    vertex 3.196319580078125 0.34489864110946655 6.9141387939453125e-06
    vertex 0.47072601318359375 2.1938858032226562 7.152557373046875e-06
    vertex 0.4784393310546875 2.2820968627929688 7.152557373046875e-06
  endloop
endfacet
facet normal 0.0 0.0 0.0
  outer loop
    vertex 0.4784393310546875 2.2820968627929688 7.152557373046875e-06
    vertex 0.5013580322265625 2.367626190185547 7.3909759521484375e-06
    vertex 3.196319580078125 0.34489864110946655 6.9141387939453125e-06
  endloop
endfacet
facet normal 0.0 0.0 0.0
  outer loop
    vertex 3.196319580078125 0.34489864110946655 6.9141387939453125e-06
    vertex 0.5013580322265625 2.367626190185547 7.3909759521484375e-06
    vertex 0.5387840270996094 2.4478836059570312 7.3909759521484375e-06
  endloop
endfacet
facet normal 0.0 0.0 0.0
  outer loop
    vertex 3.196319580078125 0.34489864110946655 6.9141387939453125e-06
    vertex 0.5387840270996094 2.4478836059570312 7.3909759521484375e-06
    vertex 0.5895729064941406 2.520416021347046 7.3909759521484375e-06
  endloop
endfacet
facet normal 0.0 0.0 0.0
  outer loop
    vertex 0.7598915100097656 -2.9752986431121826 6.4373016357421875e-06
    vertex 0.7247238159179688 -2.9589030742645264 6.4373016357421875e-06
    vertex 3.196319580078125 -0.7043831944465637 6.67572021484375e-06
  endloop
endfacet
facet normal 0.0 0.0 0.0
  outer loop
    vertex 3.196319580078125 -0.7043831944465637 6.67572021484375e-06
    vertex 0.7247238159179688 -2.9589030742645264 6.4373016357421875e-06
    vertex 0.6521873474121094 -2.9081103801727295 6.4373016357421875e-06
  endloop
endfacet
facet normal 0.0 0.0 0.0
  outer loop
    vertex 3.196319580078125 -0.7043831944465637 6.67572021484375e-06
    vertex 0.6521873474121094 -2.9081103801727295 6.4373016357421875e-06
    vertex 0.5895729064941406 -2.8454959392547607 6.4373016357421875e-06
  endloop
endfacet
facet normal 0.0 0.0 0.0
  outer loop
    vertex 0.5895729064941406 2.520416021347046 7.3909759521484375e-06
    vertex 0.6521873474121094 2.5830304622650146 7.3909759521484375e-06
    vertex 3.196319580078125 0.34489864110946655 6.9141387939453125e-06
  endloop
endfacet
facet normal 0.0 0.0 0.0
  outer loop
    vertex 3.196319580078125 0.34489864110946655 6.9141387939453125e-06
    vertex 0.6521873474121094 2.5830304622650146 7.3909759521484375e-06
    vertex 0.7247238159179688 2.6338231563568115 7.3909759521484375e-06
  endloop
endfacet
facet normal 0.0 0.0 0.0
  outer loop
    vertex 3.196319580078125 0.34489864110946655 6.9141387939453125e-06
    vertex 0.7247238159179688 2.6338231563568115 7.3909759521484375e-06
    vertex 0.8049774169921875 2.6712453365325928 7.3909759521484375e-06
  endloop
endfacet
facet normal 0.0 0.0 0.0
  outer loop
    vertex 4.659503936767578 2.1938858032226562 7.152557373046875e-06
    vertex 4.478038787841797 2.5830304622650146 7.3909759521484375e-06
    vertex 4.540653228759766 2.520416021347046 7.3909759521484375e-06
  endloop
endfacet
facet normal 0.0 0.0 0.0
  outer loop
    vertex 0.5895729064941406 -2.8454959392547607 6.4373016357421875e-06
    vertex 0.5387840270996094 -2.7729594707489014 6.4373016357421875e-06
    vertex 3.196319580078125 -0.7043831944465637 6.67572021484375e-06
  endloop
endfacet
facet normal 0.0 0.0 0.0
  outer loop
    vertex 3.196319580078125 -0.7043831944465637 6.67572021484375e-06
    vertex 0.5387840270996094 -2.7729594707489014 6.4373016357421875e-06
    vertex 0.5013580322265625 -2.6927058696746826 6.4373016357421875e-06
  endloop
endfacet
facet normal 0.0 0.0 0.0
  outer loop
    vertex 3.196319580078125 -0.7043831944465637 6.67572021484375e-06
    vertex 0.5013580322265625 -2.6927058696746826 6.4373016357421875e-06
    vertex 0.4784393310546875 -2.607172727584839 6.4373016357421875e-06
  endloop
endfacet
facet normal 0.0 0.0 0.0
  outer loop
    vertex -2.3442230224609375 40.00498580932617 1.3828277587890625e-05
    vertex -0.739532470703125 3.4796102046966553 7.3909759521484375e-06
    vertex -0.9273757934570312 3.2917706966400146 7.3909759521484375e-06
  endloop
endfacet
facet normal 0.0 0.0 0.0
  outer loop
    vertex 4.651786804199219 -2.607172727584839 6.4373016357421875e-06
    vertex 4.628868103027344 -2.6927058696746826 6.4373016357421875e-06
    vertex 4.4055023193359375 -2.9589030742645264 6.4373016357421875e-06
  endloop
endfacet
facet normal 0.0 0.0 0.0
  outer loop
    vertex 4.4055023193359375 -2.9589030742645264 6.4373016357421875e-06
    vertex 4.628868103027344 -2.6927058696746826 6.4373016357421875e-06
    vertex 4.591442108154297 -2.7729594707489014 6.4373016357421875e-06
  endloop
endfacet
facet normal 0.0 0.0 0.0
  outer loop
    vertex 4.4055023193359375 -2.9589030742645264 6.4373016357421875e-06
    vertex 4.591442108154297 -2.7729594707489014 6.4373016357421875e-06
    vertex 4.540653228759766 -2.8454959392547607 6.4373016357421875e-06
  endloop
endfacet
facet normal 0.0 0.0 0.0
  outer loop
    vertex 4.239715576171875 2.6941640377044678 7.3909759521484375e-06
    vertex 4.325248718261719 2.6712453365325928 7.3909759521484375e-06
    vertex 4.659503936767578 2.1938858032226562 7.152557373046875e-06
  endloop
endfacet
facet normal 0.0 0.0 0.0
  outer loop
    vertex 4.659503936767578 2.1938858032226562 7.152557373046875e-06
    vertex 4.325248718261719 2.6712453365325928 7.3909759521484375e-06
    vertex 4.4055023193359375 2.6338231563568115 7.3909759521484375e-06
  endloop
endfacet
facet normal 0.0 0.0 0.0
  outer loop
    vertex 4.659503936767578 2.1938858032226562 7.152557373046875e-06
    vertex 4.4055023193359375 2.6338231563568115 7.3909759521484375e-06
    vertex 4.478038787841797 2.5830304622650146 7.3909759521484375e-06
  endloop
endfacet
facet normal 0.0 0.0 0.0
  outer loop
    vertex 4.659503936767578 -2.5189616680145264 6.4373016357421875e-06
    vertex 0.7598915100097656 -2.9752986431121826 6.4373016357421875e-06
    vertex 4.659503936767578 -2.254672050476074 6.4373016357421875e-06
  endloop
endfacet
facet normal 0.0 0.0 0.0
  outer loop
    vertex 4.659503936767578 -2.254672050476074 6.4373016357421875e-06
    vertex 0.7598915100097656 -2.9752986431121826 6.4373016357421875e-06
    vertex 3.196319580078125 -0.7043831944465637 6.67572021484375e-06
  endloop
endfacet
facet normal 0.0 0.0 0.0
  outer loop
    vertex 4.659503936767578 -2.254672050476074 6.4373016357421875e-06
    vertex 3.196319580078125 -0.7043831944465637 6.67572021484375e-06
    vertex 5.765132904052734 -2.254672050476074 6.4373016357421875e-06
  endloop
endfacet
facet normal 0.0 0.0 0.0
  outer loop
    vertex 5.765132904052734 -2.254672050476074 6.4373016357421875e-06
    vertex 3.196319580078125 -0.7043831944465637 6.67572021484375e-06
    vertex 5.765132904052734 -0.7043831944465637 6.67572021484375e-06
  endloop
endfacet
facet normal 0.0 0.0 0.0
  outer loop
    vertex 5.765132904052734 -2.254672050476074 6.4373016357421875e-06
    vertex 5.765132904052734 -0.7043831944465637 6.67572021484375e-06
    vertex 6.798542022705078 40.00498580932617 1.3828277587890625e-05
  endloop
endfacet
facet normal 0.0 0.0 0.0
  outer loop
    vertex 6.798542022705078 40.00498580932617 1.3828277587890625e-05
    vertex 5.765132904052734 -0.7043831944465637 6.67572021484375e-06
    vertex 5.765132904052734 2.3121604919433594 7.3909759521484375e-06
  endloop
endfacet
facet normal 0.0 0.0 0.0
  outer loop
    vertex 6.798542022705078 40.00498580932617 1.3828277587890625e-05
    vertex 5.765132904052734 2.3121604919433594 7.3909759521484375e-06
    vertex 5.741981506347656 2.576801061630249 7.3909759521484375e-06
  endloop
endfacet
facet normal 0.0 0.0 0.0
  outer loop
    vertex 5.741981506347656 2.576801061630249 7.3909759521484375e-06
    vertex 5.673225402832031 2.8334004878997803 7.3909759521484375e-06
    vertex 6.798542022705078 40.00498580932617 1.3828277587890625e-05
  endloop
endfacet
facet normal 0.0 0.0 0.0
  outer loop
    vertex 6.798542022705078 40.00498580932617 1.3828277587890625e-05
    vertex 5.673225402832031 2.8334004878997803 7.3909759521484375e-06
    vertex 5.5609588623046875 3.0741612911224365 7.3909759521484375e-06
  endloop
endfacet
facet normal 0.0 0.0 0.0
  outer loop
    vertex 6.798542022705078 40.00498580932617 1.3828277587890625e-05
    vertex 5.5609588623046875 3.0741612911224365 7.3909759521484375e-06
    vertex 5.4085845947265625 3.2917706966400146 7.3909759521484375e-06
  endloop
endfacet
facet normal 0.0 0.0 0.0
  outer loop
    vertex -0.9273757934570312 3.2917706966400146 7.3909759521484375e-06
    vertex -1.0797462463378906 3.0741612911224365 7.3909759521484375e-06
    vertex -2.3442230224609375 40.00498580932617 1.3828277587890625e-05
  endloop
endfacet
facet normal 0.0 0.0 0.0
  outer loop
    vertex -2.3442230224609375 40.00498580932617 1.3828277587890625e-05
    vertex -1.0797462463378906 3.0741612911224365 7.3909759521484375e-06
    vertex -1.1920127868652344 2.8334004878997803 7.3909759521484375e-06
  endloop
endfacet
facet normal 0.0 0.0 0.0
  outer loop
    vertex -2.3442230224609375 40.00498580932617 1.3828277587890625e-05
    vertex -1.1920127868652344 2.8334004878997803 7.3909759521484375e-06
    vertex -1.260772705078125 2.576801061630249 7.3909759521484375e-06
  endloop
endfacet
facet normal 0.0 0.0 0.0
  outer loop
    vertex 4.540653228759766 2.520416021347046 7.3909759521484375e-06
    vertex 4.591442108154297 2.4478836059570312 7.3909759521484375e-06
    vertex 4.659503936767578 2.1938858032226562 7.152557373046875e-06
  endloop
endfacet
facet normal 0.0 0.0 0.0
  outer loop
    vertex 4.659503936767578 2.1938858032226562 7.152557373046875e-06
    vertex 4.591442108154297 2.4478836059570312 7.3909759521484375e-06
    vertex 4.628868103027344 2.367626190185547 7.3909759521484375e-06
  endloop
endfacet
facet normal 0.0 0.0 0.0
  outer loop
    vertex 4.659503936767578 2.1938858032226562 7.152557373046875e-06
    vertex 4.628868103027344 2.367626190185547 7.3909759521484375e-06
    vertex 4.651786804199219 2.2820968627929688 7.152557373046875e-06
  endloop
endfacet
facet normal 0.0 0.0 0.0
  outer loop
    vertex 5.4085845947265625 3.2917706966400146 7.3909759521484375e-06
    vertex 5.220741271972656 3.4796102046966553 7.3909759521484375e-06
    vertex 6.798542022705078 40.00498580932617 1.3828277587890625e-05
  endloop
endfacet
facet normal 0.0 0.0 0.0
  outer loop
    vertex 6.798542022705078 40.00498580932617 1.3828277587890625e-05
    vertex 5.220741271972656 3.4796102046966553 7.3909759521484375e-06
    vertex 5.003131866455078 3.631984233856201 7.3909759521484375e-06
  endloop
endfacet
facet normal 0.0 0.0 0.0
  outer loop
    vertex 6.798542022705078 40.00498580932617 1.3828277587890625e-05
    vertex 5.003131866455078 3.631984233856201 7.3909759521484375e-06
    vertex 4.762371063232422 3.7442545890808105 7.62939453125e-06
  endloop
endfacet
facet normal 0.0 0.0 0.0
  outer loop
    vertex -0.024562835693359375 3.81300687789917 7.62939453125e-06
    vertex -0.2811622619628906 3.7442545890808105 7.62939453125e-06
    vertex -2.3442230224609375 40.00498580932617 1.3828277587890625e-05
  endloop
endfacet
facet normal 0.0 0.0 0.0
  outer loop
    vertex -2.3442230224609375 40.00498580932617 1.3828277587890625e-05
    vertex -0.2811622619628906 3.7442545890808105 7.62939453125e-06
    vertex -0.5219230651855469 3.631984233856201 7.3909759521484375e-06
  endloop
endfacet
facet normal 0.0 0.0 0.0
  outer loop
    vertex -2.3442230224609375 40.00498580932617 1.3828277587890625e-05
    vertex -0.5219230651855469 3.631984233856201 7.3909759521484375e-06
    vertex -0.739532470703125 3.4796102046966553 7.3909759521484375e-06
  endloop
endfacet
facet normal 0.0 0.0 0.0
  outer loop
    vertex -1.2839241027832031 2.3121604919433594 7.3909759521484375e-06
    vertex -1.2839241027832031 -2.3648672103881836 6.4373016357421875e-06
    vertex -2.3442230224609375 -2.9752986431121826 6.4373016357421875e-06
  endloop
endfacet
facet normal 0.0 0.0 0.0
  outer loop
    vertex -2.3442230224609375 -2.9752986431121826 6.4373016357421875e-06
    vertex -1.2839241027832031 -2.3648672103881836 6.4373016357421875e-06
    vertex -1.260772705078125 -2.6295039653778076 6.4373016357421875e-06
  endloop
endfacet
facet normal 0.0 0.0 0.0
  outer loop
    vertex -2.3442230224609375 -2.9752986431121826 6.4373016357421875e-06
    vertex -1.260772705078125 -2.6295039653778076 6.4373016357421875e-06
    vertex -1.1920127868652344 -2.8861072063446045 6.4373016357421875e-06
  endloop
endfacet
facet normal 0.0 0.0 0.0
  outer loop
    vertex 4.762371063232422 3.7442545890808105 7.62939453125e-06
    vertex 4.505771636962891 3.81300687789917 7.62939453125e-06
    vertex 6.798542022705078 40.00498580932617 1.3828277587890625e-05
  endloop
endfacet
facet normal 0.0 0.0 0.0
  outer loop
    vertex 6.798542022705078 40.00498580932617 1.3828277587890625e-05
    vertex 4.505771636962891 3.81300687789917 7.62939453125e-06
    vertex 4.241130828857422 3.8361620903015137 7.62939453125e-06
  endloop
endfacet
facet normal 0.0 0.0 0.0
  outer loop
    vertex 6.798542022705078 40.00498580932617 1.3828277587890625e-05
    vertex 4.241130828857422 3.8361620903015137 7.62939453125e-06
    vertex -2.3442230224609375 40.00498580932617 1.3828277587890625e-05
  endloop
endfacet
facet normal 0.0 0.0 0.0
  outer loop
    vertex -2.3442230224609375 40.00498580932617 1.3828277587890625e-05
    vertex 4.241130828857422 3.8361620903015137 7.62939453125e-06
    vertex 0.24007797241210938 3.8361620903015137 7.62939453125e-06
  endloop
endfacet
facet normal 0.0 0.0 0.0
  outer loop
    vertex -2.3442230224609375 40.00498580932617 1.3828277587890625e-05
    vertex 0.24007797241210938 3.8361620903015137 7.62939453125e-06
    vertex -0.024562835693359375 3.81300687789917 7.62939453125e-06
  endloop
endfacet
facet normal 0.0 0.0 0.0
  outer loop
    vertex 4.505771636962891 -3.865713596343994 6.198883056640625e-06
    vertex 4.762371063232422 -3.796957492828369 6.198883056640625e-06
    vertex 6.798542022705078 -40.00498580932617 -2.384185791015625e-07
  endloop
endfacet
facet normal 0.0 0.0 0.0
  outer loop
    vertex -0.9273757934570312 -3.3444736003875732 6.198883056640625e-06
    vertex -2.3442230224609375 -40.00498580932617 -2.384185791015625e-07
    vertex -1.0797462463378906 -3.1268680095672607 6.4373016357421875e-06
  endloop
endfacet
facet normal 0.0 0.0 0.0
  outer loop
    vertex -1.0797462463378906 -3.1268680095672607 6.4373016357421875e-06
    vertex -2.3442230224609375 -40.00498580932617 -2.384185791015625e-07
    vertex -2.3442230224609375 -2.9752986431121826 6.4373016357421875e-06
  endloop
endfacet
facet normal 0.0 0.0 0.0
  outer loop
    vertex -1.0797462463378906 -3.1268680095672607 6.4373016357421875e-06
    vertex -2.3442230224609375 -2.9752986431121826 6.4373016357421875e-06
    vertex -1.1504249572753906 -2.9752986431121826 6.4373016357421875e-06
  endloop
endfacet
facet normal 0.0 0.0 0.0
  outer loop
    vertex -1.1504249572753906 -2.9752986431121826 6.4373016357421875e-06
    vertex -2.3442230224609375 -2.9752986431121826 6.4373016357421875e-06
    vertex -1.1920127868652344 -2.8861072063446045 6.4373016357421875e-06
  endloop
endfacet
facet normal 0.0 0.0 0.0
  outer loop
    vertex -0.9273757934570312 -3.3444736003875732 6.198883056640625e-06
    vertex -0.739532470703125 -3.5323166847229004 6.198883056640625e-06
    vertex -2.3442230224609375 -40.00498580932617 -2.384185791015625e-07
  endloop
endfacet
facet normal 0.0 0.0 0.0
  outer loop
    vertex -2.3442230224609375 -40.00498580932617 -2.384185791015625e-07
    vertex -0.739532470703125 -3.5323166847229004 6.198883056640625e-06
    vertex -0.5219230651855469 -3.6846909523010254 6.198883056640625e-06
  endloop
endfacet
facet normal 0.0 0.0 0.0
  outer loop
    vertex -2.3442230224609375 -40.00498580932617 -2.384185791015625e-07
    vertex -0.5219230651855469 -3.6846909523010254 6.198883056640625e-06
    vertex -0.2811622619628906 -3.796957492828369 6.198883056640625e-06
  endloop
endfacet
facet normal 0.0 0.0 0.0
  outer loop
    vertex 4.762371063232422 -3.796957492828369 6.198883056640625e-06
    vertex 5.003131866455078 -3.6846909523010254 6.198883056640625e-06
    vertex 6.798542022705078 -40.00498580932617 -2.384185791015625e-07
  endloop
endfacet
facet normal 0.0 0.0 0.0
  outer loop
    vertex 6.798542022705078 -40.00498580932617 -2.384185791015625e-07
    vertex 5.003131866455078 -3.6846909523010254 6.198883056640625e-06
    vertex 5.220741271972656 -3.5323166847229004 6.198883056640625e-06
  endloop
endfacet
facet normal 0.0 0.0 0.0
  outer loop
    vertex 6.798542022705078 -40.00498580932617 -2.384185791015625e-07
    vertex 5.220741271972656 -3.5323166847229004 6.198883056640625e-06
    vertex 5.4085845947265625 -3.3444736003875732 6.198883056640625e-06
  endloop
endfacet
facet normal 0.0 0.0 0.0
  outer loop
    vertex -0.2811622619628906 -3.796957492828369 6.198883056640625e-06
    vertex -0.024562835693359375 -3.865713596343994 6.198883056640625e-06
    vertex -2.3442230224609375 -40.00498580932617 -2.384185791015625e-07
  endloop
endfacet
facet normal 0.0 0.0 0.0
  outer loop
    vertex -2.3442230224609375 -40.00498580932617 -2.384185791015625e-07
    vertex -0.024562835693359375 -3.865713596343994 6.198883056640625e-06
    vertex 0.24007797241210938 -3.8888649940490723 6.198883056640625e-06
  endloop
endfacet
facet normal 0.0 0.0 0.0
  outer loop
    vertex -2.3442230224609375 -40.00498580932617 -2.384185791015625e-07
    vertex 0.24007797241210938 -3.8888649940490723 6.198883056640625e-06
    vertex 6.798542022705078 -40.00498580932617 -2.384185791015625e-07
  endloop
endfacet
facet normal 0.0 0.0 0.0
  outer loop
    vertex 6.798542022705078 -40.00498580932617 -2.384185791015625e-07
    vertex 0.24007797241210938 -3.8888649940490723 6.198883056640625e-06
    vertex 4.241130828857422 -3.8888649940490723 6.198883056640625e-06
  endloop
endfacet
facet normal 0.0 0.0 0.0
  outer loop
    vertex 6.798542022705078 -40.00498580932617 -2.384185791015625e-07
    vertex 4.241130828857422 -3.8888649940490723 6.198883056640625e-06
    vertex 4.505771636962891 -3.865713596343994 6.198883056640625e-06
  endloop
endfacet
facet normal 0.0 0.0 0.0
  outer loop
    vertex 0.7598915100097656 -2.9752986431121826 6.4373016357421875e-06
    vertex 0.9787254333496094 -3.026961088180542 6.4373016357421875e-06
    vertex 0.8049774169921875 -2.996321439743042 6.4373016357421875e-06
  endloop
endfacet
facet normal 0.0 0.0 0.0
  outer loop
    vertex 0.8049774169921875 -2.996321439743042 6.4373016357421875e-06
    vertex 0.9787254333496094 -3.026961088180542 6.4373016357421875e-06
    vertex 0.8905105590820312 -3.019240140914917 6.4373016357421875e-06
  endloop
endfacet
facet normal 0.0 0.0 0.0
  outer loop
    vertex 4.151500701904297 -3.026961088180542 6.4373016357421875e-06
    vertex 4.370338439941406 -2.9752986431121826 6.4373016357421875e-06
    vertex 4.239715576171875 -3.019240140914917 6.4373016357421875e-06
  endloop
endfacet
facet normal 0.0 0.0 0.0
  outer loop
    vertex 4.239715576171875 -3.019240140914917 6.4373016357421875e-06
    vertex 4.370338439941406 -2.9752986431121826 6.4373016357421875e-06
    vertex 4.325248718261719 -2.996321439743042 6.4373016357421875e-06
  endloop
endfacet
facet normal 0.0 0.0 0.0
  outer loop
    vertex 4.151500701904297 -3.026961088180542 6.4373016357421875e-06
    vertex 0.9787254333496094 -3.026961088180542 6.4373016357421875e-06
    vertex 4.370338439941406 -2.9752986431121826 6.4373016357421875e-06
  endloop
endfacet
facet normal 0.0 0.0 0.0
  outer loop
    vertex 4.370338439941406 -2.9752986431121826 6.4373016357421875e-06
    vertex 0.9787254333496094 -3.026961088180542 6.4373016357421875e-06
    vertex 0.7598915100097656 -2.9752986431121826 6.4373016357421875e-06
  endloop
endfacet
facet normal 0.0 0.0 0.0
  outer loop
    vertex 4.370338439941406 -2.9752986431121826 6.4373016357421875e-06
    vertex 0.7598915100097656 -2.9752986431121826 6.4373016357421875e-06
    vertex 4.4055023193359375 -2.9589030742645264 6.4373016357421875e-06
  endloop
endfacet
facet normal 0.0 0.0 0.0
  outer loop
    vertex 4.4055023193359375 -2.9589030742645264 6.4373016357421875e-06
    vertex 0.7598915100097656 -2.9752986431121826 6.4373016357421875e-06
    vertex 4.659503936767578 -2.5189616680145264 6.4373016357421875e-06
  endloop
endfacet
facet normal 0.0 0.0 0.0
  outer loop
    vertex 4.4055023193359375 -2.9589030742645264 6.4373016357421875e-06
    vertex 4.659503936767578 -2.5189616680145264 6.4373016357421875e-06
    vertex 4.651786804199219 -2.607172727584839 6.4373016357421875e-06
  endloop
endfacet
facet normal 0.0 0.0 0.0
  outer loop
    vertex 14.82464599609375 -2.9752986431121826 6.4373016357421875e-06
    vertex 13.702877044677734 -2.9752986431121826 6.4373016357421875e-06
    vertex 13.702877044677734 -2.3648672103881836 6.4373016357421875e-06
  endloop
endfacet
facet normal 0.0 0.0 0.0
  outer loop
    vertex 13.702877044677734 2.838184118270874 7.3909759521484375e-06
    vertex 13.702877044677734 3.8361620903015137 7.62939453125e-06
    vertex 14.82464599609375 40.00498580932617 1.3828277587890625e-05
  endloop
endfacet
facet normal 0.0 0.0 0.0
  outer loop
    vertex 8.974842071533203 -2.3648672103881836 6.4373016357421875e-06
    vertex 8.974842071533203 -0.6899827122688293 6.67572021484375e-06
    vertex 13.702877044677734 -2.3648672103881836 6.4373016357421875e-06
  endloop
endfacet
facet normal 0.0 0.0 0.0
  outer loop
    vertex 13.702877044677734 -2.3648672103881836 6.4373016357421875e-06
    vertex 8.974842071533203 -0.6899827122688293 6.67572021484375e-06
    vertex 12.030834197998047 -0.6899827122688293 6.67572021484375e-06
  endloop
endfacet
facet normal 0.0 0.0 0.0
  outer loop
    vertex 13.702877044677734 -2.3648672103881836 6.4373016357421875e-06
    vertex 12.030834197998047 -0.6899827122688293 6.67572021484375e-06
    vertex 12.030834197998047 0.6024974584579468 6.9141387939453125e-06
  endloop
endfacet
facet normal 0.0 0.0 0.0
  outer loop
    vertex 14.82464599609375 40.00498580932617 1.3828277587890625e-05
    vertex 13.702877044677734 3.8361620903015137 7.62939453125e-06
    vertex 6.798542022705078 40.00498580932617 1.3828277587890625e-05
  endloop
endfacet
facet normal 0.0 0.0 0.0
  outer loop
    vertex 6.798542022705078 40.00498580932617 1.3828277587890625e-05
    vertex 13.702877044677734 3.8361620903015137 7.62939453125e-06
    vertex 7.831947326660156 3.8361620903015137 7.62939453125e-06
  endloop
endfacet
facet normal 0.0 0.0 0.0
  outer loop
    vertex 6.798542022705078 40.00498580932617 1.3828277587890625e-05
    vertex 7.831947326660156 3.8361620903015137 7.62939453125e-06
    vertex 6.798542022705078 -2.9752986431121826 6.4373016357421875e-06
  endloop
endfacet
facet normal 0.0 0.0 0.0
  outer loop
    vertex 6.798542022705078 -2.9752986431121826 6.4373016357421875e-06
    vertex 7.831947326660156 3.8361620903015137 7.62939453125e-06
    vertex 7.831947326660156 -2.9752986431121826 6.4373016357421875e-06
  endloop
endfacet
facet normal 0.0 0.0 0.0
  outer loop
    vertex 6.798542022705078 -2.9752986431121826 6.4373016357421875e-06
    vertex 7.831947326660156 -2.9752986431121826 6.4373016357421875e-06
    vertex 7.831947326660156 -3.8888649940490723 6.198883056640625e-06
  endloop
endfacet
facet normal 0.0 0.0 0.0
  outer loop
    vertex 13.702877044677734 -3.8888649940490723 6.198883056640625e-06
    vertex 14.82464599609375 -40.00498580932617 -2.384185791015625e-07
    vertex 7.831947326660156 -3.8888649940490723 6.198883056640625e-06
  endloop
endfacet
facet normal 0.0 0.0 0.0
  outer loop
    vertex 7.831947326660156 -3.8888649940490723 6.198883056640625e-06
    vertex 14.82464599609375 -40.00498580932617 -2.384185791015625e-07
    vertex 6.798542022705078 -40.00498580932617 -2.384185791015625e-07
  endloop
endfacet
facet normal 0.0 0.0 0.0
  outer loop
    vertex 7.831947326660156 -3.8888649940490723 6.198883056640625e-06
    vertex 6.798542022705078 -40.00498580932617 -2.384185791015625e-07
    vertex 6.798542022705078 -2.9752986431121826 6.4373016357421875e-06
  endloop
endfacet
facet normal 0.0 0.0 0.0
  outer loop
    vertex 6.798542022705078 -2.9752986431121826 6.4373016357421875e-06
    vertex 6.798542022705078 -40.00498580932617 -2.384185791015625e-07
    vertex 5.4085845947265625 -3.3444736003875732 6.198883056640625e-06
  endloop
endfacet
facet normal 0.0 0.0 0.0
  outer loop
    vertex 6.798542022705078 -2.9752986431121826 6.4373016357421875e-06
    vertex 5.4085845947265625 -3.3444736003875732 6.198883056640625e-06
    vertex 5.5609588623046875 -3.1268680095672607 6.4373016357421875e-06
  endloop
endfacet
facet normal 0.0 0.0 0.0
  outer loop
    vertex 14.82464599609375 -2.9752986431121826 6.4373016357421875e-06
    vertex 15.946414947509766 -2.9752986431121826 6.4373016357421875e-06
    vertex 15.946414947509766 -3.8888649940490723 6.198883056640625e-06
  endloop
endfacet
facet normal 0.0 0.0 0.0
  outer loop
    vertex 20.755786895751953 -3.8888649940490723 6.198883056640625e-06
    vertex 23.65728759765625 -40.00498580932617 -2.384185791015625e-07
    vertex 15.946414947509766 -3.8888649940490723 6.198883056640625e-06
  endloop
endfacet
facet normal 0.0 0.0 0.0
  outer loop
    vertex 15.946414947509766 -3.8888649940490723 6.198883056640625e-06
    vertex 23.65728759765625 -40.00498580932617 -2.384185791015625e-07
    vertex 14.82464599609375 -40.00498580932617 -2.384185791015625e-07
  endloop
endfacet
facet normal 0.0 0.0 0.0
  outer loop
    vertex 15.946414947509766 -3.8888649940490723 6.198883056640625e-06
    vertex 14.82464599609375 -40.00498580932617 -2.384185791015625e-07
    vertex 14.82464599609375 -2.9752986431121826 6.4373016357421875e-06
  endloop
endfacet
facet normal 0.0 0.0 0.0
  outer loop
    vertex 14.82464599609375 -2.9752986431121826 6.4373016357421875e-06
    vertex 14.82464599609375 -40.00498580932617 -2.384185791015625e-07
    vertex 13.702877044677734 -3.8888649940490723 6.198883056640625e-06
  endloop
endfacet
facet normal 0.0 0.0 0.0
  outer loop
    vertex 14.82464599609375 -2.9752986431121826 6.4373016357421875e-06
    vertex 13.702877044677734 -3.8888649940490723 6.198883056640625e-06
    vertex 13.702877044677734 -2.9752986431121826 6.4373016357421875e-06
  endloop
endfacet
facet normal 0.0 0.0 0.0
  outer loop
    vertex 20.755786895751953 -3.8888649940490723 6.198883056640625e-06
    vertex 21.020427703857422 -3.865713596343994 6.198883056640625e-06
    vertex 23.65728759765625 -40.00498580932617 -2.384185791015625e-07
  endloop
endfacet
facet normal 0.0 0.0 0.0
  outer loop
    vertex 23.65728759765625 -40.00498580932617 -2.384185791015625e-07
    vertex 21.020427703857422 -3.865713596343994 6.198883056640625e-06
    vertex 21.277027130126953 -3.796957492828369 6.198883056640625e-06
  endloop
endfacet
facet normal 0.0 0.0 0.0
  outer loop
    vertex 23.65728759765625 -40.00498580932617 -2.384185791015625e-07
    vertex 21.277027130126953 -3.796957492828369 6.198883056640625e-06
    vertex 21.51778793334961 -3.6846909523010254 6.198883056640625e-06
  endloop
endfacet
facet normal 0.0 0.0 0.0
  outer loop
    vertex 21.51778793334961 -3.6846909523010254 6.198883056640625e-06
    vertex 21.735397338867188 -3.5323166847229004 6.198883056640625e-06
    vertex 23.65728759765625 -40.00498580932617 -2.384185791015625e-07
  endloop
endfacet
facet normal 0.0 0.0 0.0
  outer loop
    vertex 23.65728759765625 -40.00498580932617 -2.384185791015625e-07
    vertex 21.735397338867188 -3.5323166847229004 6.198883056640625e-06
    vertex 21.923236846923828 -3.3444736003875732 6.198883056640625e-06
  endloop
endfacet
facet normal 0.0 0.0 0.0
  outer loop
    vertex 23.65728759765625 -40.00498580932617 -2.384185791015625e-07
    vertex 21.923236846923828 -3.3444736003875732 6.198883056640625e-06
    vertex 23.65728759765625 -2.9752986431121826 6.4373016357421875e-06
  endloop
endfacet
facet normal 0.0 0.0 0.0
  outer loop
    vertex 23.65728759765625 -2.9752986431121826 6.4373016357421875e-06
    vertex 21.923236846923828 -3.3444736003875732 6.198883056640625e-06
    vertex 22.075611114501953 -3.1268680095672607 6.4373016357421875e-06
  endloop
endfacet
facet normal 0.0 0.0 0.0
  outer loop
    vertex 23.65728759765625 -2.9752986431121826 6.4373016357421875e-06
    vertex 22.075611114501953 -3.1268680095672607 6.4373016357421875e-06
    vertex 22.146286010742188 -2.9752986431121826 6.4373016357421875e-06
  endloop
endfacet
facet normal 0.0 0.0 0.0
  outer loop
    vertex 23.65728759765625 -2.9752986431121826 6.4373016357421875e-06
    vertex 22.279788970947266 3.4193074703216553 7.3909759521484375e-06
    vertex 22.279788970947266 3.8361620903015137 7.62939453125e-06
  endloop
endfacet
facet normal 0.0 0.0 0.0
  outer loop
    vertex 23.65728759765625 40.00498580932617 1.3828277587890625e-05
    vertex 22.279788970947266 3.8361620903015137 7.62939453125e-06
    vertex 21.226455688476562 3.8361620903015137 7.62939453125e-06
  endloop
endfacet
facet normal 0.0 0.0 0.0
  outer loop
    vertex 16.5745849609375 3.8361620903015137 7.62939453125e-06
    vertex 15.946414947509766 3.8361620903015137 7.62939453125e-06
    vertex 14.82464599609375 40.00498580932617 1.3828277587890625e-05
  endloop
endfacet
facet normal 0.0 0.0 0.0
  outer loop
    vertex 8.974842071533203 0.6024974584579468 6.9141387939453125e-06
    vertex 8.974842071533203 2.838184118270874 7.3909759521484375e-06
    vertex 12.030834197998047 0.6024974584579468 6.9141387939453125e-06
  endloop
endfacet
facet normal 0.0 0.0 0.0
  outer loop
    vertex 12.030834197998047 0.6024974584579468 6.9141387939453125e-06
    vertex 8.974842071533203 2.838184118270874 7.3909759521484375e-06
    vertex 13.702877044677734 2.838184118270874 7.3909759521484375e-06
  endloop
endfacet
facet normal 0.0 0.0 0.0
  outer loop
    vertex 12.030834197998047 0.6024974584579468 6.9141387939453125e-06
    vertex 13.702877044677734 2.838184118270874 7.3909759521484375e-06
    vertex 13.702877044677734 -2.3648672103881836 6.4373016357421875e-06
  endloop
endfacet
facet normal 0.0 0.0 0.0
  outer loop
    vertex 13.702877044677734 -2.3648672103881836 6.4373016357421875e-06
    vertex 13.702877044677734 2.838184118270874 7.3909759521484375e-06
    vertex 14.82464599609375 40.00498580932617 1.3828277587890625e-05
  endloop
endfacet
facet normal 0.0 0.0 0.0
  outer loop
    vertex 13.702877044677734 -2.3648672103881836 6.4373016357421875e-06
    vertex 14.82464599609375 40.00498580932617 1.3828277587890625e-05
    vertex 14.82464599609375 -2.9752986431121826 6.4373016357421875e-06
  endloop
endfacet
facet normal 0.0 0.0 0.0
  outer loop
    vertex 14.82464599609375 -2.9752986431121826 6.4373016357421875e-06
    vertex 14.82464599609375 40.00498580932617 1.3828277587890625e-05
    vertex 15.946414947509766 3.8361620903015137 7.62939453125e-06
  endloop
endfacet
facet normal 0.0 0.0 0.0
  outer loop
    vertex 14.82464599609375 -2.9752986431121826 6.4373016357421875e-06
    vertex 15.946414947509766 3.8361620903015137 7.62939453125e-06
    vertex 15.946414947509766 -2.9752986431121826 6.4373016357421875e-06
  endloop
endfacet
facet normal 0.0 0.0 0.0
  outer loop
    vertex 18.697879791259766 1.3632700443267822 7.152557373046875e-06
    vertex 16.5745849609375 1.3632700443267822 7.152557373046875e-06
    vertex 21.226455688476562 3.8361620903015137 7.62939453125e-06
  endloop
endfacet
facet normal 0.0 0.0 0.0
  outer loop
    vertex 21.226455688476562 3.8361620903015137 7.62939453125e-06
    vertex 16.5745849609375 1.3632700443267822 7.152557373046875e-06
    vertex 16.5745849609375 3.8361620903015137 7.62939453125e-06
  endloop
endfacet
facet normal 0.0 0.0 0.0
  outer loop
    vertex 21.226455688476562 3.8361620903015137 7.62939453125e-06
    vertex 16.5745849609375 3.8361620903015137 7.62939453125e-06
    vertex 23.65728759765625 40.00498580932617 1.3828277587890625e-05
  endloop
endfacet
facet normal 0.0 0.0 0.0
  outer loop
    vertex 23.65728759765625 40.00498580932617 1.3828277587890625e-05
    vertex 16.5745849609375 3.8361620903015137 7.62939453125e-06
    vertex 14.82464599609375 40.00498580932617 1.3828277587890625e-05
  endloop
endfacet
facet normal 0.0 0.0 0.0
  outer loop
    vertex 22.279788970947266 3.4193074703216553 7.3909759521484375e-06
    vertex 22.075611114501953 0.6012729406356812 6.9141387939453125e-06
    vertex 21.923236846923828 0.8188784718513489 6.9141387939453125e-06
  endloop
endfacet
facet normal 0.0 0.0 0.0
  outer loop
    vertex 22.146286010742188 -2.9752986431121826 6.4373016357421875e-06
    vertex 22.187877655029297 -2.8861072063446045 6.4373016357421875e-06
    vertex 23.65728759765625 -2.9752986431121826 6.4373016357421875e-06
  endloop
endfacet
facet normal 0.0 0.0 0.0
  outer loop
    vertex 23.65728759765625 -2.9752986431121826 6.4373016357421875e-06
    vertex 22.187877655029297 -2.8861072063446045 6.4373016357421875e-06
    vertex 22.256633758544922 -2.6295039653778076 6.4373016357421875e-06
  endloop
endfacet
facet normal 0.0 0.0 0.0
  outer loop
    vertex 23.65728759765625 -2.9752986431121826 6.4373016357421875e-06
    vertex 22.256633758544922 -2.6295039653778076 6.4373016357421875e-06
    vertex 22.279788970947266 -2.3648672103881836 6.4373016357421875e-06
  endloop
endfacet
facet normal 0.0 0.0 0.0
  outer loop
    vertex 22.279788970947266 -2.3648672103881836 6.4373016357421875e-06
    vertex 22.279788970947266 -0.16072408854961395 6.9141387939453125e-06
    vertex 23.65728759765625 -2.9752986431121826 6.4373016357421875e-06
  endloop
endfacet
facet normal 0.0 0.0 0.0
  outer loop
    vertex 23.65728759765625 -2.9752986431121826 6.4373016357421875e-06
    vertex 22.279788970947266 -0.16072408854961395 6.9141387939453125e-06
    vertex 22.256633758544922 0.10391665995121002 6.9141387939453125e-06
  endloop
endfacet
facet normal 0.0 0.0 0.0
  outer loop
    vertex 23.65728759765625 -2.9752986431121826 6.4373016357421875e-06
    vertex 22.256633758544922 0.10391665995121002 6.9141387939453125e-06
    vertex 22.279788970947266 3.4193074703216553 7.3909759521484375e-06
  endloop
endfacet
facet normal 0.0 0.0 0.0
  outer loop
    vertex 22.279788970947266 3.4193074703216553 7.3909759521484375e-06
    vertex 22.256633758544922 0.10391665995121002 6.9141387939453125e-06
    vertex 22.187877655029297 0.3605121970176697 6.9141387939453125e-06
  endloop
endfacet
facet normal 0.0 0.0 0.0
  outer loop
    vertex 22.279788970947266 3.4193074703216553 7.3909759521484375e-06
    vertex 22.187877655029297 0.3605121970176697 6.9141387939453125e-06
    vertex 22.075611114501953 0.6012729406356812 6.9141387939453125e-06
  endloop
endfacet
facet normal 0.0 0.0 0.0
  outer loop
    vertex 21.923236846923828 0.8188784718513489 6.9141387939453125e-06
    vertex 21.735397338867188 1.0067256689071655 7.152557373046875e-06
    vertex 22.279788970947266 3.4193074703216553 7.3909759521484375e-06
  endloop
endfacet
facet normal 0.0 0.0 0.0
  outer loop
    vertex 22.279788970947266 3.4193074703216553 7.3909759521484375e-06
    vertex 21.735397338867188 1.0067256689071655 7.152557373046875e-06
    vertex 21.51778793334961 1.159096121788025 7.152557373046875e-06
  endloop
endfacet
facet normal 0.0 0.0 0.0
  outer loop
    vertex 22.279788970947266 3.4193074703216553 7.3909759521484375e-06
    vertex 21.51778793334961 1.159096121788025 7.152557373046875e-06
    vertex 21.277027130126953 1.2713663578033447 7.152557373046875e-06
  endloop
endfacet
facet normal 0.0 0.0 0.0
  outer loop
    vertex 21.277027130126953 1.2713663578033447 7.152557373046875e-06
    vertex 21.020427703857422 1.340118646621704 7.152557373046875e-06
    vertex 22.279788970947266 3.4193074703216553 7.3909759521484375e-06
  endloop
endfacet
facet normal 0.0 0.0 0.0
  outer loop
    vertex 22.279788970947266 3.4193074703216553 7.3909759521484375e-06
    vertex 21.020427703857422 1.340118646621704 7.152557373046875e-06
    vertex 20.755786895751953 1.3632700443267822 7.152557373046875e-06
  endloop
endfacet
facet normal 0.0 0.0 0.0
  outer loop
    vertex 22.279788970947266 3.4193074703216553 7.3909759521484375e-06
    vertex 20.755786895751953 1.3632700443267822 7.152557373046875e-06
    vertex 20.17745590209961 1.3632700443267822 7.152557373046875e-06
  endloop
endfacet
facet normal 0.0 0.0 0.0
  outer loop
    vertex -28.220386505126953 39.83299255371094 1.3828277587890625e-05
    vertex -26.034997940063477 40.00498580932617 1.3828277587890625e-05
    vertex -25.034778594970703 2.3850021362304688 7.3909759521484375e-06
  endloop
endfacet
facet normal 0.0 0.0 0.0
  outer loop
    vertex -25.034778594970703 2.3850021362304688 7.3909759521484375e-06
    vertex -26.034997940063477 40.00498580932617 1.3828277587890625e-05
    vertex -23.932247161865234 40.00498580932617 1.3828277587890625e-05
  endloop
endfacet
facet normal 0.0 0.0 0.0
  outer loop
    vertex -25.034778594970703 2.3850021362304688 7.3909759521484375e-06
    vertex -23.932247161865234 40.00498580932617 1.3828277587890625e-05
    vertex -23.932247161865234 -2.9752986431121826 6.4373016357421875e-06
  endloop
endfacet
facet normal 0.0 0.0 0.0
  outer loop
    vertex -23.932247161865234 -2.9752986431121826 6.4373016357421875e-06
    vertex -23.932247161865234 40.00498580932617 1.3828277587890625e-05
    vertex -22.810422897338867 2.7866933345794678 7.3909759521484375e-06
  endloop
endfacet
facet normal 0.0 0.0 0.0
  outer loop
    vertex -23.932247161865234 -2.9752986431121826 6.4373016357421875e-06
    vertex -22.810422897338867 2.7866933345794678 7.3909759521484375e-06
    vertex -22.829715728759766 2.566161870956421 7.3909759521484375e-06
  endloop
endfacet
facet normal 0.0 0.0 0.0
  outer loop
    vertex -30.844539642333984 2.3850021362304688 7.3909759521484375e-06
    vertex -38.98582077026367 31.161773681640625 1.239776611328125e-05
    vertex -25.034778594970703 2.3850021362304688 7.3909759521484375e-06
  endloop
endfacet
facet normal 0.0 0.0 0.0
  outer loop
    vertex -25.034778594970703 2.3850021362304688 7.3909759521484375e-06
    vertex -38.98582077026367 31.161773681640625 1.239776611328125e-05
    vertex -38.482357025146484 32.377235412597656 1.2636184692382812e-05
  endloop
endfacet
facet normal 0.0 0.0 0.0
  outer loop
    vertex -36.601444244384766 -1.2730703353881836 6.67572021484375e-06
    vertex -35.30220413208008 -0.08953040838241577 6.9141387939453125e-06
    vertex -34.23429870605469 -1.085368275642395 6.67572021484375e-06
  endloop
endfacet
facet normal 0.0 0.0 0.0
  outer loop
    vertex -38.98582077026367 -2.9752986431121826 6.4373016357421875e-06
    vertex -29.790103912353516 -2.061732292175293 6.4373016357421875e-06
    vertex -23.932247161865234 -2.9752986431121826 6.4373016357421875e-06
  endloop
endfacet
facet normal 0.0 0.0 0.0
  outer loop
    vertex -23.932247161865234 -2.9752986431121826 6.4373016357421875e-06
    vertex -29.790103912353516 -2.061732292175293 6.4373016357421875e-06
    vertex -25.034778594970703 -2.061732292175293 6.4373016357421875e-06
  endloop
endfacet
facet normal 0.0 0.0 0.0
  outer loop
    vertex -23.932247161865234 -2.9752986431121826 6.4373016357421875e-06
    vertex -25.034778594970703 -2.061732292175293 6.4373016357421875e-06
    vertex -25.034778594970703 2.3850021362304688 7.3909759521484375e-06
  endloop
endfacet
facet normal 0.0 0.0 0.0
  outer loop
    vertex -38.482357025146484 32.377235412597656 1.2636184692382812e-05
    vertex -37.33696365356445 34.24634552001953 1.2874603271484375e-05
    vertex -25.034778594970703 2.3850021362304688 7.3909759521484375e-06
  endloop
endfacet
facet normal 0.0 0.0 0.0
  outer loop
    vertex -25.034778594970703 2.3850021362304688 7.3909759521484375e-06
    vertex -37.33696365356445 34.24634552001953 1.2874603271484375e-05
    vertex -35.91328048706055 35.91327667236328 1.3113021850585938e-05
  endloop
endfacet
facet normal 0.0 0.0 0.0
  outer loop
    vertex -25.034778594970703 2.3850021362304688 7.3909759521484375e-06
    vertex -35.91328048706055 35.91327667236328 1.3113021850585938e-05
    vertex -34.24635696411133 37.33695983886719 1.33514404296875e-05
  endloop
endfacet
facet normal 0.0 0.0 0.0
  outer loop
    vertex -34.24635696411133 37.33695983886719 1.33514404296875e-05
    vertex -32.37724304199219 38.48235321044922 1.3589859008789062e-05
    vertex -25.034778594970703 2.3850021362304688 7.3909759521484375e-06
  endloop
endfacet
facet normal 0.0 0.0 0.0
  outer loop
    vertex -25.034778594970703 2.3850021362304688 7.3909759521484375e-06
    vertex -32.37724304199219 38.48235321044922 1.3589859008789062e-05
    vertex -30.351964950561523 39.321250915527344 1.3828277587890625e-05
  endloop
endfacet
facet normal 0.0 0.0 0.0
  outer loop
    vertex -25.034778594970703 2.3850021362304688 7.3909759521484375e-06
    vertex -30.351964950561523 39.321250915527344 1.3828277587890625e-05
    vertex -28.220386505126953 39.83299255371094 1.3828277587890625e-05
  endloop
endfacet
facet normal 0.0 0.0 0.0
  outer loop
    vertex -38.98582077026367 31.161773681640625 1.239776611328125e-05
    vertex -36.44502639770508 1.386120080947876 7.152557373046875e-06
    vertex -37.96664810180664 5.126892119733384e-07 6.9141387939453125e-06
  endloop
endfacet
facet normal 0.0 0.0 0.0
  outer loop
    vertex -26.538249969482422 0.9480478763580322 7.152557373046875e-06
    vertex -26.538249969482422 -0.6899827122688293 6.67572021484375e-06
    vertex -29.41271209716797 0.9480478763580322 7.152557373046875e-06
  endloop
endfacet
facet normal 0.0 0.0 0.0
  outer loop
    vertex -29.41271209716797 0.9480478763580322 7.152557373046875e-06
    vertex -26.538249969482422 -0.6899827122688293 6.67572021484375e-06
    vertex -28.668495178222656 -0.6899827122688293 6.67572021484375e-06
  endloop
endfacet
facet normal 0.0 0.0 0.0
  outer loop
    vertex -29.41271209716797 0.9480478763580322 7.152557373046875e-06
    vertex -28.668495178222656 -0.6899827122688293 6.67572021484375e-06
    vertex -29.41271209716797 -1.6744146347045898 6.67572021484375e-06
  endloop
endfacet
facet normal 0.0 0.0 0.0
  outer loop
    vertex -29.41271209716797 -1.6744146347045898 6.67572021484375e-06
    vertex -28.668495178222656 -0.6899827122688293 6.67572021484375e-06
    vertex -28.668495178222656 -1.0611602067947388 6.67572021484375e-06
  endloop
endfacet
facet normal 0.0 0.0 0.0
  outer loop
    vertex -29.41271209716797 -1.6744146347045898 6.67572021484375e-06
    vertex -28.668495178222656 -1.0611602067947388 6.67572021484375e-06
    vertex -25.416643142700195 -1.6744146347045898 6.67572021484375e-06
  endloop
endfacet
facet normal 0.0 0.0 0.0
  outer loop
    vertex -25.416643142700195 -1.6744146347045898 6.67572021484375e-06
    vertex -28.668495178222656 -1.0611602067947388 6.67572021484375e-06
    vertex -26.0379638671875 -1.0611602067947388 6.67572021484375e-06
  endloop
endfacet
facet normal 0.0 0.0 0.0
  outer loop
    vertex -25.416643142700195 -1.6744146347045898 6.67572021484375e-06
    vertex -26.0379638671875 -1.0611602067947388 6.67572021484375e-06
    vertex -25.416643142700195 2.029308319091797 7.152557373046875e-06
  endloop
endfacet
facet normal 0.0 0.0 0.0
  outer loop
    vertex -25.416643142700195 2.029308319091797 7.152557373046875e-06
    vertex -26.0379638671875 -1.0611602067947388 6.67572021484375e-06
    vertex -26.0379638671875 1.3272974491119385 7.152557373046875e-06
  endloop
endfacet
facet normal 0.0 0.0 0.0
  outer loop
    vertex -25.416643142700195 2.029308319091797 7.152557373046875e-06
    vertex -26.0379638671875 1.3272974491119385 7.152557373046875e-06
    vertex -30.40335464477539 2.029308319091797 7.152557373046875e-06
  endloop
endfacet
facet normal 0.0 0.0 0.0
  outer loop
    vertex -30.40335464477539 2.029308319091797 7.152557373046875e-06
    vertex -26.0379638671875 1.3272974491119385 7.152557373046875e-06
    vertex -29.790103912353516 1.3272974491119385 7.152557373046875e-06
  endloop
endfacet
facet normal 0.0 0.0 0.0
  outer loop
    vertex -30.40335464477539 2.029308319091797 7.152557373046875e-06
    vertex -29.790103912353516 1.3272974491119385 7.152557373046875e-06
    vertex -30.40335464477539 -1.085368275642395 6.67572021484375e-06
  endloop
endfacet
facet normal 0.0 0.0 0.0
  outer loop
    vertex -30.40335464477539 -1.085368275642395 6.67572021484375e-06
    vertex -29.790103912353516 1.3272974491119385 7.152557373046875e-06
    vertex -29.790103912353516 -2.061732292175293 6.4373016357421875e-06
  endloop
endfacet
facet normal 0.0 0.0 0.0
  outer loop
    vertex -30.40335464477539 -1.085368275642395 6.67572021484375e-06
    vertex -29.790103912353516 -2.061732292175293 6.4373016357421875e-06
    vertex -34.23429870605469 -1.085368275642395 6.67572021484375e-06
  endloop
endfacet
facet normal 0.0 0.0 0.0
  outer loop
    vertex -34.23429870605469 -1.085368275642395 6.67572021484375e-06
    vertex -29.790103912353516 -2.061732292175293 6.4373016357421875e-06
    vertex -38.98582077026367 -2.9752986431121826 6.4373016357421875e-06
  endloop
endfacet
facet normal 0.0 0.0 0.0
  outer loop
    vertex -34.23429870605469 -1.085368275642395 6.67572021484375e-06
    vertex -38.98582077026367 -2.9752986431121826 6.4373016357421875e-06
    vertex -36.601444244384766 -1.2730703353881836 6.67572021484375e-06
  endloop
endfacet
facet normal 0.0 0.0 0.0
  outer loop
    vertex -35.30220413208008 0.3204197287559509 6.9141387939453125e-06
    vertex -36.44502639770508 1.386120080947876 7.152557373046875e-06
    vertex -34.274776458740234 1.2563555240631104 7.152557373046875e-06
  endloop
endfacet
facet normal 0.0 0.0 0.0
  outer loop
    vertex -34.274776458740234 1.2563555240631104 7.152557373046875e-06
    vertex -36.44502639770508 1.386120080947876 7.152557373046875e-06
    vertex -38.98582077026367 31.161773681640625 1.239776611328125e-05
  endloop
endfacet
facet normal 0.0 0.0 0.0
  outer loop
    vertex -34.274776458740234 1.2563555240631104 7.152557373046875e-06
    vertex -38.98582077026367 31.161773681640625 1.239776611328125e-05
    vertex -31.420181274414062 1.2563555240631104 7.152557373046875e-06
  endloop
endfacet
facet normal 0.0 0.0 0.0
  outer loop
    vertex -31.420181274414062 1.2563555240631104 7.152557373046875e-06
    vertex -38.98582077026367 31.161773681640625 1.239776611328125e-05
    vertex -30.844539642333984 2.3850021362304688 7.3909759521484375e-06
  endloop
endfacet
facet normal 0.0 0.0 0.0
  outer loop
    vertex -31.420181274414062 1.2563555240631104 7.152557373046875e-06
    vertex -30.844539642333984 2.3850021362304688 7.3909759521484375e-06
    vertex -31.420181274414062 -0.04905648157000542 6.9141387939453125e-06
  endloop
endfacet
facet normal 0.0 0.0 0.0
  outer loop
    vertex -31.420181274414062 -0.04905648157000542 6.9141387939453125e-06
    vertex -30.844539642333984 2.3850021362304688 7.3909759521484375e-06
    vertex -30.844539642333984 -0.7507508397102356 6.67572021484375e-06
  endloop
endfacet
facet normal 0.0 0.0 0.0
  outer loop
    vertex -31.420181274414062 -0.04905648157000542 6.9141387939453125e-06
    vertex -30.844539642333984 -0.7507508397102356 6.67572021484375e-06
    vertex -33.294464111328125 -0.04905648157000542 6.9141387939453125e-06
  endloop
endfacet
facet normal 0.0 0.0 0.0
  outer loop
    vertex -33.294464111328125 -0.04905648157000542 6.9141387939453125e-06
    vertex -30.844539642333984 -0.7507508397102356 6.67572021484375e-06
    vertex -33.68309783935547 -0.7507508397102356 6.67572021484375e-06
  endloop
endfacet
facet normal 0.0 0.0 0.0
  outer loop
    vertex -33.294464111328125 -0.04905648157000542 6.9141387939453125e-06
    vertex -33.68309783935547 -0.7507508397102356 6.67572021484375e-06
    vertex -33.294464111328125 0.30963560938835144 6.9141387939453125e-06
  endloop
endfacet
facet normal 0.0 0.0 0.0
  outer loop
    vertex -33.294464111328125 0.30963560938835144 6.9141387939453125e-06
    vertex -33.68309783935547 -0.7507508397102356 6.67572021484375e-06
    vertex -33.68309783935547 0.861194908618927 6.9141387939453125e-06
  endloop
endfacet
facet normal 0.0 0.0 0.0
  outer loop
    vertex -33.294464111328125 0.30963560938835144 6.9141387939453125e-06
    vertex -33.68309783935547 0.861194908618927 6.9141387939453125e-06
    vertex -31.93179702758789 0.30963560938835144 6.9141387939453125e-06
  endloop
endfacet
facet normal 0.0 0.0 0.0
  outer loop
    vertex -31.93179702758789 0.30963560938835144 6.9141387939453125e-06
    vertex -33.68309783935547 0.861194908618927 6.9141387939453125e-06
    vertex -31.93179702758789 0.861194908618927 6.9141387939453125e-06
  endloop
endfacet
facet normal 0.0 0.0 0.0
  outer loop
    vertex -40.00499725341797 -26.034996032714844 2.384185791015625e-06
    vertex -40.00499725341797 -2.9752986431121826 6.4373016357421875e-06
    vertex -38.98582077026367 -2.9752986431121826 6.4373016357421875e-06
  endloop
endfacet
facet normal 0.0 0.0 0.0
  outer loop
    vertex -38.98582077026367 -2.9752986431121826 6.4373016357421875e-06
    vertex -40.00499725341797 -2.9752986431121826 6.4373016357421875e-06
    vertex -40.00499725341797 26.034990310668945 1.1444091796875e-05
  endloop
endfacet
facet normal 0.0 0.0 0.0
  outer loop
    vertex -39.833003997802734 28.220382690429688 1.1920928955078125e-05
    vertex -39.321258544921875 30.351959228515625 1.2159347534179688e-05
    vertex -40.00499725341797 26.034990310668945 1.1444091796875e-05
  endloop
endfacet
facet normal 0.0 0.0 0.0
  outer loop
    vertex -40.00499725341797 26.034990310668945 1.1444091796875e-05
    vertex -39.321258544921875 30.351959228515625 1.2159347534179688e-05
    vertex -38.98582077026367 31.161773681640625 1.239776611328125e-05
  endloop
endfacet
facet normal 0.0 0.0 0.0
  outer loop
    vertex -40.00499725341797 26.034990310668945 1.1444091796875e-05
    vertex -38.98582077026367 31.161773681640625 1.239776611328125e-05
    vertex -38.98582077026367 -2.9752986431121826 6.4373016357421875e-06
  endloop
endfacet
facet normal 0.0 0.0 0.0
  outer loop
    vertex -38.98582077026367 -2.9752986431121826 6.4373016357421875e-06
    vertex -38.98582077026367 31.161773681640625 1.239776611328125e-05
    vertex -37.96664810180664 5.126892119733384e-07 6.9141387939453125e-06
  endloop
endfacet
facet normal 0.0 0.0 0.0
  outer loop
    vertex -38.98582077026367 -2.9752986431121826 6.4373016357421875e-06
    vertex -37.96664810180664 5.126892119733384e-07 6.9141387939453125e-06
    vertex -36.601444244384766 -1.2730703353881836 6.67572021484375e-06
  endloop
endfacet
facet normal 0.0 0.0 0.0
  outer loop
    vertex -23.932247161865234 -40.00498580932617 -2.384185791015625e-07
    vertex -26.034997940063477 -40.00498580932617 -2.384185791015625e-07
    vertex -23.932247161865234 -2.9752986431121826 6.4373016357421875e-06
  endloop
endfacet
facet normal 0.0 0.0 0.0
  outer loop
    vertex -23.932247161865234 -2.9752986431121826 6.4373016357421875e-06
    vertex -26.034997940063477 -40.00498580932617 -2.384185791015625e-07
    vertex -28.220386505126953 -39.83300018310547 -2.384185791015625e-07
  endloop
endfacet
facet normal 0.0 0.0 0.0
  outer loop
    vertex -23.932247161865234 -2.9752986431121826 6.4373016357421875e-06
    vertex -28.220386505126953 -39.83300018310547 -2.384185791015625e-07
    vertex -30.351964950561523 -39.321250915527344 0.0
  endloop
endfacet
facet normal 0.0 0.0 0.0
  outer loop
    vertex -30.351964950561523 -39.321250915527344 0.0
    vertex -32.37724304199219 -38.48235321044922 0.0
    vertex -23.932247161865234 -2.9752986431121826 6.4373016357421875e-06
  endloop
endfacet
facet normal 0.0 0.0 0.0
  outer loop
    vertex -23.932247161865234 -2.9752986431121826 6.4373016357421875e-06
    vertex -32.37724304199219 -38.48235321044922 0.0
    vertex -34.24635696411133 -37.33695983886719 2.384185791015625e-07
  endloop
endfacet
facet normal 0.0 0.0 0.0
  outer loop
    vertex -23.932247161865234 -2.9752986431121826 6.4373016357421875e-06
    vertex -34.24635696411133 -37.33695983886719 2.384185791015625e-07
    vertex -35.91328048706055 -35.913272857666016 4.76837158203125e-07
  endloop
endfacet
facet normal 0.0 0.0 0.0
  outer loop
    vertex -35.91328048706055 -35.913272857666016 4.76837158203125e-07
    vertex -37.33696365356445 -34.24635314941406 9.5367431640625e-07
    vertex -23.932247161865234 -2.9752986431121826 6.4373016357421875e-06
  endloop
endfacet
facet normal 0.0 0.0 0.0
  outer loop
    vertex -23.932247161865234 -2.9752986431121826 6.4373016357421875e-06
    vertex -37.33696365356445 -34.24635314941406 9.5367431640625e-07
    vertex -38.482357025146484 -32.37724304199219 1.1920928955078125e-06
  endloop
endfacet
facet normal 0.0 0.0 0.0
  outer loop
    vertex -23.932247161865234 -2.9752986431121826 6.4373016357421875e-06
    vertex -38.482357025146484 -32.37724304199219 1.1920928955078125e-06
    vertex -38.98582077026367 -2.9752986431121826 6.4373016357421875e-06
  endloop
endfacet
facet normal 0.0 0.0 0.0
  outer loop
    vertex -38.98582077026367 -2.9752986431121826 6.4373016357421875e-06
    vertex -38.482357025146484 -32.37724304199219 1.1920928955078125e-06
    vertex -38.98582077026367 -31.16176986694336 1.430511474609375e-06
  endloop
endfacet
facet normal 0.0 0.0 0.0
  outer loop
    vertex -38.98582077026367 -2.9752986431121826 6.4373016357421875e-06
    vertex -38.98582077026367 -31.16176986694336 1.430511474609375e-06
    vertex -40.00499725341797 -26.034996032714844 2.384185791015625e-06
  endloop
endfacet
facet normal 0.0 0.0 0.0
  outer loop
    vertex -40.00499725341797 -26.034996032714844 2.384185791015625e-06
    vertex -38.98582077026367 -31.16176986694336 1.430511474609375e-06
    vertex -39.321258544921875 -30.351957321166992 1.430511474609375e-06
  endloop
endfacet
facet normal 0.0 0.0 0.0
  outer loop
    vertex -40.00499725341797 -26.034996032714844 2.384185791015625e-06
    vertex -39.321258544921875 -30.351957321166992 1.430511474609375e-06
    vertex -39.833003997802734 -28.220382690429688 1.9073486328125e-06
  endloop
endfacet
facet normal 0.0 0.0 0.0
  outer loop
    vertex 28.22039031982422 -39.83300018310547 -2.384185791015625e-07
    vertex 26.035003662109375 -40.00498580932617 -2.384185791015625e-07
    vertex 39.321258544921875 -30.351957321166992 1.430511474609375e-06
  endloop
endfacet
facet normal 0.0 0.0 0.0
  outer loop
    vertex 39.321258544921875 -30.351957321166992 1.430511474609375e-06
    vertex 26.035003662109375 -40.00498580932617 -2.384185791015625e-07
    vertex 39.8330078125 -28.220382690429688 1.9073486328125e-06
  endloop
endfacet
facet normal 0.0 0.0 0.0
  outer loop
    vertex 38.48236083984375 -32.37724304199219 1.1920928955078125e-06
    vertex 37.33696746826172 -34.24635314941406 9.5367431640625e-07
    vertex 35.91328430175781 -35.913272857666016 4.76837158203125e-07
  endloop
endfacet
facet normal 0.0 0.0 0.0
  outer loop
    vertex 35.91328430175781 -35.913272857666016 4.76837158203125e-07
    vertex 34.246360778808594 -37.33695983886719 2.384185791015625e-07
    vertex 38.48236083984375 -32.37724304199219 1.1920928955078125e-06
  endloop
endfacet
facet normal 0.0 0.0 0.0
  outer loop
    vertex 38.48236083984375 -32.37724304199219 1.1920928955078125e-06
    vertex 34.246360778808594 -37.33695983886719 2.384185791015625e-07
    vertex 32.37725067138672 -38.48235321044922 0.0
  endloop
endfacet
facet normal 0.0 0.0 0.0
  outer loop
    vertex 38.48236083984375 -32.37724304199219 1.1920928955078125e-06
    vertex 32.37725067138672 -38.48235321044922 0.0
    vertex 39.321258544921875 -30.351957321166992 1.430511474609375e-06
  endloop
endfacet
facet normal 0.0 0.0 0.0
  outer loop
    vertex 39.321258544921875 -30.351957321166992 1.430511474609375e-06
    vertex 32.37725067138672 -38.48235321044922 0.0
    vertex 30.351966857910156 -39.321250915527344 0.0
  endloop
endfacet
facet normal 0.0 0.0 0.0
  outer loop
    vertex 39.321258544921875 -30.351957321166992 1.430511474609375e-06
    vertex 30.351966857910156 -39.321250915527344 0.0
    vertex 28.22039031982422 -39.83300018310547 -2.384185791015625e-07
  endloop
endfacet
facet normal 0.0 0.0 0.0
  outer loop
    vertex 22.279788970947266 3.8361620903015137 7.62939453125e-06
    vertex 23.65728759765625 40.00498580932617 1.3828277587890625e-05
    vertex 23.65728759765625 -2.9752986431121826 6.4373016357421875e-06
  endloop
endfacet
facet normal 0.0 0.0 0.0
  outer loop
    vertex 23.65728759765625 -2.9752986431121826 6.4373016357421875e-06
    vertex 23.65728759765625 40.00498580932617 1.3828277587890625e-05
    vertex 25.0347900390625 2.3850021362304688 7.3909759521484375e-06
  endloop
endfacet
facet normal 0.0 0.0 0.0
  outer loop
    vertex 23.65728759765625 -2.9752986431121826 6.4373016357421875e-06
    vertex 25.0347900390625 2.3850021362304688 7.3909759521484375e-06
    vertex 25.0347900390625 -2.061732292175293 6.4373016357421875e-06
  endloop
endfacet
facet normal 0.0 0.0 0.0
  outer loop
    vertex 25.0347900390625 -2.061732292175293 6.4373016357421875e-06
    vertex 29.79010772705078 -2.061732292175293 6.4373016357421875e-06
    vertex 23.65728759765625 -2.9752986431121826 6.4373016357421875e-06
  endloop
endfacet
facet normal 0.0 0.0 0.0
  outer loop
    vertex 23.65728759765625 -2.9752986431121826 6.4373016357421875e-06
    vertex 29.79010772705078 -2.061732292175293 6.4373016357421875e-06
    vertex 40.00499725341797 -2.9752986431121826 6.4373016357421875e-06
  endloop
endfacet
facet normal 0.0 0.0 0.0
  outer loop
    vertex 23.65728759765625 -2.9752986431121826 6.4373016357421875e-06
    vertex 40.00499725341797 -2.9752986431121826 6.4373016357421875e-06
    vertex 26.035003662109375 -40.00498580932617 -2.384185791015625e-07
  endloop
endfacet
facet normal 0.0 0.0 0.0
  outer loop
    vertex 26.035003662109375 -40.00498580932617 -2.384185791015625e-07
    vertex 40.00499725341797 -2.9752986431121826 6.4373016357421875e-06
    vertex 40.00499725341797 -26.034996032714844 2.384185791015625e-06
  endloop
endfacet
facet normal 0.0 0.0 0.0
  outer loop
    vertex 26.035003662109375 -40.00498580932617 -2.384185791015625e-07
    vertex 40.00499725341797 -26.034996032714844 2.384185791015625e-06
    vertex 39.8330078125 -28.220382690429688 1.9073486328125e-06
  endloop
endfacet
facet normal 0.0 0.0 0.0
  outer loop
    vertex 36.445030212402344 1.386120080947876 7.152557373046875e-06
    vertex 40.00499725341797 26.034990310668945 1.1444091796875e-05
    vertex 37.966651916503906 5.126892119733384e-07 6.9141387939453125e-06
  endloop
endfacet
facet normal 0.0 0.0 0.0
  outer loop
    vertex 37.966651916503906 5.126892119733384e-07 6.9141387939453125e-06
    vertex 40.00499725341797 26.034990310668945 1.1444091796875e-05
    vertex 40.00499725341797 -2.9752986431121826 6.4373016357421875e-06
  endloop
endfacet
facet normal 0.0 0.0 0.0
  outer loop
    vertex 37.966651916503906 5.126892119733384e-07 6.9141387939453125e-06
    vertex 40.00499725341797 -2.9752986431121826 6.4373016357421875e-06
    vertex 36.60144805908203 -1.2730703353881836 6.67572021484375e-06
  endloop
endfacet
facet normal 0.0 0.0 0.0
  outer loop
    vertex 38.48236083984375 32.377235412597656 1.2636184692382812e-05
    vertex 25.0347900390625 2.3850021362304688 7.3909759521484375e-06
    vertex 37.33696746826172 34.24634552001953 1.2874603271484375e-05
  endloop
endfacet
facet normal 0.0 0.0 0.0
  outer loop
    vertex 37.33696746826172 34.24634552001953 1.2874603271484375e-05
    vertex 25.0347900390625 2.3850021362304688 7.3909759521484375e-06
    vertex 35.91328430175781 35.91327667236328 1.3113021850585938e-05
  endloop
endfacet
facet normal 0.0 0.0 0.0
  outer loop
    vertex 40.00499725341797 26.034990310668945 1.1444091796875e-05
    vertex 30.84455108642578 2.3850021362304688 7.3909759521484375e-06
    vertex 39.8330078125 28.220382690429688 1.1920928955078125e-05
  endloop
endfacet
facet normal 0.0 0.0 0.0
  outer loop
    vertex 39.8330078125 28.220382690429688 1.1920928955078125e-05
    vertex 30.84455108642578 2.3850021362304688 7.3909759521484375e-06
    vertex 25.0347900390625 2.3850021362304688 7.3909759521484375e-06
  endloop
endfacet
facet normal 0.0 0.0 0.0
  outer loop
    vertex 39.8330078125 28.220382690429688 1.1920928955078125e-05
    vertex 25.0347900390625 2.3850021362304688 7.3909759521484375e-06
    vertex 39.321258544921875 30.351959228515625 1.2159347534179688e-05
  endloop
endfacet
facet normal 0.0 0.0 0.0
  outer loop
    vertex 39.321258544921875 30.351959228515625 1.2159347534179688e-05
    vertex 25.0347900390625 2.3850021362304688 7.3909759521484375e-06
    vertex 38.48236083984375 32.377235412597656 1.2636184692382812e-05
  endloop
endfacet
facet normal 0.0 0.0 0.0
  outer loop
    vertex 31.931800842285156 0.30963560938835144 6.9141387939453125e-06
    vertex 31.931800842285156 0.861194908618927 6.9141387939453125e-06
    vertex 33.294471740722656 0.30963560938835144 6.9141387939453125e-06
  endloop
endfacet
facet normal 0.0 0.0 0.0
  outer loop
    vertex 33.294471740722656 0.30963560938835144 6.9141387939453125e-06
    vertex 31.931800842285156 0.861194908618927 6.9141387939453125e-06
    vertex 33.68309783935547 0.861194908618927 6.9141387939453125e-06
  endloop
endfacet
facet normal 0.0 0.0 0.0
  outer loop
    vertex 33.294471740722656 0.30963560938835144 6.9141387939453125e-06
    vertex 33.68309783935547 0.861194908618927 6.9141387939453125e-06
    vertex 33.294471740722656 -0.04905648157000542 6.9141387939453125e-06
  endloop
endfacet
facet normal 0.0 0.0 0.0
  outer loop
    vertex 33.294471740722656 -0.04905648157000542 6.9141387939453125e-06
    vertex 33.68309783935547 0.861194908618927 6.9141387939453125e-06
    vertex 33.68309783935547 -0.7507508397102356 6.67572021484375e-06
  endloop
endfacet
facet normal 0.0 0.0 0.0
  outer loop
    vertex 33.294471740722656 -0.04905648157000542 6.9141387939453125e-06
    vertex 33.68309783935547 -0.7507508397102356 6.67572021484375e-06
    vertex 31.420188903808594 -0.04905648157000542 6.9141387939453125e-06
  endloop
endfacet
facet normal 0.0 0.0 0.0
  outer loop
    vertex 31.420188903808594 -0.04905648157000542 6.9141387939453125e-06
    vertex 33.68309783935547 -0.7507508397102356 6.67572021484375e-06
    vertex 30.84455108642578 -0.7507508397102356 6.67572021484375e-06
  endloop
endfacet
facet normal 0.0 0.0 0.0
  outer loop
    vertex 31.420188903808594 -0.04905648157000542 6.9141387939453125e-06
    vertex 30.84455108642578 -0.7507508397102356 6.67572021484375e-06
    vertex 31.420188903808594 1.2563555240631104 7.152557373046875e-06
  endloop
endfacet
facet normal 0.0 0.0 0.0
  outer loop
    vertex 31.420188903808594 1.2563555240631104 7.152557373046875e-06
    vertex 30.84455108642578 -0.7507508397102356 6.67572021484375e-06
    vertex 30.84455108642578 2.3850021362304688 7.3909759521484375e-06
  endloop
endfacet
facet normal 0.0 0.0 0.0
  outer loop
    vertex 31.420188903808594 1.2563555240631104 7.152557373046875e-06
    vertex 30.84455108642578 2.3850021362304688 7.3909759521484375e-06
    vertex 34.2747802734375 1.2563555240631104 7.152557373046875e-06
  endloop
endfacet
facet normal 0.0 0.0 0.0
  outer loop
    vertex 34.2747802734375 1.2563555240631104 7.152557373046875e-06
    vertex 30.84455108642578 2.3850021362304688 7.3909759521484375e-06
    vertex 40.00499725341797 26.034990310668945 1.1444091796875e-05
  endloop
endfacet
facet normal 0.0 0.0 0.0
  outer loop
    vertex 34.2747802734375 1.2563555240631104 7.152557373046875e-06
    vertex 40.00499725341797 26.034990310668945 1.1444091796875e-05
    vertex 35.302207946777344 0.3204197287559509 6.9141387939453125e-06
  endloop
endfacet
facet normal 0.0 0.0 0.0
  outer loop
    vertex 35.302207946777344 0.3204197287559509 6.9141387939453125e-06
    vertex 40.00499725341797 26.034990310668945 1.1444091796875e-05
    vertex 36.445030212402344 1.386120080947876 7.152557373046875e-06
  endloop
endfacet
facet normal 0.0 0.0 0.0
  outer loop
    vertex 23.65728759765625 40.00498580932617 1.3828277587890625e-05
    vertex 26.035003662109375 40.00498580932617 1.3828277587890625e-05
    vertex 25.0347900390625 2.3850021362304688 7.3909759521484375e-06
  endloop
endfacet
facet normal 0.0 0.0 0.0
  outer loop
    vertex 25.0347900390625 2.3850021362304688 7.3909759521484375e-06
    vertex 26.035003662109375 40.00498580932617 1.3828277587890625e-05
    vertex 28.22039031982422 39.83299255371094 1.3828277587890625e-05
  endloop
endfacet
facet normal 0.0 0.0 0.0
  outer loop
    vertex 25.0347900390625 2.3850021362304688 7.3909759521484375e-06
    vertex 28.22039031982422 39.83299255371094 1.3828277587890625e-05
    vertex 30.351966857910156 39.321250915527344 1.3828277587890625e-05
  endloop
endfacet
facet normal 0.0 0.0 0.0
  outer loop
    vertex 30.351966857910156 39.321250915527344 1.3828277587890625e-05
    vertex 32.37725067138672 38.48235321044922 1.3589859008789062e-05
    vertex 25.0347900390625 2.3850021362304688 7.3909759521484375e-06
  endloop
endfacet
facet normal 0.0 0.0 0.0
  outer loop
    vertex 25.0347900390625 2.3850021362304688 7.3909759521484375e-06
    vertex 32.37725067138672 38.48235321044922 1.3589859008789062e-05
    vertex 34.246360778808594 37.33695983886719 1.33514404296875e-05
  endloop
endfacet
facet normal 0.0 0.0 0.0
  outer loop
    vertex 25.0347900390625 2.3850021362304688 7.3909759521484375e-06
    vertex 34.246360778808594 37.33695983886719 1.33514404296875e-05
    vertex 35.91328430175781 35.91327667236328 1.3113021850585938e-05
  endloop
endfacet
facet normal 0.0 0.0 0.0
  outer loop
    vertex 26.538253784179688 -0.6899827122688293 6.67572021484375e-06
    vertex 26.538253784179688 0.9480478763580322 7.152557373046875e-06
    vertex 28.668502807617188 -0.6899827122688293 6.67572021484375e-06
  endloop
endfacet
facet normal 0.0 0.0 0.0
  outer loop
    vertex 28.668502807617188 -0.6899827122688293 6.67572021484375e-06
    vertex 26.538253784179688 0.9480478763580322 7.152557373046875e-06
    vertex 29.4127197265625 0.9480478763580322 7.152557373046875e-06
  endloop
endfacet
facet normal 0.0 0.0 0.0
  outer loop
    vertex 28.668502807617188 -0.6899827122688293 6.67572021484375e-06
    vertex 29.4127197265625 0.9480478763580322 7.152557373046875e-06
    vertex 28.668502807617188 -1.0611602067947388 6.67572021484375e-06
  endloop
endfacet
facet normal 0.0 0.0 0.0
  outer loop
    vertex 28.668502807617188 -1.0611602067947388 6.67572021484375e-06
    vertex 29.4127197265625 0.9480478763580322 7.152557373046875e-06
    vertex 29.4127197265625 -1.6744146347045898 6.67572021484375e-06
  endloop
endfacet
facet normal 0.0 0.0 0.0
  outer loop
    vertex 28.668502807617188 -1.0611602067947388 6.67572021484375e-06
    vertex 29.4127197265625 -1.6744146347045898 6.67572021484375e-06
    vertex 26.03797149658203 -1.0611602067947388 6.67572021484375e-06
  endloop
endfacet
facet normal 0.0 0.0 0.0
  outer loop
    vertex 26.03797149658203 -1.0611602067947388 6.67572021484375e-06
    vertex 29.4127197265625 -1.6744146347045898 6.67572021484375e-06
    vertex 25.416648864746094 -1.6744146347045898 6.67572021484375e-06
  endloop
endfacet
facet normal 0.0 0.0 0.0
  outer loop
    vertex 26.03797149658203 -1.0611602067947388 6.67572021484375e-06
    vertex 25.416648864746094 -1.6744146347045898 6.67572021484375e-06
    vertex 26.03797149658203 1.3272974491119385 7.152557373046875e-06
  endloop
endfacet
facet normal 0.0 0.0 0.0
  outer loop
    vertex 26.03797149658203 1.3272974491119385 7.152557373046875e-06
    vertex 25.416648864746094 -1.6744146347045898 6.67572021484375e-06
    vertex 25.416648864746094 2.029308319091797 7.152557373046875e-06
  endloop
endfacet
facet normal 0.0 0.0 0.0
  outer loop
    vertex 26.03797149658203 1.3272974491119385 7.152557373046875e-06
    vertex 25.416648864746094 2.029308319091797 7.152557373046875e-06
    vertex 29.79010772705078 1.3272974491119385 7.152557373046875e-06
  endloop
endfacet
facet normal 0.0 0.0 0.0
  outer loop
    vertex 29.79010772705078 1.3272974491119385 7.152557373046875e-06
    vertex 25.416648864746094 2.029308319091797 7.152557373046875e-06
    vertex 30.403358459472656 2.029308319091797 7.152557373046875e-06
  endloop
endfacet
facet normal 0.0 0.0 0.0
  outer loop
    vertex 29.79010772705078 1.3272974491119385 7.152557373046875e-06
    vertex 30.403358459472656 2.029308319091797 7.152557373046875e-06
    vertex 29.79010772705078 -2.061732292175293 6.4373016357421875e-06
  endloop
endfacet
facet normal 0.0 0.0 0.0
  outer loop
    vertex 29.79010772705078 -2.061732292175293 6.4373016357421875e-06
    vertex 30.403358459472656 2.029308319091797 7.152557373046875e-06
    vertex 30.403358459472656 -1.085368275642395 6.67572021484375e-06
  endloop
endfacet
facet normal 0.0 0.0 0.0
  outer loop
    vertex 29.79010772705078 -2.061732292175293 6.4373016357421875e-06
    vertex 30.403358459472656 -1.085368275642395 6.67572021484375e-06
    vertex 40.00499725341797 -2.9752986431121826 6.4373016357421875e-06
  endloop
endfacet
facet normal 0.0 0.0 0.0
  outer loop
    vertex 40.00499725341797 -2.9752986431121826 6.4373016357421875e-06
    vertex 30.403358459472656 -1.085368275642395 6.67572021484375e-06
    vertex 34.23429870605469 -1.085368275642395 6.67572021484375e-06
  endloop
endfacet
facet normal 0.0 0.0 0.0
  outer loop
    vertex 40.00499725341797 -2.9752986431121826 6.4373016357421875e-06
    vertex 34.23429870605469 -1.085368275642395 6.67572021484375e-06
    vertex 36.60144805908203 -1.2730703353881836 6.67572021484375e-06
  endloop
endfacet
facet normal 0.0 0.0 0.0
  outer loop
    vertex 36.60144805908203 -1.2730703353881836 6.67572021484375e-06
    vertex 34.23429870605469 -1.085368275642395 6.67572021484375e-06
    vertex 35.302207946777344 -0.08953040838241577 6.9141387939453125e-06
  endloop
endfacet
facet normal 0.0 0.0 0.0
  outer loop
    vertex -13.31563949584961 -3.8888649940490723 6.198883056640625e-06
    vertex -12.274354934692383 -3.8888649940490723 6.198883056640625e-06
    vertex -11.046152114868164 -40.00498580932617 -2.384185791015625e-07
  endloop
endfacet
facet normal 0.0 0.0 0.0
  outer loop
    vertex -11.046152114868164 -40.00498580932617 -2.384185791015625e-07
    vertex -12.274354934692383 -3.8888649940490723 6.198883056640625e-06
    vertex -11.046152114868164 -2.9752986431121826 6.4373016357421875e-06
  endloop
endfacet
facet normal 0.0 0.0 0.0
  outer loop
    vertex -11.046152114868164 -40.00498580932617 -2.384185791015625e-07
    vertex -11.046152114868164 -2.9752986431121826 6.4373016357421875e-06
    vertex -9.817949295043945 -3.8888649940490723 6.198883056640625e-06
  endloop
endfacet
facet normal 0.0 0.0 0.0
  outer loop
    vertex -9.817949295043945 -3.8888649940490723 6.198883056640625e-06
    vertex -11.046152114868164 -2.9752986431121826 6.4373016357421875e-06
    vertex -9.817949295043945 -2.9752986431121826 6.4373016357421875e-06
  endloop
endfacet
facet normal 0.0 0.0 0.0
  outer loop
    vertex -5.089080810546875 -3.8888649940490723 6.198883056640625e-06
    vertex -9.199609756469727 -3.8888649940490723 6.198883056640625e-06
    vertex -5.089080810546875 -2.9752986431121826 6.4373016357421875e-06
  endloop
endfacet
facet normal 0.0 0.0 0.0
  outer loop
    vertex -5.089080810546875 -2.9752986431121826 6.4373016357421875e-06
    vertex -9.199609756469727 -3.8888649940490723 6.198883056640625e-06
    vertex -8.501554489135742 -2.9752986431121826 6.4373016357421875e-06
  endloop
endfacet
facet normal 0.0 0.0 0.0
  outer loop
    vertex -5.089080810546875 -2.9752986431121826 6.4373016357421875e-06
    vertex -8.501554489135742 -2.9752986431121826 6.4373016357421875e-06
    vertex -5.089080810546875 1.490722894668579 7.152557373046875e-06
  endloop
endfacet
facet normal 0.0 0.0 0.0
  outer loop
    vertex -1.260772705078125 2.576801061630249 7.3909759521484375e-06
    vertex -1.2839241027832031 2.3121604919433594 7.3909759521484375e-06
    vertex -2.3442230224609375 40.00498580932617 1.3828277587890625e-05
  endloop
endfacet
facet normal 0.0 0.0 0.0
  outer loop
    vertex -2.3442230224609375 40.00498580932617 1.3828277587890625e-05
    vertex -1.2839241027832031 2.3121604919433594 7.3909759521484375e-06
    vertex -2.3442230224609375 -2.9752986431121826 6.4373016357421875e-06
  endloop
endfacet
facet normal 0.0 0.0 0.0
  outer loop
    vertex -2.3442230224609375 40.00498580932617 1.3828277587890625e-05
    vertex -2.3442230224609375 -2.9752986431121826 6.4373016357421875e-06
    vertex -3.404521942138672 3.8361620903015137 7.62939453125e-06
  endloop
endfacet
facet normal 0.0 0.0 0.0
  outer loop
    vertex -9.817949295043945 -3.8888649940490723 6.198883056640625e-06
    vertex -9.199609756469727 -3.8888649940490723 6.198883056640625e-06
    vertex -11.046152114868164 -40.00498580932617 -2.384185791015625e-07
  endloop
endfacet
facet normal 0.0 0.0 0.0
  outer loop
    vertex -11.046152114868164 -40.00498580932617 -2.384185791015625e-07
    vertex -9.199609756469727 -3.8888649940490723 6.198883056640625e-06
    vertex -5.089080810546875 -3.8888649940490723 6.198883056640625e-06
  endloop
endfacet
facet normal 0.0 0.0 0.0
  outer loop
    vertex -11.046152114868164 -40.00498580932617 -2.384185791015625e-07
    vertex -5.089080810546875 -3.8888649940490723 6.198883056640625e-06
    vertex -2.3442230224609375 -40.00498580932617 -2.384185791015625e-07
  endloop
endfacet
facet normal 0.0 0.0 0.0
  outer loop
    vertex -2.3442230224609375 -40.00498580932617 -2.384185791015625e-07
    vertex -5.089080810546875 -3.8888649940490723 6.198883056640625e-06
    vertex -3.404521942138672 -3.8888649940490723 6.198883056640625e-06
  endloop
endfacet
facet normal 0.0 0.0 0.0
  outer loop
    vertex -2.3442230224609375 -40.00498580932617 -2.384185791015625e-07
    vertex -3.404521942138672 -3.8888649940490723 6.198883056640625e-06
    vertex -2.3442230224609375 -2.9752986431121826 6.4373016357421875e-06
  endloop
endfacet
facet normal 0.0 0.0 0.0
  outer loop
    vertex -2.3442230224609375 -2.9752986431121826 6.4373016357421875e-06
    vertex -3.404521942138672 -3.8888649940490723 6.198883056640625e-06
    vertex -3.404521942138672 -2.9752986431121826 6.4373016357421875e-06
  endloop
endfacet
facet normal 0.0 0.0 0.0
  outer loop
    vertex -2.3442230224609375 -2.9752986431121826 6.4373016357421875e-06
    vertex -3.404521942138672 -2.9752986431121826 6.4373016357421875e-06
    vertex -3.404521942138672 3.8361620903015137 7.62939453125e-06
  endloop
endfacet
facet normal 0.0 0.0 0.0
  outer loop
    vertex -4.60723876953125 3.8361620903015137 7.62939453125e-06
    vertex -8.717279434204102 -1.542780876159668 6.67572021484375e-06
    vertex -8.717279434204102 3.8361620903015137 7.62939453125e-06
  endloop
endfacet
facet normal 0.0 0.0 0.0
  outer loop
    vertex -3.404521942138672 3.8361620903015137 7.62939453125e-06
    vertex -4.60723876953125 3.8361620903015137 7.62939453125e-06
    vertex -2.3442230224609375 40.00498580932617 1.3828277587890625e-05
  endloop
endfacet
facet normal 0.0 0.0 0.0
  outer loop
    vertex -2.3442230224609375 40.00498580932617 1.3828277587890625e-05
    vertex -4.60723876953125 3.8361620903015137 7.62939453125e-06
    vertex -8.717279434204102 3.8361620903015137 7.62939453125e-06
  endloop
endfacet
facet normal 0.0 0.0 0.0
  outer loop
    vertex -2.3442230224609375 40.00498580932617 1.3828277587890625e-05
    vertex -8.717279434204102 3.8361620903015137 7.62939453125e-06
    vertex -11.046152114868164 40.00498580932617 1.3828277587890625e-05
  endloop
endfacet
facet normal 0.0 0.0 0.0
  outer loop
    vertex -11.046152114868164 40.00498580932617 1.3828277587890625e-05
    vertex -8.717279434204102 3.8361620903015137 7.62939453125e-06
    vertex -9.817949295043945 3.8361620903015137 7.62939453125e-06
  endloop
endfacet
facet normal 0.0 0.0 0.0
  outer loop
    vertex -13.31563949584961 -2.9752986431121826 6.4373016357421875e-06
    vertex -14.801277160644531 -2.9752986431121826 6.4373016357421875e-06
    vertex -13.31563949584961 3.8361620903015137 7.62939453125e-06
  endloop
endfacet
facet normal 0.0 0.0 0.0
  outer loop
    vertex -13.31563949584961 3.8361620903015137 7.62939453125e-06
    vertex -14.801277160644531 -2.9752986431121826 6.4373016357421875e-06
    vertex -14.801277160644531 40.00498580932617 1.3828277587890625e-05
  endloop
endfacet
facet normal 0.0 0.0 0.0
  outer loop
    vertex -13.31563949584961 3.8361620903015137 7.62939453125e-06
    vertex -14.801277160644531 40.00498580932617 1.3828277587890625e-05
    vertex -12.274354934692383 3.8361620903015137 7.62939453125e-06
  endloop
endfacet
facet normal 0.0 0.0 0.0
  outer loop
    vertex -12.274354934692383 3.8361620903015137 7.62939453125e-06
    vertex -14.801277160644531 40.00498580932617 1.3828277587890625e-05
    vertex -11.046152114868164 40.00498580932617 1.3828277587890625e-05
  endloop
endfacet
facet normal 0.0 0.0 0.0
  outer loop
    vertex -12.274354934692383 3.8361620903015137 7.62939453125e-06
    vertex -11.046152114868164 40.00498580932617 1.3828277587890625e-05
    vertex -11.046152114868164 -2.9752986431121826 6.4373016357421875e-06
  endloop
endfacet
facet normal 0.0 0.0 0.0
  outer loop
    vertex -11.046152114868164 -2.9752986431121826 6.4373016357421875e-06
    vertex -11.046152114868164 40.00498580932617 1.3828277587890625e-05
    vertex -9.817949295043945 3.8361620903015137 7.62939453125e-06
  endloop
endfacet
facet normal 0.0 0.0 0.0
  outer loop
    vertex -11.046152114868164 -2.9752986431121826 6.4373016357421875e-06
    vertex -9.817949295043945 3.8361620903015137 7.62939453125e-06
    vertex -9.817949295043945 -2.9752986431121826 6.4373016357421875e-06
  endloop
endfacet
facet normal 0.0 0.0 0.0
  outer loop
    vertex -33.95349884033203 -35.471893310546875 2.5399999618530273
    vertex -34.24635696411133 -37.33695983886719 2.539999485015869
    vertex -32.194496154785156 -36.70356369018555 2.5399997234344482
  endloop
endfacet
facet normal 0.0 0.0 0.0
  outer loop
    vertex -32.194496154785156 -36.70356369018555 2.5399997234344482
    vertex -34.24635696411133 -37.33695983886719 2.539999485015869
    vertex -32.37724304199219 -38.48235321044922 2.539999485015869
  endloop
endfacet
facet normal 0.0 0.0 0.0
  outer loop
    vertex -32.194496154785156 -36.70356369018555 2.5399997234344482
    vertex -32.37724304199219 -38.48235321044922 2.539999485015869
    vertex -30.24834442138672 -37.61106491088867 2.539999485015869
  endloop
endfacet
facet normal 0.0 0.0 0.0
  outer loop
    vertex -30.24834442138672 -37.61106491088867 2.539999485015869
    vertex -32.37724304199219 -38.48235321044922 2.539999485015869
    vertex -30.351964950561523 -39.321250915527344 2.539999485015869
  endloop
endfacet
facet normal 0.0 0.0 0.0
  outer loop
    vertex -30.24834442138672 -37.61106491088867 2.539999485015869
    vertex -30.351964950561523 -39.321250915527344 2.539999485015869
    vertex -28.174169540405273 -38.16684341430664 2.539999485015869
  endloop
endfacet
facet normal 0.0 0.0 0.0
  outer loop
    vertex -28.174169540405273 -38.16684341430664 2.539999485015869
    vertex -30.351964950561523 -39.321250915527344 2.539999485015869
    vertex -28.220386505126953 -39.83300018310547 2.53999924659729
  endloop
endfacet
facet normal 0.0 0.0 0.0
  outer loop
    vertex -28.174169540405273 -38.16684341430664 2.539999485015869
    vertex -28.220386505126953 -39.83300018310547 2.53999924659729
    vertex -26.034997940063477 -38.3539924621582 2.539999485015869
  endloop
endfacet
facet normal 0.0 0.0 0.0
  outer loop
    vertex -26.034997940063477 -38.3539924621582 2.539999485015869
    vertex -28.220386505126953 -39.83300018310547 2.53999924659729
    vertex -26.034997940063477 -40.00498580932617 2.53999924659729
  endloop
endfacet
facet normal 0.0 0.0 0.0
  outer loop
    vertex -26.034997940063477 -38.3539924621582 2.539999485015869
    vertex -26.034997940063477 -40.00498580932617 2.53999924659729
    vertex 26.035003662109375 -38.3539924621582 2.539999485015869
  endloop
endfacet
facet normal 0.0 0.0 0.0
  outer loop
    vertex 26.035003662109375 -38.3539924621582 2.539999485015869
    vertex -26.034997940063477 -40.00498580932617 2.53999924659729
    vertex 26.035003662109375 -40.00498580932617 2.53999924659729
  endloop
endfacet
facet normal 0.0 0.0 0.0
  outer loop
    vertex 26.035003662109375 -38.3539924621582 2.539999485015869
    vertex 26.035003662109375 -40.00498580932617 2.53999924659729
    vertex 28.174179077148438 -38.16684341430664 2.539999485015869
  endloop
endfacet
facet normal 0.0 0.0 0.0
  outer loop
    vertex 28.174179077148438 -38.16684341430664 2.539999485015869
    vertex 26.035003662109375 -40.00498580932617 2.53999924659729
    vertex 28.22039031982422 -39.83300018310547 2.53999924659729
  endloop
endfacet
facet normal 0.0 0.0 0.0
  outer loop
    vertex 28.174179077148438 -38.16684341430664 2.539999485015869
    vertex 28.22039031982422 -39.83300018310547 2.53999924659729
    vertex 30.24835205078125 -37.61106491088867 2.539999485015869
  endloop
endfacet
facet normal 0.0 0.0 0.0
  outer loop
    vertex 30.24835205078125 -37.61106491088867 2.539999485015869
    vertex 28.22039031982422 -39.83300018310547 2.53999924659729
    vertex 30.351966857910156 -39.321250915527344 2.539999485015869
  endloop
endfacet
facet normal 0.0 0.0 0.0
  outer loop
    vertex 30.24835205078125 -37.61106491088867 2.539999485015869
    vertex 30.351966857910156 -39.321250915527344 2.539999485015869
    vertex 32.19450378417969 -36.70356369018555 2.5399997234344482
  endloop
endfacet
facet normal 0.0 0.0 0.0
  outer loop
    vertex 32.19450378417969 -36.70356369018555 2.5399997234344482
    vertex 30.351966857910156 -39.321250915527344 2.539999485015869
    vertex 32.37725067138672 -38.48235321044922 2.539999485015869
  endloop
endfacet
facet normal 0.0 0.0 0.0
  outer loop
    vertex 32.19450378417969 -36.70356369018555 2.5399997234344482
    vertex 32.37725067138672 -38.48235321044922 2.539999485015869
    vertex 33.95350646972656 -35.471893310546875 2.5399999618530273
  endloop
endfacet
facet normal 0.0 0.0 0.0
  outer loop
    vertex 32.37725067138672 -38.48235321044922 2.539999485015869
    vertex 34.246360778808594 -37.33695983886719 2.539999485015869
    vertex 33.95350646972656 -35.471893310546875 2.5399999618530273
  endloop
endfacet
facet normal 0.0 0.0 0.0
  outer loop
    vertex 33.95350646972656 -35.471893310546875 2.5399999618530273
    vertex 34.246360778808594 -37.33695983886719 2.539999485015869
    vertex 35.91328430175781 -35.913272857666016 2.5399999618530273
  endloop
endfacet
facet normal 0.0 0.0 0.0
  outer loop
    vertex 33.95350646972656 -35.471893310546875 2.5399999618530273
    vertex 35.91328430175781 -35.913272857666016 2.5399999618530273
    vertex 35.471900939941406 -33.953495025634766 2.5400002002716064
  endloop
endfacet
facet normal 0.0 0.0 0.0
  outer loop
    vertex 35.471900939941406 -33.953495025634766 2.5400002002716064
    vertex 35.91328430175781 -35.913272857666016 2.5399999618530273
    vertex 37.33696746826172 -34.24635314941406 2.5400002002716064
  endloop
endfacet
facet normal 0.0 0.0 0.0
  outer loop
    vertex 35.471900939941406 -33.953495025634766 2.5400002002716064
    vertex 37.33696746826172 -34.24635314941406 2.5400002002716064
    vertex 36.703575134277344 -32.19449234008789 2.5400004386901855
  endloop
endfacet
facet normal 0.0 0.0 0.0
  outer loop
    vertex 36.703575134277344 -32.19449234008789 2.5400004386901855
    vertex 37.33696746826172 -34.24635314941406 2.5400002002716064
    vertex 38.48236083984375 -32.37724304199219 2.5400004386901855
  endloop
endfacet
facet normal 0.0 0.0 0.0
  outer loop
    vertex 36.703575134277344 -32.19449234008789 2.5400004386901855
    vertex 38.48236083984375 -32.37724304199219 2.5400004386901855
    vertex 37.61107635498047 -30.248342514038086 2.5400009155273438
  endloop
endfacet
facet normal 0.0 0.0 0.0
  outer loop
    vertex 37.61107635498047 -30.248342514038086 2.5400009155273438
    vertex 38.48236083984375 -32.37724304199219 2.5400004386901855
    vertex 39.321258544921875 -30.351957321166992 2.5400009155273438
  endloop
endfacet
facet normal 0.0 0.0 0.0
  outer loop
    vertex 37.61107635498047 -30.248342514038086 2.5400009155273438
    vertex 39.321258544921875 -30.351957321166992 2.5400009155273438
    vertex 38.16685485839844 -28.17416763305664 2.540001392364502
  endloop
endfacet
facet normal 0.0 0.0 0.0
  outer loop
    vertex 38.16685485839844 -28.17416763305664 2.540001392364502
    vertex 39.321258544921875 -30.351957321166992 2.5400009155273438
    vertex 39.8330078125 -28.220382690429688 2.540001392364502
  endloop
endfacet
facet normal 0.0 0.0 0.0
  outer loop
    vertex 38.16685485839844 -28.17416763305664 2.540001392364502
    vertex 39.8330078125 -28.220382690429688 2.540001392364502
    vertex 38.35400390625 -26.034996032714844 2.540001630783081
  endloop
endfacet
facet normal 0.0 0.0 0.0
  outer loop
    vertex 38.35400390625 -26.034996032714844 2.540001630783081
    vertex 39.8330078125 -28.220382690429688 2.540001392364502
    vertex 40.00499725341797 -26.034996032714844 2.540001630783081
  endloop
endfacet
facet normal 0.0 0.0 0.0
  outer loop
    vertex 38.35400390625 -26.034996032714844 2.540001630783081
    vertex 40.00499725341797 -26.034996032714844 2.540001630783081
    vertex 38.35400390625 26.034990310668945 2.540010929107666
  endloop
endfacet
facet normal 0.0 0.0 0.0
  outer loop
    vertex 38.35400390625 26.034990310668945 2.540010929107666
    vertex 40.00499725341797 -26.034996032714844 2.540001630783081
    vertex 40.00499725341797 26.034990310668945 2.540010929107666
  endloop
endfacet
facet normal 0.0 0.0 0.0
  outer loop
    vertex 38.35400390625 26.034990310668945 2.540010929107666
    vertex 40.00499725341797 26.034990310668945 2.540010929107666
    vertex 38.16685485839844 28.174163818359375 2.540011167526245
  endloop
endfacet
facet normal 0.0 0.0 0.0
  outer loop
    vertex 38.16685485839844 28.174163818359375 2.540011167526245
    vertex 40.00499725341797 26.034990310668945 2.540010929107666
    vertex 39.8330078125 28.220382690429688 2.540011167526245
  endloop
endfacet
facet normal 0.0 0.0 0.0
  outer loop
    vertex 38.16685485839844 28.174163818359375 2.540011167526245
    vertex 39.8330078125 28.220382690429688 2.540011167526245
    vertex 37.61107635498047 30.248336791992188 2.540011405944824
  endloop
endfacet
facet normal 0.0 0.0 0.0
  outer loop
    vertex 37.61107635498047 30.248336791992188 2.540011405944824
    vertex 39.8330078125 28.220382690429688 2.540011167526245
    vertex 39.321258544921875 30.351959228515625 2.540011405944824
  endloop
endfacet
facet normal 0.0 0.0 0.0
  outer loop
    vertex 37.61107635498047 30.248336791992188 2.540011405944824
    vertex 39.321258544921875 30.351959228515625 2.540011405944824
    vertex 36.703575134277344 32.194488525390625 2.5400118827819824
  endloop
endfacet
facet normal 0.0 0.0 0.0
  outer loop
    vertex 36.703575134277344 32.194488525390625 2.5400118827819824
    vertex 39.321258544921875 30.351959228515625 2.540011405944824
    vertex 38.48236083984375 32.377235412597656 2.5400118827819824
  endloop
endfacet
facet normal 0.0 0.0 0.0
  outer loop
    vertex 36.703575134277344 32.194488525390625 2.5400118827819824
    vertex 38.48236083984375 32.377235412597656 2.5400118827819824
    vertex 35.471900939941406 33.95349884033203 2.5400123596191406
  endloop
endfacet
facet normal 0.0 0.0 0.0
  outer loop
    vertex -33.95349884033203 35.471893310546875 2.5400123596191406
    vertex -35.91328048706055 35.91327667236328 2.5400123596191406
    vertex -35.47189712524414 33.95349884033203 2.5400123596191406
  endloop
endfacet
facet normal 0.0 0.0 0.0
  outer loop
    vertex -35.47189712524414 33.95349884033203 2.5400123596191406
    vertex -35.91328048706055 35.91327667236328 2.5400123596191406
    vertex -37.33696365356445 34.24634552001953 2.5400123596191406
  endloop
endfacet
facet normal 0.0 0.0 0.0
  outer loop
    vertex -35.47189712524414 33.95349884033203 2.5400123596191406
    vertex -37.33696365356445 34.24634552001953 2.5400123596191406
    vertex -36.70356369018555 32.194488525390625 2.5400118827819824
  endloop
endfacet
facet normal 0.0 0.0 0.0
  outer loop
    vertex -36.70356369018555 32.194488525390625 2.5400118827819824
    vertex -37.33696365356445 34.24634552001953 2.5400123596191406
    vertex -38.482357025146484 32.377235412597656 2.5400118827819824
  endloop
endfacet
facet normal 0.0 0.0 0.0
  outer loop
    vertex -36.70356369018555 32.194488525390625 2.5400118827819824
    vertex -38.482357025146484 32.377235412597656 2.5400118827819824
    vertex -37.6110725402832 30.248336791992188 2.540011405944824
  endloop
endfacet
facet normal 0.0 0.0 0.0
  outer loop
    vertex -37.6110725402832 30.248336791992188 2.540011405944824
    vertex -38.482357025146484 32.377235412597656 2.5400118827819824
    vertex -39.321258544921875 30.351959228515625 2.540011405944824
  endloop
endfacet
facet normal 0.0 0.0 0.0
  outer loop
    vertex -37.6110725402832 30.248336791992188 2.540011405944824
    vertex -39.321258544921875 30.351959228515625 2.540011405944824
    vertex -38.16684341430664 28.174163818359375 2.540011167526245
  endloop
endfacet
facet normal 0.0 0.0 0.0
  outer loop
    vertex -38.16684341430664 28.174163818359375 2.540011167526245
    vertex -39.321258544921875 30.351959228515625 2.540011405944824
    vertex -39.833003997802734 28.220382690429688 2.540011167526245
  endloop
endfacet
facet normal 0.0 0.0 0.0
  outer loop
    vertex -38.16684341430664 28.174163818359375 2.540011167526245
    vertex -39.833003997802734 28.220382690429688 2.540011167526245
    vertex -38.35399627685547 26.034990310668945 2.540010929107666
  endloop
endfacet
facet normal 0.0 0.0 0.0
  outer loop
    vertex -38.35399627685547 26.034990310668945 2.540010929107666
    vertex -39.833003997802734 28.220382690429688 2.540011167526245
    vertex -40.00499725341797 26.034990310668945 2.540010929107666
  endloop
endfacet
facet normal 0.0 0.0 0.0
  outer loop
    vertex -38.35399627685547 26.034990310668945 2.540010929107666
    vertex -40.00499725341797 26.034990310668945 2.540010929107666
    vertex -38.35399627685547 -26.034996032714844 2.540001630783081
  endloop
endfacet
facet normal 0.0 0.0 0.0
  outer loop
    vertex -38.35399627685547 -26.034996032714844 2.540001630783081
    vertex -40.00499725341797 26.034990310668945 2.540010929107666
    vertex -40.00499725341797 -26.034996032714844 2.540001630783081
  endloop
endfacet
facet normal 0.0 0.0 0.0
  outer loop
    vertex -38.35399627685547 -26.034996032714844 2.540001630783081
    vertex -40.00499725341797 -26.034996032714844 2.540001630783081
    vertex -38.16684341430664 -28.17416763305664 2.540001392364502
  endloop
endfacet
facet normal 0.0 0.0 0.0
  outer loop
    vertex -38.16684341430664 -28.17416763305664 2.540001392364502
    vertex -40.00499725341797 -26.034996032714844 2.540001630783081
    vertex -39.833003997802734 -28.220382690429688 2.540001392364502
  endloop
endfacet
facet normal 0.0 0.0 0.0
  outer loop
    vertex -38.16684341430664 -28.17416763305664 2.540001392364502
    vertex -39.833003997802734 -28.220382690429688 2.540001392364502
    vertex -37.6110725402832 -30.248342514038086 2.5400009155273438
  endloop
endfacet
facet normal 0.0 0.0 0.0
  outer loop
    vertex -37.6110725402832 -30.248342514038086 2.5400009155273438
    vertex -39.833003997802734 -28.220382690429688 2.540001392364502
    vertex -39.321258544921875 -30.351957321166992 2.5400009155273438
  endloop
endfacet
facet normal 0.0 0.0 0.0
  outer loop
    vertex -37.6110725402832 -30.248342514038086 2.5400009155273438
    vertex -39.321258544921875 -30.351957321166992 2.5400009155273438
    vertex -36.70356369018555 -32.19449234008789 2.5400004386901855
  endloop
endfacet
facet normal 0.0 0.0 0.0
  outer loop
    vertex -36.70356369018555 -32.19449234008789 2.5400004386901855
    vertex -39.321258544921875 -30.351957321166992 2.5400009155273438
    vertex -38.482357025146484 -32.37724304199219 2.5400004386901855
  endloop
endfacet
facet normal 0.0 0.0 0.0
  outer loop
    vertex -36.70356369018555 -32.19449234008789 2.5400004386901855
    vertex -38.482357025146484 -32.37724304199219 2.5400004386901855
    vertex -35.47189712524414 -33.953495025634766 2.5400002002716064
  endloop
endfacet
facet normal 0.0 0.0 0.0
  outer loop
    vertex -35.47189712524414 -33.953495025634766 2.5400002002716064
    vertex -38.482357025146484 -32.37724304199219 2.5400004386901855
    vertex -37.33696365356445 -34.24635314941406 2.5400002002716064
  endloop
endfacet
facet normal 0.0 0.0 0.0
  outer loop
    vertex -35.47189712524414 -33.953495025634766 2.5400002002716064
    vertex -37.33696365356445 -34.24635314941406 2.5400002002716064
    vertex -33.95349884033203 -35.471893310546875 2.5399999618530273
  endloop
endfacet
facet normal 0.0 0.0 0.0
  outer loop
    vertex -33.95349884033203 -35.471893310546875 2.5399999618530273
    vertex -37.33696365356445 -34.24635314941406 2.5400002002716064
    vertex -35.91328048706055 -35.913272857666016 2.5399999618530273
  endloop
endfacet
facet normal 0.0 0.0 0.0
  outer loop
    vertex -33.95349884033203 -35.471893310546875 2.5399999618530273
    vertex -35.91328048706055 -35.913272857666016 2.5399999618530273
    vertex -34.24635696411133 -37.33695983886719 2.539999485015869
  endloop
endfacet
facet normal 0.0 0.0 0.0
  outer loop
    vertex 38.48236083984375 32.377235412597656 2.5400118827819824
    vertex 37.33696746826172 34.24634552001953 2.5400123596191406
    vertex 35.471900939941406 33.95349884033203 2.5400123596191406
  endloop
endfacet
facet normal 0.0 0.0 0.0
  outer loop
    vertex 35.471900939941406 33.95349884033203 2.5400123596191406
    vertex 37.33696746826172 34.24634552001953 2.5400123596191406
    vertex 35.91328430175781 35.91327667236328 2.5400123596191406
  endloop
endfacet
facet normal 0.0 0.0 0.0
  outer loop
    vertex 35.471900939941406 33.95349884033203 2.5400123596191406
    vertex 35.91328430175781 35.91327667236328 2.5400123596191406
    vertex 33.95350646972656 35.471893310546875 2.5400123596191406
  endloop
endfacet
facet normal 0.0 0.0 0.0
  outer loop
    vertex 33.95350646972656 35.471893310546875 2.5400123596191406
    vertex 35.91328430175781 35.91327667236328 2.5400123596191406
    vertex 34.246360778808594 37.33695983886719 2.540012836456299
  endloop
endfacet
facet normal 0.0 0.0 0.0
  outer loop
    vertex 33.95350646972656 35.471893310546875 2.5400123596191406
    vertex 34.246360778808594 37.33695983886719 2.540012836456299
    vertex 32.19450378417969 36.70355987548828 2.540012836456299
  endloop
endfacet
facet normal 0.0 0.0 0.0
  outer loop
    vertex 32.19450378417969 36.70355987548828 2.540012836456299
    vertex 34.246360778808594 37.33695983886719 2.540012836456299
    vertex 32.37725067138672 38.48235321044922 2.540012836456299
  endloop
endfacet
facet normal 0.0 0.0 0.0
  outer loop
    vertex 32.19450378417969 36.70355987548828 2.540012836456299
    vertex 32.37725067138672 38.48235321044922 2.540012836456299
    vertex 30.24835205078125 37.61106872558594 2.540012836456299
  endloop
endfacet
facet normal 0.0 0.0 0.0
  outer loop
    vertex 30.24835205078125 37.61106872558594 2.540012836456299
    vertex 32.37725067138672 38.48235321044922 2.540012836456299
    vertex 30.351966857910156 39.321250915527344 2.540013313293457
  endloop
endfacet
facet normal 0.0 0.0 0.0
  outer loop
    vertex 30.24835205078125 37.61106872558594 2.540012836456299
    vertex 30.351966857910156 39.321250915527344 2.540013313293457
    vertex 28.174179077148438 38.166839599609375 2.540012836456299
  endloop
endfacet
facet normal 0.0 0.0 0.0
  outer loop
    vertex 28.174179077148438 38.166839599609375 2.540012836456299
    vertex 30.351966857910156 39.321250915527344 2.540013313293457
    vertex 28.22039031982422 39.83299255371094 2.540013313293457
  endloop
endfacet
facet normal 0.0 0.0 0.0
  outer loop
    vertex 28.174179077148438 38.166839599609375 2.540012836456299
    vertex 28.22039031982422 39.83299255371094 2.540013313293457
    vertex 26.035003662109375 38.35399627685547 2.540012836456299
  endloop
endfacet
facet normal 0.0 0.0 0.0
  outer loop
    vertex 26.035003662109375 38.35399627685547 2.540012836456299
    vertex 28.22039031982422 39.83299255371094 2.540013313293457
    vertex 26.035003662109375 40.00498580932617 2.540013313293457
  endloop
endfacet
facet normal 0.0 0.0 0.0
  outer loop
    vertex 26.035003662109375 38.35399627685547 2.540012836456299
    vertex 26.035003662109375 40.00498580932617 2.540013313293457
    vertex -26.034997940063477 38.35399627685547 2.540012836456299
  endloop
endfacet
facet normal 0.0 0.0 0.0
  outer loop
    vertex -26.034997940063477 38.35399627685547 2.540012836456299
    vertex 26.035003662109375 40.00498580932617 2.540013313293457
    vertex -26.034997940063477 40.00498580932617 2.540013313293457
  endloop
endfacet
facet normal 0.0 0.0 0.0
  outer loop
    vertex -26.034997940063477 38.35399627685547 2.540012836456299
    vertex -26.034997940063477 40.00498580932617 2.540013313293457
    vertex -28.174169540405273 38.166839599609375 2.540012836456299
  endloop
endfacet
facet normal 0.0 0.0 0.0
  outer loop
    vertex -28.174169540405273 38.166839599609375 2.540012836456299
    vertex -26.034997940063477 40.00498580932617 2.540013313293457
    vertex -28.220386505126953 39.83299255371094 2.540013313293457
  endloop
endfacet
facet normal 0.0 0.0 0.0
  outer loop
    vertex -28.174169540405273 38.166839599609375 2.540012836456299
    vertex -28.220386505126953 39.83299255371094 2.540013313293457
    vertex -30.24834442138672 37.61106872558594 2.540012836456299
  endloop
endfacet
facet normal 0.0 0.0 0.0
  outer loop
    vertex -30.24834442138672 37.61106872558594 2.540012836456299
    vertex -28.220386505126953 39.83299255371094 2.540013313293457
    vertex -30.351964950561523 39.321250915527344 2.540013313293457
  endloop
endfacet
facet normal 0.0 0.0 0.0
  outer loop
    vertex -30.24834442138672 37.61106872558594 2.540012836456299
    vertex -30.351964950561523 39.321250915527344 2.540013313293457
    vertex -32.194496154785156 36.70355987548828 2.540012836456299
  endloop
endfacet
facet normal 0.0 0.0 0.0
  outer loop
    vertex -32.194496154785156 36.70355987548828 2.540012836456299
    vertex -30.351964950561523 39.321250915527344 2.540013313293457
    vertex -32.37724304199219 38.48235321044922 2.540012836456299
  endloop
endfacet
facet normal 0.0 0.0 0.0
  outer loop
    vertex -32.194496154785156 36.70355987548828 2.540012836456299
    vertex -32.37724304199219 38.48235321044922 2.540012836456299
    vertex -33.95349884033203 35.471893310546875 2.5400123596191406
  endloop
endfacet
facet normal 0.0 0.0 0.0
  outer loop
    vertex -33.95349884033203 35.471893310546875 2.5400123596191406
    vertex -32.37724304199219 38.48235321044922 2.540012836456299
    vertex -34.24635696411133 37.33695983886719 2.540012836456299
  endloop
endfacet
facet normal 0.0 0.0 0.0
  outer loop
    vertex -33.95349884033203 35.471893310546875 2.5400123596191406
    vertex -34.24635696411133 37.33695983886719 2.540012836456299
    vertex -35.91328048706055 35.91327667236328 2.5400123596191406
  endloop
endfacet
facet normal 0.0 0.0 0.0
  outer loop
    vertex 26.035003662109375 40.00498580932617 1.3828277587890625e-05
    vertex 26.035003662109375 40.00498580932617 2.540013313293457
    vertex 28.22039031982422 39.83299255371094 2.540013313293457
  endloop
endfacet
facet normal 0.0 0.0 0.0
  outer loop
    vertex 26.035003662109375 40.00498580932617 1.3828277587890625e-05
    vertex 28.22039031982422 39.83299255371094 2.540013313293457
    vertex 28.22039031982422 39.83299255371094 1.3828277587890625e-05
  endloop
endfacet
facet normal 0.0 0.0 0.0
  outer loop
    vertex 28.22039031982422 39.83299255371094 1.3828277587890625e-05
    vertex 28.22039031982422 39.83299255371094 2.540013313293457
    vertex 30.351966857910156 39.321250915527344 2.540013313293457
  endloop
endfacet
facet normal 0.0 0.0 0.0
  outer loop
    vertex 28.22039031982422 39.83299255371094 1.3828277587890625e-05
    vertex 30.351966857910156 39.321250915527344 2.540013313293457
    vertex 30.351966857910156 39.321250915527344 1.3828277587890625e-05
  endloop
endfacet
facet normal 0.0 0.0 0.0
  outer loop
    vertex 30.351966857910156 39.321250915527344 1.3828277587890625e-05
    vertex 30.351966857910156 39.321250915527344 2.540013313293457
    vertex 32.37725067138672 38.48235321044922 2.540012836456299
  endloop
endfacet
facet normal 0.0 0.0 0.0
  outer loop
    vertex 30.351966857910156 39.321250915527344 1.3828277587890625e-05
    vertex 32.37725067138672 38.48235321044922 2.540012836456299
    vertex 32.37725067138672 38.48235321044922 1.3589859008789062e-05
  endloop
endfacet
facet normal 0.0 0.0 0.0
  outer loop
    vertex 32.37725067138672 38.48235321044922 1.3589859008789062e-05
    vertex 32.37725067138672 38.48235321044922 2.540012836456299
    vertex 34.246360778808594 37.33695983886719 2.540012836456299
  endloop
endfacet
facet normal 0.0 0.0 0.0
  outer loop
    vertex 32.37725067138672 38.48235321044922 1.3589859008789062e-05
    vertex 34.246360778808594 37.33695983886719 2.540012836456299
    vertex 34.246360778808594 37.33695983886719 1.33514404296875e-05
  endloop
endfacet
facet normal 0.0 0.0 0.0
  outer loop
    vertex 34.246360778808594 37.33695983886719 1.33514404296875e-05
    vertex 34.246360778808594 37.33695983886719 2.540012836456299
    vertex 35.91328430175781 35.91327667236328 2.5400123596191406
  endloop
endfacet
facet normal 0.0 0.0 0.0
  outer loop
    vertex 34.246360778808594 37.33695983886719 1.33514404296875e-05
    vertex 35.91328430175781 35.91327667236328 2.5400123596191406
    vertex 35.91328430175781 35.91327667236328 1.3113021850585938e-05
  endloop
endfacet
facet normal 0.0 0.0 0.0
  outer loop
    vertex 35.91328430175781 35.91327667236328 1.3113021850585938e-05
    vertex 35.91328430175781 35.91327667236328 2.5400123596191406
    vertex 37.33696746826172 34.24634552001953 2.5400123596191406
  endloop
endfacet
facet normal 0.0 0.0 0.0
  outer loop
    vertex 35.91328430175781 35.91327667236328 1.3113021850585938e-05
    vertex 37.33696746826172 34.24634552001953 2.5400123596191406
    vertex 37.33696746826172 34.24634552001953 1.2874603271484375e-05
  endloop
endfacet
facet normal 0.0 0.0 0.0
  outer loop
    vertex 37.33696746826172 34.24634552001953 1.2874603271484375e-05
    vertex 37.33696746826172 34.24634552001953 2.5400123596191406
    vertex 38.48236083984375 32.377235412597656 2.5400118827819824
  endloop
endfacet
facet normal 0.0 0.0 0.0
  outer loop
    vertex 37.33696746826172 34.24634552001953 1.2874603271484375e-05
    vertex 38.48236083984375 32.377235412597656 2.5400118827819824
    vertex 38.48236083984375 32.377235412597656 1.2636184692382812e-05
  endloop
endfacet
facet normal 0.0 0.0 0.0
  outer loop
    vertex 38.48236083984375 32.377235412597656 1.2636184692382812e-05
    vertex 38.48236083984375 32.377235412597656 2.5400118827819824
    vertex 39.321258544921875 30.351959228515625 2.540011405944824
  endloop
endfacet
facet normal 0.0 0.0 0.0
  outer loop
    vertex 38.48236083984375 32.377235412597656 1.2636184692382812e-05
    vertex 39.321258544921875 30.351959228515625 2.540011405944824
    vertex 39.321258544921875 30.351959228515625 1.2159347534179688e-05
  endloop
endfacet
facet normal 0.0 0.0 0.0
  outer loop
    vertex 39.321258544921875 30.351959228515625 1.2159347534179688e-05
    vertex 39.321258544921875 30.351959228515625 2.540011405944824
    vertex 39.8330078125 28.220382690429688 2.540011167526245
  endloop
endfacet
facet normal 0.0 0.0 0.0
  outer loop
    vertex 39.321258544921875 30.351959228515625 1.2159347534179688e-05
    vertex 39.8330078125 28.220382690429688 2.540011167526245
    vertex 39.8330078125 28.220382690429688 1.1920928955078125e-05
  endloop
endfacet
facet normal 0.0 0.0 0.0
  outer loop
    vertex 39.8330078125 28.220382690429688 1.1920928955078125e-05
    vertex 39.8330078125 28.220382690429688 2.540011167526245
    vertex 40.00499725341797 26.034990310668945 2.540010929107666
  endloop
endfacet
facet normal 0.0 0.0 0.0
  outer loop
    vertex 39.8330078125 28.220382690429688 1.1920928955078125e-05
    vertex 40.00499725341797 26.034990310668945 2.540010929107666
    vertex 40.00499725341797 26.034990310668945 1.1444091796875e-05
  endloop
endfacet
facet normal 0.0 0.0 0.0
  outer loop
    vertex 40.00499725341797 26.034990310668945 1.1444091796875e-05
    vertex 40.00499725341797 26.034990310668945 2.540010929107666
    vertex 40.00499725341797 -2.9752986431121826 6.4373016357421875e-06
  endloop
endfacet
facet normal 0.0 0.0 0.0
  outer loop
    vertex 40.00499725341797 -2.9752986431121826 6.4373016357421875e-06
    vertex 40.00499725341797 26.034990310668945 2.540010929107666
    vertex 40.00499725341797 -26.034996032714844 2.540001630783081
  endloop
endfacet
facet normal 0.0 0.0 0.0
  outer loop
    vertex 40.00499725341797 -2.9752986431121826 6.4373016357421875e-06
    vertex 40.00499725341797 -26.034996032714844 2.540001630783081
    vertex 40.00499725341797 -26.034996032714844 2.384185791015625e-06
  endloop
endfacet
facet normal 0.0 0.0 0.0
  outer loop
    vertex 40.00499725341797 -26.034996032714844 2.384185791015625e-06
    vertex 40.00499725341797 -26.034996032714844 2.540001630783081
    vertex 39.8330078125 -28.220382690429688 2.540001392364502
  endloop
endfacet
facet normal 0.0 0.0 0.0
  outer loop
    vertex 40.00499725341797 -26.034996032714844 2.384185791015625e-06
    vertex 39.8330078125 -28.220382690429688 2.540001392364502
    vertex 39.8330078125 -28.220382690429688 1.9073486328125e-06
  endloop
endfacet
facet normal 0.0 0.0 0.0
  outer loop
    vertex 39.8330078125 -28.220382690429688 1.9073486328125e-06
    vertex 39.8330078125 -28.220382690429688 2.540001392364502
    vertex 39.321258544921875 -30.351957321166992 2.5400009155273438
  endloop
endfacet
facet normal 0.0 0.0 0.0
  outer loop
    vertex 39.8330078125 -28.220382690429688 1.9073486328125e-06
    vertex 39.321258544921875 -30.351957321166992 2.5400009155273438
    vertex 39.321258544921875 -30.351957321166992 1.430511474609375e-06
  endloop
endfacet
facet normal 0.0 0.0 0.0
  outer loop
    vertex 39.321258544921875 -30.351957321166992 1.430511474609375e-06
    vertex 39.321258544921875 -30.351957321166992 2.5400009155273438
    vertex 38.48236083984375 -32.37724304199219 2.5400004386901855
  endloop
endfacet
facet normal 0.0 0.0 0.0
  outer loop
    vertex 39.321258544921875 -30.351957321166992 1.430511474609375e-06
    vertex 38.48236083984375 -32.37724304199219 2.5400004386901855
    vertex 38.48236083984375 -32.37724304199219 1.1920928955078125e-06
  endloop
endfacet
facet normal 0.0 0.0 0.0
  outer loop
    vertex 38.48236083984375 -32.37724304199219 1.1920928955078125e-06
    vertex 38.48236083984375 -32.37724304199219 2.5400004386901855
    vertex 37.33696746826172 -34.24635314941406 2.5400002002716064
  endloop
endfacet
facet normal 0.0 0.0 0.0
  outer loop
    vertex 38.48236083984375 -32.37724304199219 1.1920928955078125e-06
    vertex 37.33696746826172 -34.24635314941406 2.5400002002716064
    vertex 37.33696746826172 -34.24635314941406 9.5367431640625e-07
  endloop
endfacet
facet normal 0.0 0.0 0.0
  outer loop
    vertex 37.33696746826172 -34.24635314941406 9.5367431640625e-07
    vertex 37.33696746826172 -34.24635314941406 2.5400002002716064
    vertex 35.91328430175781 -35.913272857666016 2.5399999618530273
  endloop
endfacet
facet normal 0.0 0.0 0.0
  outer loop
    vertex 37.33696746826172 -34.24635314941406 9.5367431640625e-07
    vertex 35.91328430175781 -35.913272857666016 2.5399999618530273
    vertex 35.91328430175781 -35.913272857666016 4.76837158203125e-07
  endloop
endfacet
facet normal 0.0 0.0 0.0
  outer loop
    vertex 35.91328430175781 -35.913272857666016 4.76837158203125e-07
    vertex 35.91328430175781 -35.913272857666016 2.5399999618530273
    vertex 34.246360778808594 -37.33695983886719 2.539999485015869
  endloop
endfacet
facet normal 0.0 0.0 0.0
  outer loop
    vertex 35.91328430175781 -35.913272857666016 4.76837158203125e-07
    vertex 34.246360778808594 -37.33695983886719 2.539999485015869
    vertex 34.246360778808594 -37.33695983886719 2.384185791015625e-07
  endloop
endfacet
facet normal 0.0 0.0 0.0
  outer loop
    vertex 34.246360778808594 -37.33695983886719 2.384185791015625e-07
    vertex 34.246360778808594 -37.33695983886719 2.539999485015869
    vertex 32.37725067138672 -38.48235321044922 2.539999485015869
  endloop
endfacet
facet normal 0.0 0.0 0.0
  outer loop
    vertex 34.246360778808594 -37.33695983886719 2.384185791015625e-07
    vertex 32.37725067138672 -38.48235321044922 2.539999485015869
    vertex 32.37725067138672 -38.48235321044922 0.0
  endloop
endfacet
facet normal 0.0 0.0 0.0
  outer loop
    vertex 32.37725067138672 -38.48235321044922 0.0
    vertex 32.37725067138672 -38.48235321044922 2.539999485015869
    vertex 30.351966857910156 -39.321250915527344 2.539999485015869
  endloop
endfacet
facet normal 0.0 0.0 0.0
  outer loop
    vertex 32.37725067138672 -38.48235321044922 0.0
    vertex 30.351966857910156 -39.321250915527344 2.539999485015869
    vertex 30.351966857910156 -39.321250915527344 0.0
  endloop
endfacet
facet normal 0.0 0.0 0.0
  outer loop
    vertex 30.351966857910156 -39.321250915527344 0.0
    vertex 30.351966857910156 -39.321250915527344 2.539999485015869
    vertex 28.22039031982422 -39.83300018310547 2.53999924659729
  endloop
endfacet
facet normal 0.0 0.0 0.0
  outer loop
    vertex 30.351966857910156 -39.321250915527344 0.0
    vertex 28.22039031982422 -39.83300018310547 2.53999924659729
    vertex 28.22039031982422 -39.83300018310547 -2.384185791015625e-07
  endloop
endfacet
facet normal 0.0 0.0 0.0
  outer loop
    vertex 28.22039031982422 -39.83300018310547 -2.384185791015625e-07
    vertex 28.22039031982422 -39.83300018310547 2.53999924659729
    vertex 26.035003662109375 -40.00498580932617 2.53999924659729
  endloop
endfacet
facet normal 0.0 0.0 0.0
  outer loop
    vertex 28.22039031982422 -39.83300018310547 -2.384185791015625e-07
    vertex 26.035003662109375 -40.00498580932617 2.53999924659729
    vertex 26.035003662109375 -40.00498580932617 -2.384185791015625e-07
  endloop
endfacet
facet normal 0.0 0.0 0.0
  outer loop
    vertex -26.034997940063477 -40.00498580932617 -2.384185791015625e-07
    vertex -23.932247161865234 -40.00498580932617 -2.384185791015625e-07
    vertex -26.034997940063477 -40.00498580932617 2.53999924659729
  endloop
endfacet
facet normal 0.0 0.0 0.0
  outer loop
    vertex -26.034997940063477 -40.00498580932617 2.53999924659729
    vertex -23.932247161865234 -40.00498580932617 -2.384185791015625e-07
    vertex -14.801277160644531 -40.00498580932617 -2.384185791015625e-07
  endloop
endfacet
facet normal 0.0 0.0 0.0
  outer loop
    vertex 6.798542022705078 -40.00498580932617 -2.384185791015625e-07
    vertex 26.035003662109375 -40.00498580932617 2.53999924659729
    vertex -2.3442230224609375 -40.00498580932617 -2.384185791015625e-07
  endloop
endfacet
facet normal 0.0 0.0 0.0
  outer loop
    vertex -2.3442230224609375 -40.00498580932617 -2.384185791015625e-07
    vertex 26.035003662109375 -40.00498580932617 2.53999924659729
    vertex -26.034997940063477 -40.00498580932617 2.53999924659729
  endloop
endfacet
facet normal 0.0 0.0 0.0
  outer loop
    vertex -2.3442230224609375 -40.00498580932617 -2.384185791015625e-07
    vertex -26.034997940063477 -40.00498580932617 2.53999924659729
    vertex -11.046152114868164 -40.00498580932617 -2.384185791015625e-07
  endloop
endfacet
facet normal 0.0 0.0 0.0
  outer loop
    vertex -11.046152114868164 -40.00498580932617 -2.384185791015625e-07
    vertex -26.034997940063477 -40.00498580932617 2.53999924659729
    vertex -14.801277160644531 -40.00498580932617 -2.384185791015625e-07
  endloop
endfacet
facet normal 0.0 0.0 0.0
  outer loop
    vertex 6.798542022705078 -40.00498580932617 -2.384185791015625e-07
    vertex 14.82464599609375 -40.00498580932617 -2.384185791015625e-07
    vertex 26.035003662109375 -40.00498580932617 2.53999924659729
  endloop
endfacet
facet normal 0.0 0.0 0.0
  outer loop
    vertex 26.035003662109375 -40.00498580932617 2.53999924659729
    vertex 14.82464599609375 -40.00498580932617 -2.384185791015625e-07
    vertex 23.65728759765625 -40.00498580932617 -2.384185791015625e-07
  endloop
endfacet
facet normal 0.0 0.0 0.0
  outer loop
    vertex 26.035003662109375 -40.00498580932617 2.53999924659729
    vertex 23.65728759765625 -40.00498580932617 -2.384185791015625e-07
    vertex 26.035003662109375 -40.00498580932617 -2.384185791015625e-07
  endloop
endfacet
facet normal 0.0 0.0 0.0
  outer loop
    vertex -26.034997940063477 -40.00498580932617 -2.384185791015625e-07
    vertex -26.034997940063477 -40.00498580932617 2.53999924659729
    vertex -28.220386505126953 -39.83300018310547 2.53999924659729
  endloop
endfacet
facet normal 0.0 0.0 0.0
  outer loop
    vertex -26.034997940063477 -40.00498580932617 -2.384185791015625e-07
    vertex -28.220386505126953 -39.83300018310547 2.53999924659729
    vertex -28.220386505126953 -39.83300018310547 -2.384185791015625e-07
  endloop
endfacet
facet normal 0.0 0.0 0.0
  outer loop
    vertex -28.220386505126953 -39.83300018310547 -2.384185791015625e-07
    vertex -28.220386505126953 -39.83300018310547 2.53999924659729
    vertex -30.351964950561523 -39.321250915527344 2.539999485015869
  endloop
endfacet
facet normal 0.0 0.0 0.0
  outer loop
    vertex -28.220386505126953 -39.83300018310547 -2.384185791015625e-07
    vertex -30.351964950561523 -39.321250915527344 2.539999485015869
    vertex -30.351964950561523 -39.321250915527344 0.0
  endloop
endfacet
facet normal 0.0 0.0 0.0
  outer loop
    vertex -30.351964950561523 -39.321250915527344 0.0
    vertex -30.351964950561523 -39.321250915527344 2.539999485015869
    vertex -32.37724304199219 -38.48235321044922 2.539999485015869
  endloop
endfacet
facet normal 0.0 0.0 0.0
  outer loop
    vertex -30.351964950561523 -39.321250915527344 0.0
    vertex -32.37724304199219 -38.48235321044922 2.539999485015869
    vertex -32.37724304199219 -38.48235321044922 0.0
  endloop
endfacet
facet normal 0.0 0.0 0.0
  outer loop
    vertex -32.37724304199219 -38.48235321044922 0.0
    vertex -32.37724304199219 -38.48235321044922 2.539999485015869
    vertex -34.24635696411133 -37.33695983886719 2.539999485015869
  endloop
endfacet
facet normal 0.0 0.0 0.0
  outer loop
    vertex -32.37724304199219 -38.48235321044922 0.0
    vertex -34.24635696411133 -37.33695983886719 2.539999485015869
    vertex -34.24635696411133 -37.33695983886719 2.384185791015625e-07
  endloop
endfacet
facet normal 0.0 0.0 0.0
  outer loop
    vertex -34.24635696411133 -37.33695983886719 2.384185791015625e-07
    vertex -34.24635696411133 -37.33695983886719 2.539999485015869
    vertex -35.91328048706055 -35.913272857666016 2.5399999618530273
  endloop
endfacet
facet normal 0.0 0.0 0.0
  outer loop
    vertex -34.24635696411133 -37.33695983886719 2.384185791015625e-07
    vertex -35.91328048706055 -35.913272857666016 2.5399999618530273
    vertex -35.91328048706055 -35.913272857666016 4.76837158203125e-07
  endloop
endfacet
facet normal 0.0 0.0 0.0
  outer loop
    vertex -35.91328048706055 -35.913272857666016 4.76837158203125e-07
    vertex -35.91328048706055 -35.913272857666016 2.5399999618530273
    vertex -37.33696365356445 -34.24635314941406 2.5400002002716064
  endloop
endfacet
facet normal 0.0 0.0 0.0
  outer loop
    vertex -35.91328048706055 -35.913272857666016 4.76837158203125e-07
    vertex -37.33696365356445 -34.24635314941406 2.5400002002716064
    vertex -37.33696365356445 -34.24635314941406 9.5367431640625e-07
  endloop
endfacet
facet normal 0.0 0.0 0.0
  outer loop
    vertex -37.33696365356445 -34.24635314941406 9.5367431640625e-07
    vertex -37.33696365356445 -34.24635314941406 2.5400002002716064
    vertex -38.482357025146484 -32.37724304199219 2.5400004386901855
  endloop
endfacet
facet normal 0.0 0.0 0.0
  outer loop
    vertex -37.33696365356445 -34.24635314941406 9.5367431640625e-07
    vertex -38.482357025146484 -32.37724304199219 2.5400004386901855
    vertex -38.482357025146484 -32.37724304199219 1.1920928955078125e-06
  endloop
endfacet
facet normal 0.0 0.0 0.0
  outer loop
    vertex -38.482357025146484 -32.37724304199219 1.1920928955078125e-06
    vertex -38.482357025146484 -32.37724304199219 2.5400004386901855
    vertex -38.98582077026367 -31.16176986694336 1.430511474609375e-06
  endloop
endfacet
facet normal 0.0 0.0 0.0
  outer loop
    vertex -38.98582077026367 -31.16176986694336 1.430511474609375e-06
    vertex -38.482357025146484 -32.37724304199219 2.5400004386901855
    vertex -39.321258544921875 -30.351957321166992 2.5400009155273438
  endloop
endfacet
facet normal 0.0 0.0 0.0
  outer loop
    vertex -38.98582077026367 -31.16176986694336 1.430511474609375e-06
    vertex -39.321258544921875 -30.351957321166992 2.5400009155273438
    vertex -39.321258544921875 -30.351957321166992 1.430511474609375e-06
  endloop
endfacet
facet normal 0.0 0.0 0.0
  outer loop
    vertex -39.321258544921875 -30.351957321166992 1.430511474609375e-06
    vertex -39.321258544921875 -30.351957321166992 2.5400009155273438
    vertex -39.833003997802734 -28.220382690429688 2.540001392364502
  endloop
endfacet
facet normal 0.0 0.0 0.0
  outer loop
    vertex -39.321258544921875 -30.351957321166992 1.430511474609375e-06
    vertex -39.833003997802734 -28.220382690429688 2.540001392364502
    vertex -39.833003997802734 -28.220382690429688 1.9073486328125e-06
  endloop
endfacet
facet normal 0.0 0.0 0.0
  outer loop
    vertex -39.833003997802734 -28.220382690429688 1.9073486328125e-06
    vertex -39.833003997802734 -28.220382690429688 2.540001392364502
    vertex -40.00499725341797 -26.034996032714844 2.540001630783081
  endloop
endfacet
facet normal 0.0 0.0 0.0
  outer loop
    vertex -39.833003997802734 -28.220382690429688 1.9073486328125e-06
    vertex -40.00499725341797 -26.034996032714844 2.540001630783081
    vertex -40.00499725341797 -26.034996032714844 2.384185791015625e-06
  endloop
endfacet
facet normal 0.0 0.0 0.0
  outer loop
    vertex -40.00499725341797 -26.034996032714844 2.384185791015625e-06
    vertex -40.00499725341797 -26.034996032714844 2.540001630783081
    vertex -40.00499725341797 -2.9752986431121826 6.4373016357421875e-06
  endloop
endfacet
facet normal 0.0 0.0 0.0
  outer loop
    vertex -40.00499725341797 -2.9752986431121826 6.4373016357421875e-06
    vertex -40.00499725341797 -26.034996032714844 2.540001630783081
    vertex -40.00499725341797 26.034990310668945 2.540010929107666
  endloop
endfacet
facet normal 0.0 0.0 0.0
  outer loop
    vertex -40.00499725341797 -2.9752986431121826 6.4373016357421875e-06
    vertex -40.00499725341797 26.034990310668945 2.540010929107666
    vertex -40.00499725341797 26.034990310668945 1.1444091796875e-05
  endloop
endfacet
facet normal 0.0 0.0 0.0
  outer loop
    vertex -40.00499725341797 26.034990310668945 1.1444091796875e-05
    vertex -40.00499725341797 26.034990310668945 2.540010929107666
    vertex -39.833003997802734 28.220382690429688 2.540011167526245
  endloop
endfacet
facet normal 0.0 0.0 0.0
  outer loop
    vertex -40.00499725341797 26.034990310668945 1.1444091796875e-05
    vertex -39.833003997802734 28.220382690429688 2.540011167526245
    vertex -39.833003997802734 28.220382690429688 1.1920928955078125e-05
  endloop
endfacet
facet normal 0.0 0.0 0.0
  outer loop
    vertex -39.833003997802734 28.220382690429688 1.1920928955078125e-05
    vertex -39.833003997802734 28.220382690429688 2.540011167526245
    vertex -39.321258544921875 30.351959228515625 2.540011405944824
  endloop
endfacet
facet normal 0.0 0.0 0.0
  outer loop
    vertex -39.833003997802734 28.220382690429688 1.1920928955078125e-05
    vertex -39.321258544921875 30.351959228515625 2.540011405944824
    vertex -39.321258544921875 30.351959228515625 1.2159347534179688e-05
  endloop
endfacet
facet normal 0.0 0.0 0.0
  outer loop
    vertex -39.321258544921875 30.351959228515625 1.2159347534179688e-05
    vertex -39.321258544921875 30.351959228515625 2.540011405944824
    vertex -38.98582077026367 31.161773681640625 1.239776611328125e-05
  endloop
endfacet
facet normal 0.0 0.0 0.0
  outer loop
    vertex -38.98582077026367 31.161773681640625 1.239776611328125e-05
    vertex -39.321258544921875 30.351959228515625 2.540011405944824
    vertex -38.482357025146484 32.377235412597656 2.5400118827819824
  endloop
endfacet
facet normal 0.0 0.0 0.0
  outer loop
    vertex -38.98582077026367 31.161773681640625 1.239776611328125e-05
    vertex -38.482357025146484 32.377235412597656 2.5400118827819824
    vertex -38.482357025146484 32.377235412597656 1.2636184692382812e-05
  endloop
endfacet
facet normal 0.0 0.0 0.0
  outer loop
    vertex -38.482357025146484 32.377235412597656 1.2636184692382812e-05
    vertex -38.482357025146484 32.377235412597656 2.5400118827819824
    vertex -37.33696365356445 34.24634552001953 2.5400123596191406
  endloop
endfacet
facet normal 0.0 0.0 0.0
  outer loop
    vertex -38.482357025146484 32.377235412597656 1.2636184692382812e-05
    vertex -37.33696365356445 34.24634552001953 2.5400123596191406
    vertex -37.33696365356445 34.24634552001953 1.2874603271484375e-05
  endloop
endfacet
facet normal 0.0 0.0 0.0
  outer loop
    vertex -37.33696365356445 34.24634552001953 1.2874603271484375e-05
    vertex -37.33696365356445 34.24634552001953 2.5400123596191406
    vertex -35.91328048706055 35.91327667236328 2.5400123596191406
  endloop
endfacet
facet normal 0.0 0.0 0.0
  outer loop
    vertex -37.33696365356445 34.24634552001953 1.2874603271484375e-05
    vertex -35.91328048706055 35.91327667236328 2.5400123596191406
    vertex -35.91328048706055 35.91327667236328 1.3113021850585938e-05
  endloop
endfacet
facet normal 0.0 0.0 0.0
  outer loop
    vertex -35.91328048706055 35.91327667236328 1.3113021850585938e-05
    vertex -35.91328048706055 35.91327667236328 2.5400123596191406
    vertex -34.24635696411133 37.33695983886719 2.540012836456299
  endloop
endfacet
facet normal 0.0 0.0 0.0
  outer loop
    vertex -35.91328048706055 35.91327667236328 1.3113021850585938e-05
    vertex -34.24635696411133 37.33695983886719 2.540012836456299
    vertex -34.24635696411133 37.33695983886719 1.33514404296875e-05
  endloop
endfacet
facet normal 0.0 0.0 0.0
  outer loop
    vertex -34.24635696411133 37.33695983886719 1.33514404296875e-05
    vertex -34.24635696411133 37.33695983886719 2.540012836456299
    vertex -32.37724304199219 38.48235321044922 2.540012836456299
  endloop
endfacet
facet normal 0.0 0.0 0.0
  outer loop
    vertex -34.24635696411133 37.33695983886719 1.33514404296875e-05
    vertex -32.37724304199219 38.48235321044922 2.540012836456299
    vertex -32.37724304199219 38.48235321044922 1.3589859008789062e-05
  endloop
endfacet
facet normal 0.0 0.0 0.0
  outer loop
    vertex -32.37724304199219 38.48235321044922 1.3589859008789062e-05
    vertex -32.37724304199219 38.48235321044922 2.540012836456299
    vertex -30.351964950561523 39.321250915527344 2.540013313293457
  endloop
endfacet
facet normal 0.0 0.0 0.0
  outer loop
    vertex -32.37724304199219 38.48235321044922 1.3589859008789062e-05
    vertex -30.351964950561523 39.321250915527344 2.540013313293457
    vertex -30.351964950561523 39.321250915527344 1.3828277587890625e-05
  endloop
endfacet
facet normal 0.0 0.0 0.0
  outer loop
    vertex -30.351964950561523 39.321250915527344 1.3828277587890625e-05
    vertex -30.351964950561523 39.321250915527344 2.540013313293457
    vertex -28.220386505126953 39.83299255371094 2.540013313293457
  endloop
endfacet
facet normal 0.0 0.0 0.0
  outer loop
    vertex -30.351964950561523 39.321250915527344 1.3828277587890625e-05
    vertex -28.220386505126953 39.83299255371094 2.540013313293457
    vertex -28.220386505126953 39.83299255371094 1.3828277587890625e-05
  endloop
endfacet
facet normal 0.0 0.0 0.0
  outer loop
    vertex -28.220386505126953 39.83299255371094 1.3828277587890625e-05
    vertex -28.220386505126953 39.83299255371094 2.540013313293457
    vertex -26.034997940063477 40.00498580932617 2.540013313293457
  endloop
endfacet
facet normal 0.0 0.0 0.0
  outer loop
    vertex -28.220386505126953 39.83299255371094 1.3828277587890625e-05
    vertex -26.034997940063477 40.00498580932617 2.540013313293457
    vertex -26.034997940063477 40.00498580932617 1.3828277587890625e-05
  endloop
endfacet
facet normal 0.0 0.0 0.0
  outer loop
    vertex 26.035003662109375 40.00498580932617 1.3828277587890625e-05
    vertex 23.65728759765625 40.00498580932617 1.3828277587890625e-05
    vertex 26.035003662109375 40.00498580932617 2.540013313293457
  endloop
endfacet
facet normal 0.0 0.0 0.0
  outer loop
    vertex 26.035003662109375 40.00498580932617 2.540013313293457
    vertex 23.65728759765625 40.00498580932617 1.3828277587890625e-05
    vertex 14.82464599609375 40.00498580932617 1.3828277587890625e-05
  endloop
endfacet
facet normal 0.0 0.0 0.0
  outer loop
    vertex 14.82464599609375 40.00498580932617 1.3828277587890625e-05
    vertex 6.798542022705078 40.00498580932617 1.3828277587890625e-05
    vertex 26.035003662109375 40.00498580932617 2.540013313293457
  endloop
endfacet
facet normal 0.0 0.0 0.0
  outer loop
    vertex 26.035003662109375 40.00498580932617 2.540013313293457
    vertex 6.798542022705078 40.00498580932617 1.3828277587890625e-05
    vertex -2.3442230224609375 40.00498580932617 1.3828277587890625e-05
  endloop
endfacet
facet normal 0.0 0.0 0.0
  outer loop
    vertex 26.035003662109375 40.00498580932617 2.540013313293457
    vertex -2.3442230224609375 40.00498580932617 1.3828277587890625e-05
    vertex -26.034997940063477 40.00498580932617 2.540013313293457
  endloop
endfacet
facet normal 0.0 0.0 0.0
  outer loop
    vertex -26.034997940063477 40.00498580932617 2.540013313293457
    vertex -2.3442230224609375 40.00498580932617 1.3828277587890625e-05
    vertex -11.046152114868164 40.00498580932617 1.3828277587890625e-05
  endloop
endfacet
facet normal 0.0 0.0 0.0
  outer loop
    vertex -11.046152114868164 40.00498580932617 1.3828277587890625e-05
    vertex -14.801277160644531 40.00498580932617 1.3828277587890625e-05
    vertex -26.034997940063477 40.00498580932617 2.540013313293457
  endloop
endfacet
facet normal 0.0 0.0 0.0
  outer loop
    vertex -26.034997940063477 40.00498580932617 2.540013313293457
    vertex -14.801277160644531 40.00498580932617 1.3828277587890625e-05
    vertex -23.932247161865234 40.00498580932617 1.3828277587890625e-05
  endloop
endfacet
facet normal 0.0 0.0 0.0
  outer loop
    vertex -26.034997940063477 40.00498580932617 2.540013313293457
    vertex -23.932247161865234 40.00498580932617 1.3828277587890625e-05
    vertex -26.034997940063477 40.00498580932617 1.3828277587890625e-05
  endloop
endfacet
facet normal 0.0 0.0 0.0
  outer loop
    vertex 26.035003662109375 36.829994201660156 7.620011329650879
    vertex 26.035003662109375 38.35399627685547 7.620011329650879
    vertex -26.034997940063477 36.829994201660156 7.620011329650879
  endloop
endfacet
facet normal 0.0 0.0 0.0
  outer loop
    vertex -26.034997940063477 36.829994201660156 7.620011329650879
    vertex 26.035003662109375 38.35399627685547 7.620011329650879
    vertex -26.034997940063477 38.35399627685547 7.620011329650879
  endloop
endfacet
facet normal 0.0 0.0 0.0
  outer loop
    vertex -26.034997940063477 36.829994201660156 7.620011329650879
    vertex -26.034997940063477 38.35399627685547 7.620011329650879
    vertex -27.909528732299805 36.665992736816406 7.620011329650879
  endloop
endfacet
facet normal 0.0 0.0 0.0
  outer loop
    vertex -27.909528732299805 36.665992736816406 7.620011329650879
    vertex -26.034997940063477 38.35399627685547 7.620011329650879
    vertex -28.174169540405273 38.166839599609375 7.620011329650879
  endloop
endfacet
facet normal 0.0 0.0 0.0
  outer loop
    vertex -27.909528732299805 36.665992736816406 7.620011329650879
    vertex -28.174169540405273 38.166839599609375 7.620011329650879
    vertex -29.72710418701172 36.178977966308594 7.620011329650879
  endloop
endfacet
facet normal 0.0 0.0 0.0
  outer loop
    vertex -29.72710418701172 36.178977966308594 7.620011329650879
    vertex -28.174169540405273 38.166839599609375 7.620011329650879
    vertex -30.24834442138672 37.61106872558594 7.620011329650879
  endloop
endfacet
facet normal 0.0 0.0 0.0
  outer loop
    vertex -29.72710418701172 36.178977966308594 7.620011329650879
    vertex -30.24834442138672 37.61106872558594 7.620011329650879
    vertex -31.432497024536133 35.38374328613281 7.620011329650879
  endloop
endfacet
facet normal 0.0 0.0 0.0
  outer loop
    vertex -31.432497024536133 35.38374328613281 7.620011329650879
    vertex -30.24834442138672 37.61106872558594 7.620011329650879
    vertex -32.194496154785156 36.70355987548828 7.620011329650879
  endloop
endfacet
facet normal 0.0 0.0 0.0
  outer loop
    vertex -31.432497024536133 35.38374328613281 7.620011329650879
    vertex -32.194496154785156 36.70355987548828 7.620011329650879
    vertex -32.9738883972168 34.304443359375 7.620010852813721
  endloop
endfacet
facet normal 0.0 0.0 0.0
  outer loop
    vertex -32.9738883972168 34.304443359375 7.620010852813721
    vertex -32.194496154785156 36.70355987548828 7.620011329650879
    vertex -33.95349884033203 35.471893310546875 7.620011329650879
  endloop
endfacet
facet normal 0.0 0.0 0.0
  outer loop
    vertex -32.9738883972168 34.304443359375 7.620010852813721
    vertex -33.95349884033203 35.471893310546875 7.620011329650879
    vertex -34.304447174072266 32.97388458251953 7.6200103759765625
  endloop
endfacet
facet normal 0.0 0.0 0.0
  outer loop
    vertex -34.304447174072266 32.97388458251953 7.6200103759765625
    vertex -33.95349884033203 35.471893310546875 7.620011329650879
    vertex -35.47189712524414 33.95349884033203 7.620010852813721
  endloop
endfacet
facet normal 0.0 0.0 0.0
  outer loop
    vertex -34.304447174072266 32.97388458251953 7.6200103759765625
    vertex -35.47189712524414 33.95349884033203 7.620010852813721
    vertex -35.38374328613281 31.43248748779297 7.6200103759765625
  endloop
endfacet
facet normal 0.0 0.0 0.0
  outer loop
    vertex -35.38374328613281 31.43248748779297 7.6200103759765625
    vertex -35.47189712524414 33.95349884033203 7.620010852813721
    vertex -36.70356369018555 32.194488525390625 7.6200103759765625
  endloop
endfacet
facet normal 0.0 0.0 0.0
  outer loop
    vertex -35.38374328613281 31.43248748779297 7.6200103759765625
    vertex -36.70356369018555 32.194488525390625 7.6200103759765625
    vertex -36.178977966308594 29.72710418701172 7.6200103759765625
  endloop
endfacet
facet normal 0.0 0.0 0.0
  outer loop
    vertex -36.178977966308594 29.72710418701172 7.6200103759765625
    vertex -36.70356369018555 32.194488525390625 7.6200103759765625
    vertex -37.6110725402832 30.248336791992188 7.6200103759765625
  endloop
endfacet
facet normal 0.0 0.0 0.0
  outer loop
    vertex -36.178977966308594 29.72710418701172 7.6200103759765625
    vertex -37.6110725402832 30.248336791992188 7.6200103759765625
    vertex -36.66599655151367 27.90952491760254 7.620009899139404
  endloop
endfacet
facet normal 0.0 0.0 0.0
  outer loop
    vertex -36.66599655151367 27.90952491760254 7.620009899139404
    vertex -37.6110725402832 30.248336791992188 7.6200103759765625
    vertex -38.16684341430664 28.174163818359375 7.620009899139404
  endloop
endfacet
facet normal 0.0 0.0 0.0
  outer loop
    vertex -36.66599655151367 27.90952491760254 7.620009899139404
    vertex -38.16684341430664 28.174163818359375 7.620009899139404
    vertex -36.82999801635742 26.034990310668945 7.620009422302246
  endloop
endfacet
facet normal 0.0 0.0 0.0
  outer loop
    vertex -36.82999801635742 26.034990310668945 7.620009422302246
    vertex -38.16684341430664 28.174163818359375 7.620009899139404
    vertex -38.35399627685547 26.034990310668945 7.620009422302246
  endloop
endfacet
facet normal 0.0 0.0 0.0
  outer loop
    vertex -36.82999801635742 26.034990310668945 7.620009422302246
    vertex -38.35399627685547 26.034990310668945 7.620009422302246
    vertex -36.82999801635742 -26.034996032714844 7.62000036239624
  endloop
endfacet
facet normal 0.0 0.0 0.0
  outer loop
    vertex -36.82999801635742 -26.034996032714844 7.62000036239624
    vertex -38.35399627685547 26.034990310668945 7.620009422302246
    vertex -38.35399627685547 -26.034996032714844 7.62000036239624
  endloop
endfacet
facet normal 0.0 0.0 0.0
  outer loop
    vertex -36.82999801635742 -26.034996032714844 7.62000036239624
    vertex -38.35399627685547 -26.034996032714844 7.62000036239624
    vertex -36.66599655151367 -27.90952491760254 7.619999885559082
  endloop
endfacet
facet normal 0.0 0.0 0.0
  outer loop
    vertex -36.66599655151367 -27.90952491760254 7.619999885559082
    vertex -38.35399627685547 -26.034996032714844 7.62000036239624
    vertex -38.16684341430664 -28.17416763305664 7.619999885559082
  endloop
endfacet
facet normal 0.0 0.0 0.0
  outer loop
    vertex -36.66599655151367 -27.90952491760254 7.619999885559082
    vertex -38.16684341430664 -28.17416763305664 7.619999885559082
    vertex -36.178977966308594 -29.727100372314453 7.619999885559082
  endloop
endfacet
facet normal 0.0 0.0 0.0
  outer loop
    vertex -36.178977966308594 -29.727100372314453 7.619999885559082
    vertex -38.16684341430664 -28.17416763305664 7.619999885559082
    vertex -37.6110725402832 -30.248342514038086 7.619999885559082
  endloop
endfacet
facet normal 0.0 0.0 0.0
  outer loop
    vertex -36.178977966308594 -29.727100372314453 7.619999885559082
    vertex -37.6110725402832 -30.248342514038086 7.619999885559082
    vertex -35.38374328613281 -31.432493209838867 7.619999408721924
  endloop
endfacet
facet normal 0.0 0.0 0.0
  outer loop
    vertex -35.38374328613281 -31.432493209838867 7.619999408721924
    vertex -37.6110725402832 -30.248342514038086 7.619999885559082
    vertex -36.70356369018555 -32.19449234008789 7.619998931884766
  endloop
endfacet
facet normal 0.0 0.0 0.0
  outer loop
    vertex -35.38374328613281 -31.432493209838867 7.619999408721924
    vertex -36.70356369018555 -32.19449234008789 7.619998931884766
    vertex -34.304447174072266 -32.97388458251953 7.619998931884766
  endloop
endfacet
facet normal 0.0 0.0 0.0
  outer loop
    vertex -34.304447174072266 -32.97388458251953 7.619998931884766
    vertex -36.70356369018555 -32.19449234008789 7.619998931884766
    vertex -35.47189712524414 -33.953495025634766 7.619998931884766
  endloop
endfacet
facet normal 0.0 0.0 0.0
  outer loop
    vertex -34.304447174072266 -32.97388458251953 7.619998931884766
    vertex -35.47189712524414 -33.953495025634766 7.619998931884766
    vertex -32.9738883972168 -34.304447174072266 7.619998931884766
  endloop
endfacet
facet normal 0.0 0.0 0.0
  outer loop
    vertex -32.9738883972168 -34.304447174072266 7.619998931884766
    vertex -35.47189712524414 -33.953495025634766 7.619998931884766
    vertex -33.95349884033203 -35.471893310546875 7.619998931884766
  endloop
endfacet
facet normal 0.0 0.0 0.0
  outer loop
    vertex -32.9738883972168 -34.304447174072266 7.619998931884766
    vertex -33.95349884033203 -35.471893310546875 7.619998931884766
    vertex -31.432497024536133 -35.38373565673828 7.619998931884766
  endloop
endfacet
facet normal 0.0 0.0 0.0
  outer loop
    vertex -31.432497024536133 -35.38373565673828 7.619998931884766
    vertex -33.95349884033203 -35.471893310546875 7.619998931884766
    vertex -32.194496154785156 -36.70356369018555 7.619998455047607
  endloop
endfacet
facet normal 0.0 0.0 0.0
  outer loop
    vertex -31.432497024536133 -35.38373565673828 7.619998931884766
    vertex -32.194496154785156 -36.70356369018555 7.619998455047607
    vertex -29.72710418701172 -36.17897415161133 7.619998931884766
  endloop
endfacet
facet normal 0.0 0.0 0.0
  outer loop
    vertex -29.72710418701172 -36.17897415161133 7.619998931884766
    vertex -32.194496154785156 -36.70356369018555 7.619998455047607
    vertex -30.24834442138672 -37.61106491088867 7.619997978210449
  endloop
endfacet
facet normal 0.0 0.0 0.0
  outer loop
    vertex -29.72710418701172 -36.17897415161133 7.619998931884766
    vertex -30.24834442138672 -37.61106491088867 7.619997978210449
    vertex -27.909528732299805 -36.66598892211914 7.619998455047607
  endloop
endfacet
facet normal 0.0 0.0 0.0
  outer loop
    vertex -27.909528732299805 -36.66598892211914 7.619998455047607
    vertex -30.24834442138672 -37.61106491088867 7.619997978210449
    vertex -28.174169540405273 -38.16684341430664 7.619997978210449
  endloop
endfacet
facet normal 0.0 0.0 0.0
  outer loop
    vertex -27.909528732299805 -36.66598892211914 7.619998455047607
    vertex -28.174169540405273 -38.16684341430664 7.619997978210449
    vertex -26.034997940063477 -36.82999038696289 7.619998455047607
  endloop
endfacet
facet normal 0.0 0.0 0.0
  outer loop
    vertex -26.034997940063477 -36.82999038696289 7.619998455047607
    vertex -28.174169540405273 -38.16684341430664 7.619997978210449
    vertex -26.034997940063477 -38.3539924621582 7.619997978210449
  endloop
endfacet
facet normal 0.0 0.0 0.0
  outer loop
    vertex -26.034997940063477 -36.82999038696289 7.619998455047607
    vertex -26.034997940063477 -38.3539924621582 7.619997978210449
    vertex 26.035003662109375 -36.82999038696289 7.619998455047607
  endloop
endfacet
facet normal 0.0 0.0 0.0
  outer loop
    vertex 26.035003662109375 -36.82999038696289 7.619998455047607
    vertex -26.034997940063477 -38.3539924621582 7.619997978210449
    vertex 26.035003662109375 -38.3539924621582 7.619997978210449
  endloop
endfacet
facet normal 0.0 0.0 0.0
  outer loop
    vertex 26.035003662109375 -36.82999038696289 7.619998455047607
    vertex 26.035003662109375 -38.3539924621582 7.619997978210449
    vertex 27.909530639648438 -36.66598892211914 7.619998455047607
  endloop
endfacet
facet normal 0.0 0.0 0.0
  outer loop
    vertex 27.909530639648438 -36.66598892211914 7.619998455047607
    vertex 26.035003662109375 -38.3539924621582 7.619997978210449
    vertex 28.174179077148438 -38.16684341430664 7.619997978210449
  endloop
endfacet
facet normal 0.0 0.0 0.0
  outer loop
    vertex 27.909530639648438 -36.66598892211914 7.619998455047607
    vertex 28.174179077148438 -38.16684341430664 7.619997978210449
    vertex 29.72711181640625 -36.17897415161133 7.619998931884766
  endloop
endfacet
facet normal 0.0 0.0 0.0
  outer loop
    vertex 29.72711181640625 -36.17897415161133 7.619998931884766
    vertex 28.174179077148438 -38.16684341430664 7.619997978210449
    vertex 30.24835205078125 -37.61106491088867 7.619997978210449
  endloop
endfacet
facet normal 0.0 0.0 0.0
  outer loop
    vertex 29.72711181640625 -36.17897415161133 7.619998931884766
    vertex 30.24835205078125 -37.61106491088867 7.619997978210449
    vertex 31.43250274658203 -35.38373565673828 7.619998931884766
  endloop
endfacet
facet normal 0.0 0.0 0.0
  outer loop
    vertex 31.43250274658203 -35.38373565673828 7.619998931884766
    vertex 30.24835205078125 -37.61106491088867 7.619997978210449
    vertex 32.19450378417969 -36.70356369018555 7.619998455047607
  endloop
endfacet
facet normal 0.0 0.0 0.0
  outer loop
    vertex 31.43250274658203 -35.38373565673828 7.619998931884766
    vertex 32.19450378417969 -36.70356369018555 7.619998455047607
    vertex 32.97389221191406 -34.304447174072266 7.619998931884766
  endloop
endfacet
facet normal 0.0 0.0 0.0
  outer loop
    vertex 32.97389221191406 -34.304447174072266 7.619998931884766
    vertex 32.19450378417969 -36.70356369018555 7.619998455047607
    vertex 33.95350646972656 -35.471893310546875 7.619998931884766
  endloop
endfacet
facet normal 0.0 0.0 0.0
  outer loop
    vertex 32.97389221191406 -34.304447174072266 7.619998931884766
    vertex 33.95350646972656 -35.471893310546875 7.619998931884766
    vertex 34.30445861816406 -32.97388458251953 7.619998931884766
  endloop
endfacet
facet normal 0.0 0.0 0.0
  outer loop
    vertex 34.30445861816406 -32.97388458251953 7.619998931884766
    vertex 33.95350646972656 -35.471893310546875 7.619998931884766
    vertex 35.471900939941406 -33.953495025634766 7.619998931884766
  endloop
endfacet
facet normal 0.0 0.0 0.0
  outer loop
    vertex 34.30445861816406 -32.97388458251953 7.619998931884766
    vertex 35.471900939941406 -33.953495025634766 7.619998931884766
    vertex 35.383750915527344 -31.432493209838867 7.619999408721924
  endloop
endfacet
facet normal 0.0 0.0 0.0
  outer loop
    vertex 35.383750915527344 -31.432493209838867 7.619999408721924
    vertex 35.471900939941406 -33.953495025634766 7.619998931884766
    vertex 36.703575134277344 -32.19449234008789 7.619998931884766
  endloop
endfacet
facet normal 0.0 0.0 0.0
  outer loop
    vertex 35.383750915527344 -31.432493209838867 7.619999408721924
    vertex 36.703575134277344 -32.19449234008789 7.619998931884766
    vertex 36.178985595703125 -29.727100372314453 7.619999885559082
  endloop
endfacet
facet normal 0.0 0.0 0.0
  outer loop
    vertex 36.178985595703125 -29.727100372314453 7.619999885559082
    vertex 36.703575134277344 -32.19449234008789 7.619998931884766
    vertex 37.61107635498047 -30.248342514038086 7.619999885559082
  endloop
endfacet
facet normal 0.0 0.0 0.0
  outer loop
    vertex 36.178985595703125 -29.727100372314453 7.619999885559082
    vertex 37.61107635498047 -30.248342514038086 7.619999885559082
    vertex 36.66600036621094 -27.90952491760254 7.619999885559082
  endloop
endfacet
facet normal 0.0 0.0 0.0
  outer loop
    vertex 36.66600036621094 -27.90952491760254 7.619999885559082
    vertex 37.61107635498047 -30.248342514038086 7.619999885559082
    vertex 38.16685485839844 -28.17416763305664 7.619999885559082
  endloop
endfacet
facet normal 0.0 0.0 0.0
  outer loop
    vertex 36.66600036621094 -27.90952491760254 7.619999885559082
    vertex 38.16685485839844 -28.17416763305664 7.619999885559082
    vertex 36.83000183105469 -26.034996032714844 7.62000036239624
  endloop
endfacet
facet normal 0.0 0.0 0.0
  outer loop
    vertex 36.83000183105469 -26.034996032714844 7.62000036239624
    vertex 38.16685485839844 -28.17416763305664 7.619999885559082
    vertex 38.35400390625 -26.034996032714844 7.62000036239624
  endloop
endfacet
facet normal 0.0 0.0 0.0
  outer loop
    vertex 36.83000183105469 -26.034996032714844 7.62000036239624
    vertex 38.35400390625 -26.034996032714844 7.62000036239624
    vertex 36.83000183105469 26.034990310668945 7.620009422302246
  endloop
endfacet
facet normal 0.0 0.0 0.0
  outer loop
    vertex 36.83000183105469 26.034990310668945 7.620009422302246
    vertex 38.35400390625 -26.034996032714844 7.62000036239624
    vertex 38.35400390625 26.034990310668945 7.620009422302246
  endloop
endfacet
facet normal 0.0 0.0 0.0
  outer loop
    vertex 36.83000183105469 26.034990310668945 7.620009422302246
    vertex 38.35400390625 26.034990310668945 7.620009422302246
    vertex 36.66600036621094 27.90952491760254 7.620009899139404
  endloop
endfacet
facet normal 0.0 0.0 0.0
  outer loop
    vertex 36.66600036621094 27.90952491760254 7.620009899139404
    vertex 38.35400390625 26.034990310668945 7.620009422302246
    vertex 38.16685485839844 28.174163818359375 7.620009899139404
  endloop
endfacet
facet normal 0.0 0.0 0.0
  outer loop
    vertex 36.66600036621094 27.90952491760254 7.620009899139404
    vertex 38.16685485839844 28.174163818359375 7.620009899139404
    vertex 36.178985595703125 29.72710418701172 7.6200103759765625
  endloop
endfacet
facet normal 0.0 0.0 0.0
  outer loop
    vertex 36.178985595703125 29.72710418701172 7.6200103759765625
    vertex 38.16685485839844 28.174163818359375 7.620009899139404
    vertex 37.61107635498047 30.248336791992188 7.6200103759765625
  endloop
endfacet
facet normal 0.0 0.0 0.0
  outer loop
    vertex 36.178985595703125 29.72710418701172 7.6200103759765625
    vertex 37.61107635498047 30.248336791992188 7.6200103759765625
    vertex 35.383750915527344 31.43248748779297 7.6200103759765625
  endloop
endfacet
facet normal 0.0 0.0 0.0
  outer loop
    vertex 35.383750915527344 31.43248748779297 7.6200103759765625
    vertex 37.61107635498047 30.248336791992188 7.6200103759765625
    vertex 36.703575134277344 32.194488525390625 7.6200103759765625
  endloop
endfacet
facet normal 0.0 0.0 0.0
  outer loop
    vertex 35.383750915527344 31.43248748779297 7.6200103759765625
    vertex 36.703575134277344 32.194488525390625 7.6200103759765625
    vertex 34.30445861816406 32.97388458251953 7.6200103759765625
  endloop
endfacet
facet normal 0.0 0.0 0.0
  outer loop
    vertex 34.30445861816406 32.97388458251953 7.6200103759765625
    vertex 36.703575134277344 32.194488525390625 7.6200103759765625
    vertex 35.471900939941406 33.95349884033203 7.620010852813721
  endloop
endfacet
facet normal 0.0 0.0 0.0
  outer loop
    vertex 34.30445861816406 32.97388458251953 7.6200103759765625
    vertex 35.471900939941406 33.95349884033203 7.620010852813721
    vertex 32.97389221191406 34.304443359375 7.620010852813721
  endloop
endfacet
facet normal 0.0 0.0 0.0
  outer loop
    vertex 32.97389221191406 34.304443359375 7.620010852813721
    vertex 35.471900939941406 33.95349884033203 7.620010852813721
    vertex 33.95350646972656 35.471893310546875 7.620011329650879
  endloop
endfacet
facet normal 0.0 0.0 0.0
  outer loop
    vertex 32.97389221191406 34.304443359375 7.620010852813721
    vertex 33.95350646972656 35.471893310546875 7.620011329650879
    vertex 31.43250274658203 35.38374328613281 7.620011329650879
  endloop
endfacet
facet normal 0.0 0.0 0.0
  outer loop
    vertex 31.43250274658203 35.38374328613281 7.620011329650879
    vertex 33.95350646972656 35.471893310546875 7.620011329650879
    vertex 32.19450378417969 36.70355987548828 7.620011329650879
  endloop
endfacet
facet normal 0.0 0.0 0.0
  outer loop
    vertex 31.43250274658203 35.38374328613281 7.620011329650879
    vertex 32.19450378417969 36.70355987548828 7.620011329650879
    vertex 29.72711181640625 36.178977966308594 7.620011329650879
  endloop
endfacet
facet normal 0.0 0.0 0.0
  outer loop
    vertex 29.72711181640625 36.178977966308594 7.620011329650879
    vertex 32.19450378417969 36.70355987548828 7.620011329650879
    vertex 30.24835205078125 37.61106872558594 7.620011329650879
  endloop
endfacet
facet normal 0.0 0.0 0.0
  outer loop
    vertex 29.72711181640625 36.178977966308594 7.620011329650879
    vertex 30.24835205078125 37.61106872558594 7.620011329650879
    vertex 27.909530639648438 36.665992736816406 7.620011329650879
  endloop
endfacet
facet normal 0.0 0.0 0.0
  outer loop
    vertex 27.909530639648438 36.665992736816406 7.620011329650879
    vertex 30.24835205078125 37.61106872558594 7.620011329650879
    vertex 28.174179077148438 38.166839599609375 7.620011329650879
  endloop
endfacet
facet normal 0.0 0.0 0.0
  outer loop
    vertex 27.909530639648438 36.665992736816406 7.620011329650879
    vertex 28.174179077148438 38.166839599609375 7.620011329650879
    vertex 26.035003662109375 36.829994201660156 7.620011329650879
  endloop
endfacet
facet normal 0.0 0.0 0.0
  outer loop
    vertex 26.035003662109375 36.829994201660156 7.620011329650879
    vertex 28.174179077148438 38.166839599609375 7.620011329650879
    vertex 26.035003662109375 38.35399627685547 7.620011329650879
  endloop
endfacet
facet normal 0.0 0.0 0.0
  outer loop
    vertex -26.034997940063477 38.35399627685547 7.620011329650879
    vertex -26.034997940063477 38.35399627685547 2.540012836456299
    vertex -28.174169540405273 38.166839599609375 2.540012836456299
  endloop
endfacet
facet normal 0.0 0.0 0.0
  outer loop
    vertex -26.034997940063477 38.35399627685547 7.620011329650879
    vertex -28.174169540405273 38.166839599609375 2.540012836456299
    vertex -28.174169540405273 38.166839599609375 7.620011329650879
  endloop
endfacet
facet normal 0.0 0.0 0.0
  outer loop
    vertex -28.174169540405273 38.166839599609375 7.620011329650879
    vertex -28.174169540405273 38.166839599609375 2.540012836456299
    vertex -30.24834442138672 37.61106872558594 2.540012836456299
  endloop
endfacet
facet normal 0.0 0.0 0.0
  outer loop
    vertex -28.174169540405273 38.166839599609375 7.620011329650879
    vertex -30.24834442138672 37.61106872558594 2.540012836456299
    vertex -30.24834442138672 37.61106872558594 7.620011329650879
  endloop
endfacet
facet normal 0.0 0.0 0.0
  outer loop
    vertex -30.24834442138672 37.61106872558594 7.620011329650879
    vertex -30.24834442138672 37.61106872558594 2.540012836456299
    vertex -32.194496154785156 36.70355987548828 2.540012836456299
  endloop
endfacet
facet normal 0.0 0.0 0.0
  outer loop
    vertex -30.24834442138672 37.61106872558594 7.620011329650879
    vertex -32.194496154785156 36.70355987548828 2.540012836456299
    vertex -32.194496154785156 36.70355987548828 7.620011329650879
  endloop
endfacet
facet normal 0.0 0.0 0.0
  outer loop
    vertex -32.194496154785156 36.70355987548828 7.620011329650879
    vertex -32.194496154785156 36.70355987548828 2.540012836456299
    vertex -33.95349884033203 35.471893310546875 2.5400123596191406
  endloop
endfacet
facet normal 0.0 0.0 0.0
  outer loop
    vertex -32.194496154785156 36.70355987548828 7.620011329650879
    vertex -33.95349884033203 35.471893310546875 2.5400123596191406
    vertex -33.95349884033203 35.471893310546875 7.620011329650879
  endloop
endfacet
facet normal 0.0 0.0 0.0
  outer loop
    vertex -33.95349884033203 35.471893310546875 7.620011329650879
    vertex -33.95349884033203 35.471893310546875 2.5400123596191406
    vertex -35.47189712524414 33.95349884033203 2.5400123596191406
  endloop
endfacet
facet normal 0.0 0.0 0.0
  outer loop
    vertex -33.95349884033203 35.471893310546875 7.620011329650879
    vertex -35.47189712524414 33.95349884033203 2.5400123596191406
    vertex -35.47189712524414 33.95349884033203 7.620010852813721
  endloop
endfacet
facet normal 0.0 0.0 0.0
  outer loop
    vertex -35.47189712524414 33.95349884033203 7.620010852813721
    vertex -35.47189712524414 33.95349884033203 2.5400123596191406
    vertex -36.70356369018555 32.194488525390625 2.5400118827819824
  endloop
endfacet
facet normal 0.0 0.0 0.0
  outer loop
    vertex -35.47189712524414 33.95349884033203 7.620010852813721
    vertex -36.70356369018555 32.194488525390625 2.5400118827819824
    vertex -36.70356369018555 32.194488525390625 7.6200103759765625
  endloop
endfacet
facet normal 0.0 0.0 0.0
  outer loop
    vertex -36.70356369018555 32.194488525390625 7.6200103759765625
    vertex -36.70356369018555 32.194488525390625 2.5400118827819824
    vertex -37.6110725402832 30.248336791992188 2.540011405944824
  endloop
endfacet
facet normal 0.0 0.0 0.0
  outer loop
    vertex -36.70356369018555 32.194488525390625 7.6200103759765625
    vertex -37.6110725402832 30.248336791992188 2.540011405944824
    vertex -37.6110725402832 30.248336791992188 7.6200103759765625
  endloop
endfacet
facet normal 0.0 0.0 0.0
  outer loop
    vertex -37.6110725402832 30.248336791992188 7.6200103759765625
    vertex -37.6110725402832 30.248336791992188 2.540011405944824
    vertex -38.16684341430664 28.174163818359375 2.540011167526245
  endloop
endfacet
facet normal 0.0 0.0 0.0
  outer loop
    vertex -37.6110725402832 30.248336791992188 7.6200103759765625
    vertex -38.16684341430664 28.174163818359375 2.540011167526245
    vertex -38.16684341430664 28.174163818359375 7.620009899139404
  endloop
endfacet
facet normal 0.0 0.0 0.0
  outer loop
    vertex -38.16684341430664 28.174163818359375 7.620009899139404
    vertex -38.16684341430664 28.174163818359375 2.540011167526245
    vertex -38.35399627685547 26.034990310668945 2.540010929107666
  endloop
endfacet
facet normal 0.0 0.0 0.0
  outer loop
    vertex -38.16684341430664 28.174163818359375 7.620009899139404
    vertex -38.35399627685547 26.034990310668945 2.540010929107666
    vertex -38.35399627685547 26.034990310668945 7.620009422302246
  endloop
endfacet
facet normal 0.0 0.0 0.0
  outer loop
    vertex -38.35399627685547 -26.034996032714844 7.62000036239624
    vertex -38.35399627685547 26.034990310668945 7.620009422302246
    vertex -38.35399627685547 -26.034996032714844 2.540001630783081
  endloop
endfacet
facet normal 0.0 0.0 0.0
  outer loop
    vertex -38.35399627685547 -26.034996032714844 2.540001630783081
    vertex -38.35399627685547 26.034990310668945 7.620009422302246
    vertex -38.35399627685547 26.034990310668945 2.540010929107666
  endloop
endfacet
facet normal 0.0 0.0 0.0
  outer loop
    vertex -38.35399627685547 -26.034996032714844 7.62000036239624
    vertex -38.35399627685547 -26.034996032714844 2.540001630783081
    vertex -38.16684341430664 -28.17416763305664 2.540001392364502
  endloop
endfacet
facet normal 0.0 0.0 0.0
  outer loop
    vertex -38.35399627685547 -26.034996032714844 7.62000036239624
    vertex -38.16684341430664 -28.17416763305664 2.540001392364502
    vertex -38.16684341430664 -28.17416763305664 7.619999885559082
  endloop
endfacet
facet normal 0.0 0.0 0.0
  outer loop
    vertex -38.16684341430664 -28.17416763305664 7.619999885559082
    vertex -38.16684341430664 -28.17416763305664 2.540001392364502
    vertex -37.6110725402832 -30.248342514038086 2.5400009155273438
  endloop
endfacet
facet normal 0.0 0.0 0.0
  outer loop
    vertex -38.16684341430664 -28.17416763305664 7.619999885559082
    vertex -37.6110725402832 -30.248342514038086 2.5400009155273438
    vertex -37.6110725402832 -30.248342514038086 7.619999885559082
  endloop
endfacet
facet normal 0.0 0.0 0.0
  outer loop
    vertex -37.6110725402832 -30.248342514038086 7.619999885559082
    vertex -37.6110725402832 -30.248342514038086 2.5400009155273438
    vertex -36.70356369018555 -32.19449234008789 2.5400004386901855
  endloop
endfacet
facet normal 0.0 0.0 0.0
  outer loop
    vertex -37.6110725402832 -30.248342514038086 7.619999885559082
    vertex -36.70356369018555 -32.19449234008789 2.5400004386901855
    vertex -36.70356369018555 -32.19449234008789 7.619998931884766
  endloop
endfacet
facet normal 0.0 0.0 0.0
  outer loop
    vertex -36.70356369018555 -32.19449234008789 7.619998931884766
    vertex -36.70356369018555 -32.19449234008789 2.5400004386901855
    vertex -35.47189712524414 -33.953495025634766 2.5400002002716064
  endloop
endfacet
facet normal 0.0 0.0 0.0
  outer loop
    vertex -36.70356369018555 -32.19449234008789 7.619998931884766
    vertex -35.47189712524414 -33.953495025634766 2.5400002002716064
    vertex -35.47189712524414 -33.953495025634766 7.619998931884766
  endloop
endfacet
facet normal 0.0 0.0 0.0
  outer loop
    vertex -35.47189712524414 -33.953495025634766 7.619998931884766
    vertex -35.47189712524414 -33.953495025634766 2.5400002002716064
    vertex -33.95349884033203 -35.471893310546875 2.5399999618530273
  endloop
endfacet
facet normal 0.0 0.0 0.0
  outer loop
    vertex -35.47189712524414 -33.953495025634766 7.619998931884766
    vertex -33.95349884033203 -35.471893310546875 2.5399999618530273
    vertex -33.95349884033203 -35.471893310546875 7.619998931884766
  endloop
endfacet
facet normal 0.0 0.0 0.0
  outer loop
    vertex -33.95349884033203 -35.471893310546875 7.619998931884766
    vertex -33.95349884033203 -35.471893310546875 2.5399999618530273
    vertex -32.194496154785156 -36.70356369018555 2.5399997234344482
  endloop
endfacet
facet normal 0.0 0.0 0.0
  outer loop
    vertex -33.95349884033203 -35.471893310546875 7.619998931884766
    vertex -32.194496154785156 -36.70356369018555 2.5399997234344482
    vertex -32.194496154785156 -36.70356369018555 7.619998455047607
  endloop
endfacet
facet normal 0.0 0.0 0.0
  outer loop
    vertex -32.194496154785156 -36.70356369018555 7.619998455047607
    vertex -32.194496154785156 -36.70356369018555 2.5399997234344482
    vertex -30.24834442138672 -37.61106491088867 2.539999485015869
  endloop
endfacet
facet normal 0.0 0.0 0.0
  outer loop
    vertex -32.194496154785156 -36.70356369018555 7.619998455047607
    vertex -30.24834442138672 -37.61106491088867 2.539999485015869
    vertex -30.24834442138672 -37.61106491088867 7.619997978210449
  endloop
endfacet
facet normal 0.0 0.0 0.0
  outer loop
    vertex -30.24834442138672 -37.61106491088867 7.619997978210449
    vertex -30.24834442138672 -37.61106491088867 2.539999485015869
    vertex -28.174169540405273 -38.16684341430664 2.539999485015869
  endloop
endfacet
facet normal 0.0 0.0 0.0
  outer loop
    vertex -30.24834442138672 -37.61106491088867 7.619997978210449
    vertex -28.174169540405273 -38.16684341430664 2.539999485015869
    vertex -28.174169540405273 -38.16684341430664 7.619997978210449
  endloop
endfacet
facet normal 0.0 0.0 0.0
  outer loop
    vertex -28.174169540405273 -38.16684341430664 7.619997978210449
    vertex -28.174169540405273 -38.16684341430664 2.539999485015869
    vertex -26.034997940063477 -38.3539924621582 2.539999485015869
  endloop
endfacet
facet normal 0.0 0.0 0.0
  outer loop
    vertex -28.174169540405273 -38.16684341430664 7.619997978210449
    vertex -26.034997940063477 -38.3539924621582 2.539999485015869
    vertex -26.034997940063477 -38.3539924621582 7.619997978210449
  endloop
endfacet
facet normal 0.0 0.0 0.0
  outer loop
    vertex 26.035003662109375 -38.3539924621582 7.619997978210449
    vertex -26.034997940063477 -38.3539924621582 7.619997978210449
    vertex 26.035003662109375 -38.3539924621582 2.539999485015869
  endloop
endfacet
facet normal 0.0 0.0 0.0
  outer loop
    vertex 26.035003662109375 -38.3539924621582 2.539999485015869
    vertex -26.034997940063477 -38.3539924621582 7.619997978210449
    vertex -26.034997940063477 -38.3539924621582 2.539999485015869
  endloop
endfacet
facet normal 0.0 0.0 0.0
  outer loop
    vertex 26.035003662109375 -38.3539924621582 7.619997978210449
    vertex 26.035003662109375 -38.3539924621582 2.539999485015869
    vertex 28.174179077148438 -38.16684341430664 2.539999485015869
  endloop
endfacet
facet normal 0.0 0.0 0.0
  outer loop
    vertex 26.035003662109375 -38.3539924621582 7.619997978210449
    vertex 28.174179077148438 -38.16684341430664 2.539999485015869
    vertex 28.174179077148438 -38.16684341430664 7.619997978210449
  endloop
endfacet
facet normal 0.0 0.0 0.0
  outer loop
    vertex 28.174179077148438 -38.16684341430664 7.619997978210449
    vertex 28.174179077148438 -38.16684341430664 2.539999485015869
    vertex 30.24835205078125 -37.61106491088867 2.539999485015869
  endloop
endfacet
facet normal 0.0 0.0 0.0
  outer loop
    vertex 28.174179077148438 -38.16684341430664 7.619997978210449
    vertex 30.24835205078125 -37.61106491088867 2.539999485015869
    vertex 30.24835205078125 -37.61106491088867 7.619997978210449
  endloop
endfacet
facet normal 0.0 0.0 0.0
  outer loop
    vertex 30.24835205078125 -37.61106491088867 7.619997978210449
    vertex 30.24835205078125 -37.61106491088867 2.539999485015869
    vertex 32.19450378417969 -36.70356369018555 2.5399997234344482
  endloop
endfacet
facet normal 0.0 0.0 0.0
  outer loop
    vertex 30.24835205078125 -37.61106491088867 7.619997978210449
    vertex 32.19450378417969 -36.70356369018555 2.5399997234344482
    vertex 32.19450378417969 -36.70356369018555 7.619998455047607
  endloop
endfacet
facet normal 0.0 0.0 0.0
  outer loop
    vertex 32.19450378417969 -36.70356369018555 7.619998455047607
    vertex 32.19450378417969 -36.70356369018555 2.5399997234344482
    vertex 33.95350646972656 -35.471893310546875 2.5399999618530273
  endloop
endfacet
facet normal 0.0 0.0 0.0
  outer loop
    vertex 32.19450378417969 -36.70356369018555 7.619998455047607
    vertex 33.95350646972656 -35.471893310546875 2.5399999618530273
    vertex 33.95350646972656 -35.471893310546875 7.619998931884766
  endloop
endfacet
facet normal 0.0 0.0 0.0
  outer loop
    vertex 33.95350646972656 -35.471893310546875 7.619998931884766
    vertex 33.95350646972656 -35.471893310546875 2.5399999618530273
    vertex 35.471900939941406 -33.953495025634766 2.5400002002716064
  endloop
endfacet
facet normal 0.0 0.0 0.0
  outer loop
    vertex 33.95350646972656 -35.471893310546875 7.619998931884766
    vertex 35.471900939941406 -33.953495025634766 2.5400002002716064
    vertex 35.471900939941406 -33.953495025634766 7.619998931884766
  endloop
endfacet
facet normal 0.0 0.0 0.0
  outer loop
    vertex 35.471900939941406 -33.953495025634766 7.619998931884766
    vertex 35.471900939941406 -33.953495025634766 2.5400002002716064
    vertex 36.703575134277344 -32.19449234008789 2.5400004386901855
  endloop
endfacet
facet normal 0.0 0.0 0.0
  outer loop
    vertex 35.471900939941406 -33.953495025634766 7.619998931884766
    vertex 36.703575134277344 -32.19449234008789 2.5400004386901855
    vertex 36.703575134277344 -32.19449234008789 7.619998931884766
  endloop
endfacet
facet normal 0.0 0.0 0.0
  outer loop
    vertex 36.703575134277344 -32.19449234008789 7.619998931884766
    vertex 36.703575134277344 -32.19449234008789 2.5400004386901855
    vertex 37.61107635498047 -30.248342514038086 2.5400009155273438
  endloop
endfacet
facet normal 0.0 0.0 0.0
  outer loop
    vertex 36.703575134277344 -32.19449234008789 7.619998931884766
    vertex 37.61107635498047 -30.248342514038086 2.5400009155273438
    vertex 37.61107635498047 -30.248342514038086 7.619999885559082
  endloop
endfacet
facet normal 0.0 0.0 0.0
  outer loop
    vertex 37.61107635498047 -30.248342514038086 7.619999885559082
    vertex 37.61107635498047 -30.248342514038086 2.5400009155273438
    vertex 38.16685485839844 -28.17416763305664 2.540001392364502
  endloop
endfacet
facet normal 0.0 0.0 0.0
  outer loop
    vertex 37.61107635498047 -30.248342514038086 7.619999885559082
    vertex 38.16685485839844 -28.17416763305664 2.540001392364502
    vertex 38.16685485839844 -28.17416763305664 7.619999885559082
  endloop
endfacet
facet normal 0.0 0.0 0.0
  outer loop
    vertex 38.16685485839844 -28.17416763305664 7.619999885559082
    vertex 38.16685485839844 -28.17416763305664 2.540001392364502
    vertex 38.35400390625 -26.034996032714844 2.540001630783081
  endloop
endfacet
facet normal 0.0 0.0 0.0
  outer loop
    vertex 38.16685485839844 -28.17416763305664 7.619999885559082
    vertex 38.35400390625 -26.034996032714844 2.540001630783081
    vertex 38.35400390625 -26.034996032714844 7.62000036239624
  endloop
endfacet
facet normal 0.0 0.0 0.0
  outer loop
    vertex 38.35400390625 26.034990310668945 7.620009422302246
    vertex 38.35400390625 -26.034996032714844 7.62000036239624
    vertex 38.35400390625 26.034990310668945 2.540010929107666
  endloop
endfacet
facet normal 0.0 0.0 0.0
  outer loop
    vertex 38.35400390625 26.034990310668945 2.540010929107666
    vertex 38.35400390625 -26.034996032714844 7.62000036239624
    vertex 38.35400390625 -26.034996032714844 2.540001630783081
  endloop
endfacet
facet normal 0.0 0.0 0.0
  outer loop
    vertex 38.35400390625 26.034990310668945 7.620009422302246
    vertex 38.35400390625 26.034990310668945 2.540010929107666
    vertex 38.16685485839844 28.174163818359375 2.540011167526245
  endloop
endfacet
facet normal 0.0 0.0 0.0
  outer loop
    vertex 38.35400390625 26.034990310668945 7.620009422302246
    vertex 38.16685485839844 28.174163818359375 2.540011167526245
    vertex 38.16685485839844 28.174163818359375 7.620009899139404
  endloop
endfacet
facet normal 0.0 0.0 0.0
  outer loop
    vertex 38.16685485839844 28.174163818359375 7.620009899139404
    vertex 38.16685485839844 28.174163818359375 2.540011167526245
    vertex 37.61107635498047 30.248336791992188 2.540011405944824
  endloop
endfacet
facet normal 0.0 0.0 0.0
  outer loop
    vertex 38.16685485839844 28.174163818359375 7.620009899139404
    vertex 37.61107635498047 30.248336791992188 2.540011405944824
    vertex 37.61107635498047 30.248336791992188 7.6200103759765625
  endloop
endfacet
facet normal 0.0 0.0 0.0
  outer loop
    vertex 37.61107635498047 30.248336791992188 7.6200103759765625
    vertex 37.61107635498047 30.248336791992188 2.540011405944824
    vertex 36.703575134277344 32.194488525390625 2.5400118827819824
  endloop
endfacet
facet normal 0.0 0.0 0.0
  outer loop
    vertex 37.61107635498047 30.248336791992188 7.6200103759765625
    vertex 36.703575134277344 32.194488525390625 2.5400118827819824
    vertex 36.703575134277344 32.194488525390625 7.6200103759765625
  endloop
endfacet
facet normal 0.0 0.0 0.0
  outer loop
    vertex 36.703575134277344 32.194488525390625 7.6200103759765625
    vertex 36.703575134277344 32.194488525390625 2.5400118827819824
    vertex 35.471900939941406 33.95349884033203 2.5400123596191406
  endloop
endfacet
facet normal 0.0 0.0 0.0
  outer loop
    vertex 36.703575134277344 32.194488525390625 7.6200103759765625
    vertex 35.471900939941406 33.95349884033203 2.5400123596191406
    vertex 35.471900939941406 33.95349884033203 7.620010852813721
  endloop
endfacet
facet normal 0.0 0.0 0.0
  outer loop
    vertex 35.471900939941406 33.95349884033203 7.620010852813721
    vertex 35.471900939941406 33.95349884033203 2.5400123596191406
    vertex 33.95350646972656 35.471893310546875 2.5400123596191406
  endloop
endfacet
facet normal 0.0 0.0 0.0
  outer loop
    vertex 35.471900939941406 33.95349884033203 7.620010852813721
    vertex 33.95350646972656 35.471893310546875 2.5400123596191406
    vertex 33.95350646972656 35.471893310546875 7.620011329650879
  endloop
endfacet
facet normal 0.0 0.0 0.0
  outer loop
    vertex 33.95350646972656 35.471893310546875 7.620011329650879
    vertex 33.95350646972656 35.471893310546875 2.5400123596191406
    vertex 32.19450378417969 36.70355987548828 2.540012836456299
  endloop
endfacet
facet normal 0.0 0.0 0.0
  outer loop
    vertex 33.95350646972656 35.471893310546875 7.620011329650879
    vertex 32.19450378417969 36.70355987548828 2.540012836456299
    vertex 32.19450378417969 36.70355987548828 7.620011329650879
  endloop
endfacet
facet normal 0.0 0.0 0.0
  outer loop
    vertex 32.19450378417969 36.70355987548828 7.620011329650879
    vertex 32.19450378417969 36.70355987548828 2.540012836456299
    vertex 30.24835205078125 37.61106872558594 2.540012836456299
  endloop
endfacet
facet normal 0.0 0.0 0.0
  outer loop
    vertex 32.19450378417969 36.70355987548828 7.620011329650879
    vertex 30.24835205078125 37.61106872558594 2.540012836456299
    vertex 30.24835205078125 37.61106872558594 7.620011329650879
  endloop
endfacet
facet normal 0.0 0.0 0.0
  outer loop
    vertex 30.24835205078125 37.61106872558594 7.620011329650879
    vertex 30.24835205078125 37.61106872558594 2.540012836456299
    vertex 28.174179077148438 38.166839599609375 2.540012836456299
  endloop
endfacet
facet normal 0.0 0.0 0.0
  outer loop
    vertex 30.24835205078125 37.61106872558594 7.620011329650879
    vertex 28.174179077148438 38.166839599609375 2.540012836456299
    vertex 28.174179077148438 38.166839599609375 7.620011329650879
  endloop
endfacet
facet normal 0.0 0.0 0.0
  outer loop
    vertex 28.174179077148438 38.166839599609375 7.620011329650879
    vertex 28.174179077148438 38.166839599609375 2.540012836456299
    vertex 26.035003662109375 38.35399627685547 2.540012836456299
  endloop
endfacet
facet normal 0.0 0.0 0.0
  outer loop
    vertex 28.174179077148438 38.166839599609375 7.620011329650879
    vertex 26.035003662109375 38.35399627685547 2.540012836456299
    vertex 26.035003662109375 38.35399627685547 7.620011329650879
  endloop
endfacet
facet normal 0.0 0.0 0.0
  outer loop
    vertex -26.034997940063477 38.35399627685547 7.620011329650879
    vertex 26.035003662109375 38.35399627685547 7.620011329650879
    vertex -26.034997940063477 38.35399627685547 2.540012836456299
  endloop
endfacet
facet normal 0.0 0.0 0.0
  outer loop
    vertex -26.034997940063477 38.35399627685547 2.540012836456299
    vertex 26.035003662109375 38.35399627685547 7.620011329650879
    vertex 26.035003662109375 38.35399627685547 2.540012836456299
  endloop
endfacet
facet normal 0.0 0.0 0.0
  outer loop
    vertex -36.82999801635742 26.034990310668945 7.620009422302246
    vertex -36.82999801635742 26.034990310668945 2.540010929107666
    vertex -36.66599655151367 27.90952491760254 7.620009899139404
  endloop
endfacet
facet normal 0.0 0.0 0.0
  outer loop
    vertex -36.66599655151367 27.90952491760254 7.620009899139404
    vertex -36.82999801635742 26.034990310668945 2.540010929107666
    vertex -36.66599655151367 27.90952491760254 2.540011167526245
  endloop
endfacet
facet normal 0.0 0.0 0.0
  outer loop
    vertex -36.66599655151367 27.90952491760254 7.620009899139404
    vertex -36.66599655151367 27.90952491760254 2.540011167526245
    vertex -36.178977966308594 29.72710418701172 7.6200103759765625
  endloop
endfacet
facet normal 0.0 0.0 0.0
  outer loop
    vertex -36.178977966308594 29.72710418701172 7.6200103759765625
    vertex -36.66599655151367 27.90952491760254 2.540011167526245
    vertex -36.178977966308594 29.72710418701172 2.540011405944824
  endloop
endfacet
facet normal 0.0 0.0 0.0
  outer loop
    vertex -36.178977966308594 29.72710418701172 7.6200103759765625
    vertex -36.178977966308594 29.72710418701172 2.540011405944824
    vertex -35.38374328613281 31.43248748779297 7.6200103759765625
  endloop
endfacet
facet normal 0.0 0.0 0.0
  outer loop
    vertex -35.38374328613281 31.43248748779297 7.6200103759765625
    vertex -36.178977966308594 29.72710418701172 2.540011405944824
    vertex -35.38374328613281 31.43248748779297 2.5400118827819824
  endloop
endfacet
facet normal 0.0 0.0 0.0
  outer loop
    vertex -35.38374328613281 31.43248748779297 7.6200103759765625
    vertex -35.38374328613281 31.43248748779297 2.5400118827819824
    vertex -34.304447174072266 32.97388458251953 7.6200103759765625
  endloop
endfacet
facet normal 0.0 0.0 0.0
  outer loop
    vertex -34.304447174072266 32.97388458251953 7.6200103759765625
    vertex -35.38374328613281 31.43248748779297 2.5400118827819824
    vertex -34.304447174072266 32.97388458251953 2.5400118827819824
  endloop
endfacet
facet normal 0.0 0.0 0.0
  outer loop
    vertex -34.304447174072266 32.97388458251953 7.6200103759765625
    vertex -34.304447174072266 32.97388458251953 2.5400118827819824
    vertex -32.9738883972168 34.304443359375 7.620010852813721
  endloop
endfacet
facet normal 0.0 0.0 0.0
  outer loop
    vertex -32.9738883972168 34.304443359375 7.620010852813721
    vertex -34.304447174072266 32.97388458251953 2.5400118827819824
    vertex -32.9738883972168 34.304443359375 2.5400123596191406
  endloop
endfacet
facet normal 0.0 0.0 0.0
  outer loop
    vertex -32.9738883972168 34.304443359375 7.620010852813721
    vertex -32.9738883972168 34.304443359375 2.5400123596191406
    vertex -31.432497024536133 35.38374328613281 7.620011329650879
  endloop
endfacet
facet normal 0.0 0.0 0.0
  outer loop
    vertex -31.432497024536133 35.38374328613281 7.620011329650879
    vertex -32.9738883972168 34.304443359375 2.5400123596191406
    vertex -31.432497024536133 35.38374328613281 2.5400123596191406
  endloop
endfacet
facet normal 0.0 0.0 0.0
  outer loop
    vertex -31.432497024536133 35.38374328613281 7.620011329650879
    vertex -31.432497024536133 35.38374328613281 2.5400123596191406
    vertex -29.72710418701172 36.178977966308594 7.620011329650879
  endloop
endfacet
facet normal 0.0 0.0 0.0
  outer loop
    vertex -29.72710418701172 36.178977966308594 7.620011329650879
    vertex -31.432497024536133 35.38374328613281 2.5400123596191406
    vertex -29.72710418701172 36.178977966308594 2.5400125980377197
  endloop
endfacet
facet normal 0.0 0.0 0.0
  outer loop
    vertex -29.72710418701172 36.178977966308594 7.620011329650879
    vertex -29.72710418701172 36.178977966308594 2.5400125980377197
    vertex -27.909528732299805 36.665992736816406 7.620011329650879
  endloop
endfacet
facet normal 0.0 0.0 0.0
  outer loop
    vertex -27.909528732299805 36.665992736816406 7.620011329650879
    vertex -29.72710418701172 36.178977966308594 2.5400125980377197
    vertex -27.909528732299805 36.665992736816406 2.540012836456299
  endloop
endfacet
facet normal 0.0 0.0 0.0
  outer loop
    vertex -27.909528732299805 36.665992736816406 7.620011329650879
    vertex -27.909528732299805 36.665992736816406 2.540012836456299
    vertex -26.034997940063477 36.829994201660156 7.620011329650879
  endloop
endfacet
facet normal 0.0 0.0 0.0
  outer loop
    vertex -26.034997940063477 36.829994201660156 7.620011329650879
    vertex -27.909528732299805 36.665992736816406 2.540012836456299
    vertex -26.034997940063477 36.829994201660156 2.540012836456299
  endloop
endfacet
facet normal 0.0 0.0 0.0
  outer loop
    vertex -36.82999801635742 26.034990310668945 7.620009422302246
    vertex -36.82999801635742 -26.034996032714844 7.62000036239624
    vertex -36.82999801635742 26.034990310668945 2.540010929107666
  endloop
endfacet
facet normal 0.0 0.0 0.0
  outer loop
    vertex -36.82999801635742 26.034990310668945 2.540010929107666
    vertex -36.82999801635742 -26.034996032714844 7.62000036239624
    vertex -36.82999801635742 -26.034996032714844 2.540001630783081
  endloop
endfacet
facet normal 0.0 0.0 0.0
  outer loop
    vertex -26.034997940063477 -36.82999038696289 7.619998455047607
    vertex -26.034997940063477 -36.82999038696289 2.5399997234344482
    vertex -27.909528732299805 -36.66598892211914 7.619998455047607
  endloop
endfacet
facet normal 0.0 0.0 0.0
  outer loop
    vertex -27.909528732299805 -36.66598892211914 7.619998455047607
    vertex -26.034997940063477 -36.82999038696289 2.5399997234344482
    vertex -27.909528732299805 -36.66598892211914 2.5399997234344482
  endloop
endfacet
facet normal 0.0 0.0 0.0
  outer loop
    vertex -27.909528732299805 -36.66598892211914 7.619998455047607
    vertex -27.909528732299805 -36.66598892211914 2.5399997234344482
    vertex -29.72710418701172 -36.17897415161133 7.619998931884766
  endloop
endfacet
facet normal 0.0 0.0 0.0
  outer loop
    vertex -29.72710418701172 -36.17897415161133 7.619998931884766
    vertex -27.909528732299805 -36.66598892211914 2.5399997234344482
    vertex -29.72710418701172 -36.17897415161133 2.5399999618530273
  endloop
endfacet
facet normal 0.0 0.0 0.0
  outer loop
    vertex -29.72710418701172 -36.17897415161133 7.619998931884766
    vertex -29.72710418701172 -36.17897415161133 2.5399999618530273
    vertex -31.432497024536133 -35.38373565673828 7.619998931884766
  endloop
endfacet
facet normal 0.0 0.0 0.0
  outer loop
    vertex -31.432497024536133 -35.38373565673828 7.619998931884766
    vertex -29.72710418701172 -36.17897415161133 2.5399999618530273
    vertex -31.432497024536133 -35.38373565673828 2.5399999618530273
  endloop
endfacet
facet normal 0.0 0.0 0.0
  outer loop
    vertex -31.432497024536133 -35.38373565673828 7.619998931884766
    vertex -31.432497024536133 -35.38373565673828 2.5399999618530273
    vertex -32.9738883972168 -34.304447174072266 7.619998931884766
  endloop
endfacet
facet normal 0.0 0.0 0.0
  outer loop
    vertex -32.9738883972168 -34.304447174072266 7.619998931884766
    vertex -31.432497024536133 -35.38373565673828 2.5399999618530273
    vertex -32.9738883972168 -34.304447174072266 2.5400002002716064
  endloop
endfacet
facet normal 0.0 0.0 0.0
  outer loop
    vertex -32.9738883972168 -34.304447174072266 7.619998931884766
    vertex -32.9738883972168 -34.304447174072266 2.5400002002716064
    vertex -34.304447174072266 -32.97388458251953 7.619998931884766
  endloop
endfacet
facet normal 0.0 0.0 0.0
  outer loop
    vertex -34.304447174072266 -32.97388458251953 7.619998931884766
    vertex -32.9738883972168 -34.304447174072266 2.5400002002716064
    vertex -34.304447174072266 -32.97388458251953 2.5400004386901855
  endloop
endfacet
facet normal 0.0 0.0 0.0
  outer loop
    vertex -34.304447174072266 -32.97388458251953 7.619998931884766
    vertex -34.304447174072266 -32.97388458251953 2.5400004386901855
    vertex -35.38374328613281 -31.432493209838867 7.619999408721924
  endloop
endfacet
facet normal 0.0 0.0 0.0
  outer loop
    vertex -35.38374328613281 -31.432493209838867 7.619999408721924
    vertex -34.304447174072266 -32.97388458251953 2.5400004386901855
    vertex -35.38374328613281 -31.432493209838867 2.5400006771087646
  endloop
endfacet
facet normal 0.0 0.0 0.0
  outer loop
    vertex -35.38374328613281 -31.432493209838867 7.619999408721924
    vertex -35.38374328613281 -31.432493209838867 2.5400006771087646
    vertex -36.178977966308594 -29.727100372314453 7.619999885559082
  endloop
endfacet
facet normal 0.0 0.0 0.0
  outer loop
    vertex -36.178977966308594 -29.727100372314453 7.619999885559082
    vertex -35.38374328613281 -31.432493209838867 2.5400006771087646
    vertex -36.178977966308594 -29.727100372314453 2.5400009155273438
  endloop
endfacet
facet normal 0.0 0.0 0.0
  outer loop
    vertex -36.178977966308594 -29.727100372314453 7.619999885559082
    vertex -36.178977966308594 -29.727100372314453 2.5400009155273438
    vertex -36.66599655151367 -27.90952491760254 7.619999885559082
  endloop
endfacet
facet normal 0.0 0.0 0.0
  outer loop
    vertex -36.66599655151367 -27.90952491760254 7.619999885559082
    vertex -36.178977966308594 -29.727100372314453 2.5400009155273438
    vertex -36.66599655151367 -27.90952491760254 2.540001392364502
  endloop
endfacet
facet normal 0.0 0.0 0.0
  outer loop
    vertex -36.66599655151367 -27.90952491760254 7.619999885559082
    vertex -36.66599655151367 -27.90952491760254 2.540001392364502
    vertex -36.82999801635742 -26.034996032714844 7.62000036239624
  endloop
endfacet
facet normal 0.0 0.0 0.0
  outer loop
    vertex -36.82999801635742 -26.034996032714844 7.62000036239624
    vertex -36.66599655151367 -27.90952491760254 2.540001392364502
    vertex -36.82999801635742 -26.034996032714844 2.540001630783081
  endloop
endfacet
facet normal 0.0 0.0 0.0
  outer loop
    vertex -26.034997940063477 -36.82999038696289 7.619998455047607
    vertex 26.035003662109375 -36.82999038696289 7.619998455047607
    vertex -26.034997940063477 -36.82999038696289 2.5399997234344482
  endloop
endfacet
facet normal 0.0 0.0 0.0
  outer loop
    vertex -26.034997940063477 -36.82999038696289 2.5399997234344482
    vertex 26.035003662109375 -36.82999038696289 7.619998455047607
    vertex 26.035003662109375 -36.82999038696289 2.5399997234344482
  endloop
endfacet
facet normal 0.0 0.0 0.0
  outer loop
    vertex 36.83000183105469 -26.034996032714844 7.62000036239624
    vertex 36.83000183105469 -26.034996032714844 2.540001630783081
    vertex 36.66600036621094 -27.90952491760254 7.619999885559082
  endloop
endfacet
facet normal 0.0 0.0 0.0
  outer loop
    vertex 36.66600036621094 -27.90952491760254 7.619999885559082
    vertex 36.83000183105469 -26.034996032714844 2.540001630783081
    vertex 36.66600036621094 -27.90952491760254 2.540001392364502
  endloop
endfacet
facet normal 0.0 0.0 0.0
  outer loop
    vertex 36.66600036621094 -27.90952491760254 7.619999885559082
    vertex 36.66600036621094 -27.90952491760254 2.540001392364502
    vertex 36.178985595703125 -29.727100372314453 7.619999885559082
  endloop
endfacet
facet normal 0.0 0.0 0.0
  outer loop
    vertex 36.178985595703125 -29.727100372314453 7.619999885559082
    vertex 36.66600036621094 -27.90952491760254 2.540001392364502
    vertex 36.178985595703125 -29.727100372314453 2.5400009155273438
  endloop
endfacet
facet normal 0.0 0.0 0.0
  outer loop
    vertex 36.178985595703125 -29.727100372314453 7.619999885559082
    vertex 36.178985595703125 -29.727100372314453 2.5400009155273438
    vertex 35.383750915527344 -31.432493209838867 7.619999408721924
  endloop
endfacet
facet normal 0.0 0.0 0.0
  outer loop
    vertex 35.383750915527344 -31.432493209838867 7.619999408721924
    vertex 36.178985595703125 -29.727100372314453 2.5400009155273438
    vertex 35.383750915527344 -31.432493209838867 2.5400006771087646
  endloop
endfacet
facet normal 0.0 0.0 0.0
  outer loop
    vertex 35.383750915527344 -31.432493209838867 7.619999408721924
    vertex 35.383750915527344 -31.432493209838867 2.5400006771087646
    vertex 34.30445861816406 -32.97388458251953 7.619998931884766
  endloop
endfacet
facet normal 0.0 0.0 0.0
  outer loop
    vertex 34.30445861816406 -32.97388458251953 7.619998931884766
    vertex 35.383750915527344 -31.432493209838867 2.5400006771087646
    vertex 34.30445861816406 -32.97388458251953 2.5400004386901855
  endloop
endfacet
facet normal 0.0 0.0 0.0
  outer loop
    vertex 34.30445861816406 -32.97388458251953 7.619998931884766
    vertex 34.30445861816406 -32.97388458251953 2.5400004386901855
    vertex 32.97389221191406 -34.304447174072266 7.619998931884766
  endloop
endfacet
facet normal 0.0 0.0 0.0
  outer loop
    vertex 32.97389221191406 -34.304447174072266 7.619998931884766
    vertex 34.30445861816406 -32.97388458251953 2.5400004386901855
    vertex 32.97389221191406 -34.304447174072266 2.5400002002716064
  endloop
endfacet
facet normal 0.0 0.0 0.0
  outer loop
    vertex 32.97389221191406 -34.304447174072266 7.619998931884766
    vertex 32.97389221191406 -34.304447174072266 2.5400002002716064
    vertex 31.43250274658203 -35.38373565673828 7.619998931884766
  endloop
endfacet
facet normal 0.0 0.0 0.0
  outer loop
    vertex 31.43250274658203 -35.38373565673828 7.619998931884766
    vertex 32.97389221191406 -34.304447174072266 2.5400002002716064
    vertex 31.43250274658203 -35.38373565673828 2.5399999618530273
  endloop
endfacet
facet normal 0.0 0.0 0.0
  outer loop
    vertex 31.43250274658203 -35.38373565673828 7.619998931884766
    vertex 31.43250274658203 -35.38373565673828 2.5399999618530273
    vertex 29.72711181640625 -36.17897415161133 7.619998931884766
  endloop
endfacet
facet normal 0.0 0.0 0.0
  outer loop
    vertex 29.72711181640625 -36.17897415161133 7.619998931884766
    vertex 31.43250274658203 -35.38373565673828 2.5399999618530273
    vertex 29.72711181640625 -36.17897415161133 2.5399999618530273
  endloop
endfacet
facet normal 0.0 0.0 0.0
  outer loop
    vertex 29.72711181640625 -36.17897415161133 7.619998931884766
    vertex 29.72711181640625 -36.17897415161133 2.5399999618530273
    vertex 27.909530639648438 -36.66598892211914 7.619998455047607
  endloop
endfacet
facet normal 0.0 0.0 0.0
  outer loop
    vertex 27.909530639648438 -36.66598892211914 7.619998455047607
    vertex 29.72711181640625 -36.17897415161133 2.5399999618530273
    vertex 27.909530639648438 -36.66598892211914 2.5399997234344482
  endloop
endfacet
facet normal 0.0 0.0 0.0
  outer loop
    vertex 27.909530639648438 -36.66598892211914 7.619998455047607
    vertex 27.909530639648438 -36.66598892211914 2.5399997234344482
    vertex 26.035003662109375 -36.82999038696289 7.619998455047607
  endloop
endfacet
facet normal 0.0 0.0 0.0
  outer loop
    vertex 26.035003662109375 -36.82999038696289 7.619998455047607
    vertex 27.909530639648438 -36.66598892211914 2.5399997234344482
    vertex 26.035003662109375 -36.82999038696289 2.5399997234344482
  endloop
endfacet
facet normal 0.0 0.0 0.0
  outer loop
    vertex 36.83000183105469 -26.034996032714844 7.62000036239624
    vertex 36.83000183105469 26.034990310668945 7.620009422302246
    vertex 36.83000183105469 -26.034996032714844 2.540001630783081
  endloop
endfacet
facet normal 0.0 0.0 0.0
  outer loop
    vertex 36.83000183105469 -26.034996032714844 2.540001630783081
    vertex 36.83000183105469 26.034990310668945 7.620009422302246
    vertex 36.83000183105469 26.034990310668945 2.540010929107666
  endloop
endfacet
facet normal 0.0 0.0 0.0
  outer loop
    vertex 26.035003662109375 36.829994201660156 7.620011329650879
    vertex 26.035003662109375 36.829994201660156 2.540012836456299
    vertex 27.909530639648438 36.665992736816406 7.620011329650879
  endloop
endfacet
facet normal 0.0 0.0 0.0
  outer loop
    vertex 27.909530639648438 36.665992736816406 7.620011329650879
    vertex 26.035003662109375 36.829994201660156 2.540012836456299
    vertex 27.909530639648438 36.665992736816406 2.540012836456299
  endloop
endfacet
facet normal 0.0 0.0 0.0
  outer loop
    vertex 27.909530639648438 36.665992736816406 7.620011329650879
    vertex 27.909530639648438 36.665992736816406 2.540012836456299
    vertex 29.72711181640625 36.178977966308594 7.620011329650879
  endloop
endfacet
facet normal 0.0 0.0 0.0
  outer loop
    vertex 29.72711181640625 36.178977966308594 7.620011329650879
    vertex 27.909530639648438 36.665992736816406 2.540012836456299
    vertex 29.72711181640625 36.178977966308594 2.5400125980377197
  endloop
endfacet
facet normal 0.0 0.0 0.0
  outer loop
    vertex 29.72711181640625 36.178977966308594 7.620011329650879
    vertex 29.72711181640625 36.178977966308594 2.5400125980377197
    vertex 31.43250274658203 35.38374328613281 7.620011329650879
  endloop
endfacet
facet normal 0.0 0.0 0.0
  outer loop
    vertex 31.43250274658203 35.38374328613281 7.620011329650879
    vertex 29.72711181640625 36.178977966308594 2.5400125980377197
    vertex 31.43250274658203 35.38374328613281 2.5400123596191406
  endloop
endfacet
facet normal 0.0 0.0 0.0
  outer loop
    vertex 31.43250274658203 35.38374328613281 7.620011329650879
    vertex 31.43250274658203 35.38374328613281 2.5400123596191406
    vertex 32.97389221191406 34.304443359375 7.620010852813721
  endloop
endfacet
facet normal 0.0 0.0 0.0
  outer loop
    vertex 32.97389221191406 34.304443359375 7.620010852813721
    vertex 31.43250274658203 35.38374328613281 2.5400123596191406
    vertex 32.97389221191406 34.304443359375 2.5400123596191406
  endloop
endfacet
facet normal 0.0 0.0 0.0
  outer loop
    vertex 32.97389221191406 34.304443359375 7.620010852813721
    vertex 32.97389221191406 34.304443359375 2.5400123596191406
    vertex 34.30445861816406 32.97388458251953 7.6200103759765625
  endloop
endfacet
facet normal 0.0 0.0 0.0
  outer loop
    vertex 34.30445861816406 32.97388458251953 7.6200103759765625
    vertex 32.97389221191406 34.304443359375 2.5400123596191406
    vertex 34.30445861816406 32.97388458251953 2.5400118827819824
  endloop
endfacet
facet normal 0.0 0.0 0.0
  outer loop
    vertex 34.30445861816406 32.97388458251953 7.6200103759765625
    vertex 34.30445861816406 32.97388458251953 2.5400118827819824
    vertex 35.383750915527344 31.43248748779297 7.6200103759765625
  endloop
endfacet
facet normal 0.0 0.0 0.0
  outer loop
    vertex 35.383750915527344 31.43248748779297 7.6200103759765625
    vertex 34.30445861816406 32.97388458251953 2.5400118827819824
    vertex 35.383750915527344 31.43248748779297 2.5400118827819824
  endloop
endfacet
facet normal 0.0 0.0 0.0
  outer loop
    vertex 35.383750915527344 31.43248748779297 7.6200103759765625
    vertex 35.383750915527344 31.43248748779297 2.5400118827819824
    vertex 36.178985595703125 29.72710418701172 7.6200103759765625
  endloop
endfacet
facet normal 0.0 0.0 0.0
  outer loop
    vertex 36.178985595703125 29.72710418701172 7.6200103759765625
    vertex 35.383750915527344 31.43248748779297 2.5400118827819824
    vertex 36.178985595703125 29.72710418701172 2.540011405944824
  endloop
endfacet
facet normal 0.0 0.0 0.0
  outer loop
    vertex 36.178985595703125 29.72710418701172 7.6200103759765625
    vertex 36.178985595703125 29.72710418701172 2.540011405944824
    vertex 36.66600036621094 27.90952491760254 7.620009899139404
  endloop
endfacet
facet normal 0.0 0.0 0.0
  outer loop
    vertex 36.66600036621094 27.90952491760254 7.620009899139404
    vertex 36.178985595703125 29.72710418701172 2.540011405944824
    vertex 36.66600036621094 27.90952491760254 2.540011167526245
  endloop
endfacet
facet normal 0.0 0.0 0.0
  outer loop
    vertex 36.66600036621094 27.90952491760254 7.620009899139404
    vertex 36.66600036621094 27.90952491760254 2.540011167526245
    vertex 36.83000183105469 26.034990310668945 7.620009422302246
  endloop
endfacet
facet normal 0.0 0.0 0.0
  outer loop
    vertex 36.83000183105469 26.034990310668945 7.620009422302246
    vertex 36.66600036621094 27.90952491760254 2.540011167526245
    vertex 36.83000183105469 26.034990310668945 2.540010929107666
  endloop
endfacet
facet normal 0.0 0.0 0.0
  outer loop
    vertex 26.035003662109375 36.829994201660156 7.620011329650879
    vertex -26.034997940063477 36.829994201660156 7.620011329650879
    vertex 26.035003662109375 36.829994201660156 2.540012836456299
  endloop
endfacet
facet normal 0.0 0.0 0.0
  outer loop
    vertex 26.035003662109375 36.829994201660156 2.540012836456299
    vertex -26.034997940063477 36.829994201660156 7.620011329650879
    vertex -26.034997940063477 36.829994201660156 2.540012836456299
  endloop
endfacet
facet normal 0.0 0.0 0.0
  outer loop
    vertex 36.83000183105469 -26.034996032714844 2.540001630783081
    vertex 36.83000183105469 26.034990310668945 2.540010929107666
    vertex 26.035003662109375 36.829994201660156 2.540012836456299
  endloop
endfacet
facet normal 0.0 0.0 0.0
  outer loop
    vertex -26.034997940063477 36.829994201660156 2.540012836456299
    vertex -26.034997940063477 -36.82999038696289 2.5399997234344482
    vertex 26.035003662109375 36.829994201660156 2.540012836456299
  endloop
endfacet
facet normal 0.0 0.0 0.0
  outer loop
    vertex 26.035003662109375 36.829994201660156 2.540012836456299
    vertex -26.034997940063477 -36.82999038696289 2.5399997234344482
    vertex 26.035003662109375 -36.82999038696289 2.5399997234344482
  endloop
endfacet
facet normal 0.0 0.0 0.0
  outer loop
    vertex 26.035003662109375 36.829994201660156 2.540012836456299
    vertex 26.035003662109375 -36.82999038696289 2.5399997234344482
    vertex 36.83000183105469 -26.034996032714844 2.540001630783081
  endloop
endfacet
facet normal 0.0 0.0 0.0
  outer loop
    vertex 36.83000183105469 -26.034996032714844 2.540001630783081
    vertex 26.035003662109375 -36.82999038696289 2.5399997234344482
    vertex 27.909530639648438 -36.66598892211914 2.5399997234344482
  endloop
endfacet
facet normal 0.0 0.0 0.0
  outer loop
    vertex 36.83000183105469 -26.034996032714844 2.540001630783081
    vertex 27.909530639648438 -36.66598892211914 2.5399997234344482
    vertex 29.72711181640625 -36.17897415161133 2.5399999618530273
  endloop
endfacet
facet normal 0.0 0.0 0.0
  outer loop
    vertex -26.034997940063477 36.829994201660156 2.540012836456299
    vertex -36.82999801635742 26.034990310668945 2.540010929107666
    vertex -26.034997940063477 -36.82999038696289 2.5399997234344482
  endloop
endfacet
facet normal 0.0 0.0 0.0
  outer loop
    vertex -26.034997940063477 -36.82999038696289 2.5399997234344482
    vertex -36.82999801635742 26.034990310668945 2.540010929107666
    vertex -36.82999801635742 -26.034996032714844 2.540001630783081
  endloop
endfacet
facet normal 0.0 0.0 0.0
  outer loop
    vertex -26.034997940063477 -36.82999038696289 2.5399997234344482
    vertex -36.82999801635742 -26.034996032714844 2.540001630783081
    vertex -36.66599655151367 -27.90952491760254 2.540001392364502
  endloop
endfacet
facet normal 0.0 0.0 0.0
  outer loop
    vertex 36.83000183105469 26.034990310668945 2.540010929107666
    vertex 36.66600036621094 27.90952491760254 2.540011167526245
    vertex 26.035003662109375 36.829994201660156 2.540012836456299
  endloop
endfacet
facet normal 0.0 0.0 0.0
  outer loop
    vertex 26.035003662109375 36.829994201660156 2.540012836456299
    vertex 36.66600036621094 27.90952491760254 2.540011167526245
    vertex 36.178985595703125 29.72710418701172 2.540011405944824
  endloop
endfacet
facet normal 0.0 0.0 0.0
  outer loop
    vertex 26.035003662109375 36.829994201660156 2.540012836456299
    vertex 36.178985595703125 29.72710418701172 2.540011405944824
    vertex 35.383750915527344 31.43248748779297 2.5400118827819824
  endloop
endfacet
facet normal 0.0 0.0 0.0
  outer loop
    vertex 35.383750915527344 31.43248748779297 2.5400118827819824
    vertex 34.30445861816406 32.97388458251953 2.5400118827819824
    vertex 26.035003662109375 36.829994201660156 2.540012836456299
  endloop
endfacet
facet normal 0.0 0.0 0.0
  outer loop
    vertex 26.035003662109375 36.829994201660156 2.540012836456299
    vertex 34.30445861816406 32.97388458251953 2.5400118827819824
    vertex 32.97389221191406 34.304443359375 2.5400123596191406
  endloop
endfacet
facet normal 0.0 0.0 0.0
  outer loop
    vertex 26.035003662109375 36.829994201660156 2.540012836456299
    vertex 32.97389221191406 34.304443359375 2.5400123596191406
    vertex 27.909530639648438 36.665992736816406 2.540012836456299
  endloop
endfacet
facet normal 0.0 0.0 0.0
  outer loop
    vertex 27.909530639648438 36.665992736816406 2.540012836456299
    vertex 32.97389221191406 34.304443359375 2.5400123596191406
    vertex 31.43250274658203 35.38374328613281 2.5400123596191406
  endloop
endfacet
facet normal 0.0 0.0 0.0
  outer loop
    vertex 27.909530639648438 36.665992736816406 2.540012836456299
    vertex 31.43250274658203 35.38374328613281 2.5400123596191406
    vertex 29.72711181640625 36.178977966308594 2.5400125980377197
  endloop
endfacet
facet normal 0.0 0.0 0.0
  outer loop
    vertex -27.909528732299805 36.665992736816406 2.540012836456299
    vertex -36.178977966308594 29.72710418701172 2.540011405944824
    vertex -26.034997940063477 36.829994201660156 2.540012836456299
  endloop
endfacet
facet normal 0.0 0.0 0.0
  outer loop
    vertex -26.034997940063477 36.829994201660156 2.540012836456299
    vertex -36.178977966308594 29.72710418701172 2.540011405944824
    vertex -36.66599655151367 27.90952491760254 2.540011167526245
  endloop
endfacet
facet normal 0.0 0.0 0.0
  outer loop
    vertex -26.034997940063477 36.829994201660156 2.540012836456299
    vertex -36.66599655151367 27.90952491760254 2.540011167526245
    vertex -36.82999801635742 26.034990310668945 2.540010929107666
  endloop
endfacet
facet normal 0.0 0.0 0.0
  outer loop
    vertex -31.432497024536133 35.38374328613281 2.5400123596191406
    vertex -32.9738883972168 34.304443359375 2.5400123596191406
    vertex -34.304447174072266 32.97388458251953 2.5400118827819824
  endloop
endfacet
facet normal 0.0 0.0 0.0
  outer loop
    vertex -36.66599655151367 -27.90952491760254 2.540001392364502
    vertex -36.178977966308594 -29.727100372314453 2.5400009155273438
    vertex -26.034997940063477 -36.82999038696289 2.5399997234344482
  endloop
endfacet
facet normal 0.0 0.0 0.0
  outer loop
    vertex -26.034997940063477 -36.82999038696289 2.5399997234344482
    vertex -36.178977966308594 -29.727100372314453 2.5400009155273438
    vertex -35.38374328613281 -31.432493209838867 2.5400006771087646
  endloop
endfacet
facet normal 0.0 0.0 0.0
  outer loop
    vertex -26.034997940063477 -36.82999038696289 2.5399997234344482
    vertex -35.38374328613281 -31.432493209838867 2.5400006771087646
    vertex -27.909528732299805 -36.66598892211914 2.5399997234344482
  endloop
endfacet
facet normal 0.0 0.0 0.0
  outer loop
    vertex -27.909528732299805 -36.66598892211914 2.5399997234344482
    vertex -35.38374328613281 -31.432493209838867 2.5400006771087646
    vertex -34.304447174072266 -32.97388458251953 2.5400004386901855
  endloop
endfacet
facet normal 0.0 0.0 0.0
  outer loop
    vertex -34.304447174072266 -32.97388458251953 2.5400004386901855
    vertex -32.9738883972168 -34.304447174072266 2.5400002002716064
    vertex -27.909528732299805 -36.66598892211914 2.5399997234344482
  endloop
endfacet
facet normal 0.0 0.0 0.0
  outer loop
    vertex -27.909528732299805 -36.66598892211914 2.5399997234344482
    vertex -32.9738883972168 -34.304447174072266 2.5400002002716064
    vertex -31.432497024536133 -35.38373565673828 2.5399999618530273
  endloop
endfacet
facet normal 0.0 0.0 0.0
  outer loop
    vertex -27.909528732299805 -36.66598892211914 2.5399997234344482
    vertex -31.432497024536133 -35.38373565673828 2.5399999618530273
    vertex -29.72710418701172 -36.17897415161133 2.5399999618530273
  endloop
endfacet
facet normal 0.0 0.0 0.0
  outer loop
    vertex 31.43250274658203 -35.38373565673828 2.5399999618530273
    vertex 36.178985595703125 -29.727100372314453 2.5400009155273438
    vertex 29.72711181640625 -36.17897415161133 2.5399999618530273
  endloop
endfacet
facet normal 0.0 0.0 0.0
  outer loop
    vertex 29.72711181640625 -36.17897415161133 2.5399999618530273
    vertex 36.178985595703125 -29.727100372314453 2.5400009155273438
    vertex 36.66600036621094 -27.90952491760254 2.540001392364502
  endloop
endfacet
facet normal 0.0 0.0 0.0
  outer loop
    vertex 29.72711181640625 -36.17897415161133 2.5399999618530273
    vertex 36.66600036621094 -27.90952491760254 2.540001392364502
    vertex 36.83000183105469 -26.034996032714844 2.540001630783081
  endloop
endfacet
facet normal 0.0 0.0 0.0
  outer loop
    vertex 31.43250274658203 -35.38373565673828 2.5399999618530273
    vertex 32.97389221191406 -34.304447174072266 2.5400002002716064
    vertex 36.178985595703125 -29.727100372314453 2.5400009155273438
  endloop
endfacet
facet normal 0.0 0.0 0.0
  outer loop
    vertex 36.178985595703125 -29.727100372314453 2.5400009155273438
    vertex 32.97389221191406 -34.304447174072266 2.5400002002716064
    vertex 34.30445861816406 -32.97388458251953 2.5400004386901855
  endloop
endfacet
facet normal 0.0 0.0 0.0
  outer loop
    vertex 36.178985595703125 -29.727100372314453 2.5400009155273438
    vertex 34.30445861816406 -32.97388458251953 2.5400004386901855
    vertex 35.383750915527344 -31.432493209838867 2.5400006771087646
  endloop
endfacet
facet normal 0.0 0.0 0.0
  outer loop
    vertex -27.909528732299805 36.665992736816406 2.540012836456299
    vertex -29.72710418701172 36.178977966308594 2.5400125980377197
    vertex -36.178977966308594 29.72710418701172 2.540011405944824
  endloop
endfacet
facet normal 0.0 0.0 0.0
  outer loop
    vertex -36.178977966308594 29.72710418701172 2.540011405944824
    vertex -29.72710418701172 36.178977966308594 2.5400125980377197
    vertex -31.432497024536133 35.38374328613281 2.5400123596191406
  endloop
endfacet
facet normal 0.0 0.0 0.0
  outer loop
    vertex -36.178977966308594 29.72710418701172 2.540011405944824
    vertex -31.432497024536133 35.38374328613281 2.5400123596191406
    vertex -35.38374328613281 31.43248748779297 2.5400118827819824
  endloop
endfacet
facet normal 0.0 0.0 0.0
  outer loop
    vertex -35.38374328613281 31.43248748779297 2.5400118827819824
    vertex -31.432497024536133 35.38374328613281 2.5400123596191406
    vertex -34.304447174072266 32.97388458251953 2.5400118827819824
  endloop
endfacet
facet normal 0.0 0.0 0.0
  outer loop
    vertex -36.41290283203125 0.9462090134620667 1.0160064697265625
    vertex -35.52458572387695 0.11784393340349197 1.0160064697265625
    vertex -36.41290283203125 0.946209192276001 7.152557373046875e-06
  endloop
endfacet
facet normal 0.0 0.0 0.0
  outer loop
    vertex -36.41290283203125 0.946209192276001 7.152557373046875e-06
    vertex -35.52458572387695 0.11784393340349197 1.0160064697265625
    vertex -35.52458572387695 0.1178441122174263 6.9141387939453125e-06
  endloop
endfacet
facet normal 0.0 0.0 0.0
  outer loop
    vertex -35.52458572387695 0.11784393340349197 1.0160064697265625
    vertex -36.56329345703125 -0.8283648490905762 1.0160062313079834
    vertex -35.52458572387695 0.1178441122174263 6.9141387939453125e-06
  endloop
endfacet
facet normal 0.0 0.0 0.0
  outer loop
    vertex -35.52458572387695 0.1178441122174263 6.9141387939453125e-06
    vertex -36.56329345703125 -0.8283648490905762 1.0160062313079834
    vertex -36.56329345703125 -0.8283646702766418 6.67572021484375e-06
  endloop
endfacet
facet normal 0.0 0.0 0.0
  outer loop
    vertex -36.56329345703125 -0.8283648490905762 1.0160062313079834
    vertex -37.45160675048828 3.3411620847800805e-07 1.0160064697265625
    vertex -36.56329345703125 -0.8283646702766418 6.67572021484375e-06
  endloop
endfacet
facet normal 0.0 0.0 0.0
  outer loop
    vertex -36.56329345703125 -0.8283646702766418 6.67572021484375e-06
    vertex -37.45160675048828 3.3411620847800805e-07 1.0160064697265625
    vertex -37.45160675048828 5.126892119733384e-07 6.9141387939453125e-06
  endloop
endfacet
facet normal 0.0 0.0 0.0
  outer loop
    vertex -35.0798225402832 0.11304885894060135 1.0160064697265625
    vertex -34.24332046508789 0.8750610947608948 1.0160064697265625
    vertex -35.0798225402832 0.11304903775453568 6.9141387939453125e-06
  endloop
endfacet
facet normal 0.0 0.0 0.0
  outer loop
    vertex -35.0798225402832 0.11304903775453568 6.9141387939453125e-06
    vertex -34.24332046508789 0.8750610947608948 1.0160064697265625
    vertex -34.24332046508789 0.8750612735748291 6.9141387939453125e-06
  endloop
endfacet
facet normal 0.0 0.0 0.0
  outer loop
    vertex -34.24332046508789 0.8750610947608948 1.0160064697265625
    vertex -34.24332046508789 -0.6670031547546387 1.0160062313079834
    vertex -34.24332046508789 0.8750612735748291 6.9141387939453125e-06
  endloop
endfacet
facet normal 0.0 0.0 0.0
  outer loop
    vertex -34.24332046508789 0.8750612735748291 6.9141387939453125e-06
    vertex -34.24332046508789 -0.6670031547546387 1.0160062313079834
    vertex -34.24332046508789 -0.6670029759407043 6.67572021484375e-06
  endloop
endfacet
facet normal 0.0 0.0 0.0
  outer loop
    vertex -36.44502639770508 1.3861198425292969 1.0160067081451416
    vertex -37.96664810180664 3.3411620847800805e-07 1.0160064697265625
    vertex -36.44502639770508 1.386120080947876 7.152557373046875e-06
  endloop
endfacet
facet normal 0.0 0.0 0.0
  outer loop
    vertex -36.44502639770508 1.386120080947876 7.152557373046875e-06
    vertex -37.96664810180664 3.3411620847800805e-07 1.0160064697265625
    vertex -37.96664810180664 5.126892119733384e-07 6.9141387939453125e-06
  endloop
endfacet
facet normal 0.0 0.0 0.0
  outer loop
    vertex -37.96664810180664 3.3411620847800805e-07 1.0160064697265625
    vertex -36.601444244384766 -1.2730705738067627 1.0160062313079834
    vertex -37.96664810180664 5.126892119733384e-07 6.9141387939453125e-06
  endloop
endfacet
facet normal 0.0 0.0 0.0
  outer loop
    vertex -37.96664810180664 5.126892119733384e-07 6.9141387939453125e-06
    vertex -36.601444244384766 -1.2730705738067627 1.0160062313079834
    vertex -36.601444244384766 -1.2730703353881836 6.67572021484375e-06
  endloop
endfacet
facet normal 0.0 0.0 0.0
  outer loop
    vertex -36.601444244384766 -1.2730705738067627 1.0160062313079834
    vertex -35.30220413208008 -0.0895305871963501 1.0160064697265625
    vertex -36.601444244384766 -1.2730703353881836 6.67572021484375e-06
  endloop
endfacet
facet normal 0.0 0.0 0.0
  outer loop
    vertex -36.601444244384766 -1.2730703353881836 6.67572021484375e-06
    vertex -35.30220413208008 -0.0895305871963501 1.0160064697265625
    vertex -35.30220413208008 -0.08953040838241577 6.9141387939453125e-06
  endloop
endfacet
facet normal 0.0 0.0 0.0
  outer loop
    vertex -35.30220413208008 -0.0895305871963501 1.0160064697265625
    vertex -34.23429870605469 -1.0853685140609741 1.0160062313079834
    vertex -35.30220413208008 -0.08953040838241577 6.9141387939453125e-06
  endloop
endfacet
facet normal 0.0 0.0 0.0
  outer loop
    vertex -35.30220413208008 -0.08953040838241577 6.9141387939453125e-06
    vertex -34.23429870605469 -1.0853685140609741 1.0160062313079834
    vertex -34.23429870605469 -1.085368275642395 6.67572021484375e-06
  endloop
endfacet
facet normal 0.0 0.0 0.0
  outer loop
    vertex -34.23429870605469 -1.0853685140609741 1.0160062313079834
    vertex -30.40335464477539 -1.0853685140609741 1.0160062313079834
    vertex -34.23429870605469 -1.085368275642395 6.67572021484375e-06
  endloop
endfacet
facet normal 0.0 0.0 0.0
  outer loop
    vertex -34.23429870605469 -1.085368275642395 6.67572021484375e-06
    vertex -30.40335464477539 -1.0853685140609741 1.0160062313079834
    vertex -30.40335464477539 -1.085368275642395 6.67572021484375e-06
  endloop
endfacet
facet normal 0.0 0.0 0.0
  outer loop
    vertex -30.40335464477539 -1.0853685140609741 1.0160062313079834
    vertex -30.40335464477539 2.0293080806732178 1.0160067081451416
    vertex -30.40335464477539 -1.085368275642395 6.67572021484375e-06
  endloop
endfacet
facet normal 0.0 0.0 0.0
  outer loop
    vertex -30.40335464477539 -1.085368275642395 6.67572021484375e-06
    vertex -30.40335464477539 2.0293080806732178 1.0160067081451416
    vertex -30.40335464477539 2.029308319091797 7.152557373046875e-06
  endloop
endfacet
facet normal 0.0 0.0 0.0
  outer loop
    vertex -30.40335464477539 2.0293080806732178 1.0160067081451416
    vertex -25.416643142700195 2.0293080806732178 1.0160067081451416
    vertex -30.40335464477539 2.029308319091797 7.152557373046875e-06
  endloop
endfacet
facet normal 0.0 0.0 0.0
  outer loop
    vertex -30.40335464477539 2.029308319091797 7.152557373046875e-06
    vertex -25.416643142700195 2.0293080806732178 1.0160067081451416
    vertex -25.416643142700195 2.029308319091797 7.152557373046875e-06
  endloop
endfacet
facet normal 0.0 0.0 0.0
  outer loop
    vertex -25.416643142700195 2.0293080806732178 1.0160067081451416
    vertex -25.416643142700195 -1.674414873123169 1.0160062313079834
    vertex -25.416643142700195 2.029308319091797 7.152557373046875e-06
  endloop
endfacet
facet normal 0.0 0.0 0.0
  outer loop
    vertex -25.416643142700195 2.029308319091797 7.152557373046875e-06
    vertex -25.416643142700195 -1.674414873123169 1.0160062313079834
    vertex -25.416643142700195 -1.6744146347045898 6.67572021484375e-06
  endloop
endfacet
facet normal 0.0 0.0 0.0
  outer loop
    vertex -25.416643142700195 -1.674414873123169 1.0160062313079834
    vertex -29.41271209716797 -1.674414873123169 1.0160062313079834
    vertex -25.416643142700195 -1.6744146347045898 6.67572021484375e-06
  endloop
endfacet
facet normal 0.0 0.0 0.0
  outer loop
    vertex -25.416643142700195 -1.6744146347045898 6.67572021484375e-06
    vertex -29.41271209716797 -1.674414873123169 1.0160062313079834
    vertex -29.41271209716797 -1.6744146347045898 6.67572021484375e-06
  endloop
endfacet
facet normal 0.0 0.0 0.0
  outer loop
    vertex -29.41271209716797 -1.674414873123169 1.0160062313079834
    vertex -29.41271209716797 0.9480476975440979 1.0160064697265625
    vertex -29.41271209716797 -1.6744146347045898 6.67572021484375e-06
  endloop
endfacet
facet normal 0.0 0.0 0.0
  outer loop
    vertex -29.41271209716797 -1.6744146347045898 6.67572021484375e-06
    vertex -29.41271209716797 0.9480476975440979 1.0160064697265625
    vertex -29.41271209716797 0.9480478763580322 7.152557373046875e-06
  endloop
endfacet
facet normal 0.0 0.0 0.0
  outer loop
    vertex -29.41271209716797 0.9480476975440979 1.0160064697265625
    vertex -26.538249969482422 0.9480476975440979 1.0160064697265625
    vertex -29.41271209716797 0.9480478763580322 7.152557373046875e-06
  endloop
endfacet
facet normal 0.0 0.0 0.0
  outer loop
    vertex -29.41271209716797 0.9480478763580322 7.152557373046875e-06
    vertex -26.538249969482422 0.9480476975440979 1.0160064697265625
    vertex -26.538249969482422 0.9480478763580322 7.152557373046875e-06
  endloop
endfacet
facet normal 0.0 0.0 0.0
  outer loop
    vertex -26.538249969482422 0.9480476975440979 1.0160064697265625
    vertex -26.538249969482422 -0.6899828910827637 1.0160062313079834
    vertex -26.538249969482422 0.9480478763580322 7.152557373046875e-06
  endloop
endfacet
facet normal 0.0 0.0 0.0
  outer loop
    vertex -26.538249969482422 0.9480478763580322 7.152557373046875e-06
    vertex -26.538249969482422 -0.6899828910827637 1.0160062313079834
    vertex -26.538249969482422 -0.6899827122688293 6.67572021484375e-06
  endloop
endfacet
facet normal 0.0 0.0 0.0
  outer loop
    vertex -26.538249969482422 -0.6899828910827637 1.0160062313079834
    vertex -28.668495178222656 -0.6899828910827637 1.0160062313079834
    vertex -26.538249969482422 -0.6899827122688293 6.67572021484375e-06
  endloop
endfacet
facet normal 0.0 0.0 0.0
  outer loop
    vertex -26.538249969482422 -0.6899827122688293 6.67572021484375e-06
    vertex -28.668495178222656 -0.6899828910827637 1.0160062313079834
    vertex -28.668495178222656 -0.6899827122688293 6.67572021484375e-06
  endloop
endfacet
facet normal 0.0 0.0 0.0
  outer loop
    vertex -28.668495178222656 -0.6899828910827637 1.0160062313079834
    vertex -28.668495178222656 -1.0611604452133179 1.0160062313079834
    vertex -28.668495178222656 -0.6899827122688293 6.67572021484375e-06
  endloop
endfacet
facet normal 0.0 0.0 0.0
  outer loop
    vertex -28.668495178222656 -0.6899827122688293 6.67572021484375e-06
    vertex -28.668495178222656 -1.0611604452133179 1.0160062313079834
    vertex -28.668495178222656 -1.0611602067947388 6.67572021484375e-06
  endloop
endfacet
facet normal 0.0 0.0 0.0
  outer loop
    vertex -28.668495178222656 -1.0611604452133179 1.0160062313079834
    vertex -26.0379638671875 -1.0611604452133179 1.0160062313079834
    vertex -28.668495178222656 -1.0611602067947388 6.67572021484375e-06
  endloop
endfacet
facet normal 0.0 0.0 0.0
  outer loop
    vertex -28.668495178222656 -1.0611602067947388 6.67572021484375e-06
    vertex -26.0379638671875 -1.0611604452133179 1.0160062313079834
    vertex -26.0379638671875 -1.0611602067947388 6.67572021484375e-06
  endloop
endfacet
facet normal 0.0 0.0 0.0
  outer loop
    vertex -26.0379638671875 -1.0611604452133179 1.0160062313079834
    vertex -26.0379638671875 1.3272972106933594 1.0160067081451416
    vertex -26.0379638671875 -1.0611602067947388 6.67572021484375e-06
  endloop
endfacet
facet normal 0.0 0.0 0.0
  outer loop
    vertex -26.0379638671875 -1.0611602067947388 6.67572021484375e-06
    vertex -26.0379638671875 1.3272972106933594 1.0160067081451416
    vertex -26.0379638671875 1.3272974491119385 7.152557373046875e-06
  endloop
endfacet
facet normal 0.0 0.0 0.0
  outer loop
    vertex -26.0379638671875 1.3272972106933594 1.0160067081451416
    vertex -29.790103912353516 1.3272972106933594 1.0160067081451416
    vertex -26.0379638671875 1.3272974491119385 7.152557373046875e-06
  endloop
endfacet
facet normal 0.0 0.0 0.0
  outer loop
    vertex -26.0379638671875 1.3272974491119385 7.152557373046875e-06
    vertex -29.790103912353516 1.3272972106933594 1.0160067081451416
    vertex -29.790103912353516 1.3272974491119385 7.152557373046875e-06
  endloop
endfacet
facet normal 0.0 0.0 0.0
  outer loop
    vertex -29.790103912353516 1.3272972106933594 1.0160067081451416
    vertex -29.790103912353516 -2.061732530593872 1.0160059928894043
    vertex -29.790103912353516 1.3272974491119385 7.152557373046875e-06
  endloop
endfacet
facet normal 0.0 0.0 0.0
  outer loop
    vertex -29.790103912353516 1.3272974491119385 7.152557373046875e-06
    vertex -29.790103912353516 -2.061732530593872 1.0160059928894043
    vertex -29.790103912353516 -2.061732292175293 6.4373016357421875e-06
  endloop
endfacet
facet normal 0.0 0.0 0.0
  outer loop
    vertex -29.790103912353516 -2.061732530593872 1.0160059928894043
    vertex -25.034778594970703 -2.061732530593872 1.0160059928894043
    vertex -29.790103912353516 -2.061732292175293 6.4373016357421875e-06
  endloop
endfacet
facet normal 0.0 0.0 0.0
  outer loop
    vertex -29.790103912353516 -2.061732292175293 6.4373016357421875e-06
    vertex -25.034778594970703 -2.061732530593872 1.0160059928894043
    vertex -25.034778594970703 -2.061732292175293 6.4373016357421875e-06
  endloop
endfacet
facet normal 0.0 0.0 0.0
  outer loop
    vertex -25.034778594970703 -2.061732530593872 1.0160059928894043
    vertex -25.034778594970703 2.3850018978118896 1.0160069465637207
    vertex -25.034778594970703 -2.061732292175293 6.4373016357421875e-06
  endloop
endfacet
facet normal 0.0 0.0 0.0
  outer loop
    vertex -25.034778594970703 -2.061732292175293 6.4373016357421875e-06
    vertex -25.034778594970703 2.3850018978118896 1.0160069465637207
    vertex -25.034778594970703 2.3850021362304688 7.3909759521484375e-06
  endloop
endfacet
facet normal 0.0 0.0 0.0
  outer loop
    vertex -25.034778594970703 2.3850018978118896 1.0160069465637207
    vertex -30.844539642333984 2.3850018978118896 1.0160069465637207
    vertex -25.034778594970703 2.3850021362304688 7.3909759521484375e-06
  endloop
endfacet
facet normal 0.0 0.0 0.0
  outer loop
    vertex -25.034778594970703 2.3850021362304688 7.3909759521484375e-06
    vertex -30.844539642333984 2.3850018978118896 1.0160069465637207
    vertex -30.844539642333984 2.3850021362304688 7.3909759521484375e-06
  endloop
endfacet
facet normal 0.0 0.0 0.0
  outer loop
    vertex -30.844539642333984 2.3850018978118896 1.0160069465637207
    vertex -30.844539642333984 -0.7507510185241699 1.0160062313079834
    vertex -30.844539642333984 2.3850021362304688 7.3909759521484375e-06
  endloop
endfacet
facet normal 0.0 0.0 0.0
  outer loop
    vertex -30.844539642333984 2.3850021362304688 7.3909759521484375e-06
    vertex -30.844539642333984 -0.7507510185241699 1.0160062313079834
    vertex -30.844539642333984 -0.7507508397102356 6.67572021484375e-06
  endloop
endfacet
facet normal 0.0 0.0 0.0
  outer loop
    vertex -30.844539642333984 -0.7507510185241699 1.0160062313079834
    vertex -33.68309783935547 -0.7507510185241699 1.0160062313079834
    vertex -30.844539642333984 -0.7507508397102356 6.67572021484375e-06
  endloop
endfacet
facet normal 0.0 0.0 0.0
  outer loop
    vertex -30.844539642333984 -0.7507508397102356 6.67572021484375e-06
    vertex -33.68309783935547 -0.7507510185241699 1.0160062313079834
    vertex -33.68309783935547 -0.7507508397102356 6.67572021484375e-06
  endloop
endfacet
facet normal 0.0 0.0 0.0
  outer loop
    vertex -33.68309783935547 -0.7507510185241699 1.0160062313079834
    vertex -33.68309783935547 0.8611947298049927 1.0160064697265625
    vertex -33.68309783935547 -0.7507508397102356 6.67572021484375e-06
  endloop
endfacet
facet normal 0.0 0.0 0.0
  outer loop
    vertex -33.68309783935547 -0.7507508397102356 6.67572021484375e-06
    vertex -33.68309783935547 0.8611947298049927 1.0160064697265625
    vertex -33.68309783935547 0.861194908618927 6.9141387939453125e-06
  endloop
endfacet
facet normal 0.0 0.0 0.0
  outer loop
    vertex -33.68309783935547 0.8611947298049927 1.0160064697265625
    vertex -31.93179702758789 0.8611947298049927 1.0160064697265625
    vertex -33.68309783935547 0.861194908618927 6.9141387939453125e-06
  endloop
endfacet
facet normal 0.0 0.0 0.0
  outer loop
    vertex -33.68309783935547 0.861194908618927 6.9141387939453125e-06
    vertex -31.93179702758789 0.8611947298049927 1.0160064697265625
    vertex -31.93179702758789 0.861194908618927 6.9141387939453125e-06
  endloop
endfacet
facet normal 0.0 0.0 0.0
  outer loop
    vertex -31.93179702758789 0.8611947298049927 1.0160064697265625
    vertex -31.93179702758789 0.3096354305744171 1.0160064697265625
    vertex -31.93179702758789 0.861194908618927 6.9141387939453125e-06
  endloop
endfacet
facet normal 0.0 0.0 0.0
  outer loop
    vertex -31.93179702758789 0.861194908618927 6.9141387939453125e-06
    vertex -31.93179702758789 0.3096354305744171 1.0160064697265625
    vertex -31.93179702758789 0.30963560938835144 6.9141387939453125e-06
  endloop
endfacet
facet normal 0.0 0.0 0.0
  outer loop
    vertex -31.93179702758789 0.3096354305744171 1.0160064697265625
    vertex -33.294464111328125 0.3096354305744171 1.0160064697265625
    vertex -31.93179702758789 0.30963560938835144 6.9141387939453125e-06
  endloop
endfacet
facet normal 0.0 0.0 0.0
  outer loop
    vertex -31.93179702758789 0.30963560938835144 6.9141387939453125e-06
    vertex -33.294464111328125 0.3096354305744171 1.0160064697265625
    vertex -33.294464111328125 0.30963560938835144 6.9141387939453125e-06
  endloop
endfacet
facet normal 0.0 0.0 0.0
  outer loop
    vertex -33.294464111328125 0.3096354305744171 1.0160064697265625
    vertex -33.294464111328125 -0.04905666038393974 1.0160064697265625
    vertex -33.294464111328125 0.30963560938835144 6.9141387939453125e-06
  endloop
endfacet
facet normal 0.0 0.0 0.0
  outer loop
    vertex -33.294464111328125 0.30963560938835144 6.9141387939453125e-06
    vertex -33.294464111328125 -0.04905666038393974 1.0160064697265625
    vertex -33.294464111328125 -0.04905648157000542 6.9141387939453125e-06
  endloop
endfacet
facet normal 0.0 0.0 0.0
  outer loop
    vertex -33.294464111328125 -0.04905666038393974 1.0160064697265625
    vertex -31.420181274414062 -0.04905666038393974 1.0160064697265625
    vertex -33.294464111328125 -0.04905648157000542 6.9141387939453125e-06
  endloop
endfacet
facet normal 0.0 0.0 0.0
  outer loop
    vertex -33.294464111328125 -0.04905648157000542 6.9141387939453125e-06
    vertex -31.420181274414062 -0.04905666038393974 1.0160064697265625
    vertex -31.420181274414062 -0.04905648157000542 6.9141387939453125e-06
  endloop
endfacet
facet normal 0.0 0.0 0.0
  outer loop
    vertex -31.420181274414062 -0.04905666038393974 1.0160064697265625
    vertex -31.420181274414062 1.2563552856445312 1.0160067081451416
    vertex -31.420181274414062 -0.04905648157000542 6.9141387939453125e-06
  endloop
endfacet
facet normal 0.0 0.0 0.0
  outer loop
    vertex -31.420181274414062 -0.04905648157000542 6.9141387939453125e-06
    vertex -31.420181274414062 1.2563552856445312 1.0160067081451416
    vertex -31.420181274414062 1.2563555240631104 7.152557373046875e-06
  endloop
endfacet
facet normal 0.0 0.0 0.0
  outer loop
    vertex -31.420181274414062 1.2563552856445312 1.0160067081451416
    vertex -34.274776458740234 1.2563552856445312 1.0160067081451416
    vertex -31.420181274414062 1.2563555240631104 7.152557373046875e-06
  endloop
endfacet
facet normal 0.0 0.0 0.0
  outer loop
    vertex -31.420181274414062 1.2563555240631104 7.152557373046875e-06
    vertex -34.274776458740234 1.2563552856445312 1.0160067081451416
    vertex -34.274776458740234 1.2563555240631104 7.152557373046875e-06
  endloop
endfacet
facet normal 0.0 0.0 0.0
  outer loop
    vertex -34.274776458740234 1.2563552856445312 1.0160067081451416
    vertex -35.30220413208008 0.3204195499420166 1.0160064697265625
    vertex -34.274776458740234 1.2563555240631104 7.152557373046875e-06
  endloop
endfacet
facet normal 0.0 0.0 0.0
  outer loop
    vertex -34.274776458740234 1.2563555240631104 7.152557373046875e-06
    vertex -35.30220413208008 0.3204195499420166 1.0160064697265625
    vertex -35.30220413208008 0.3204197287559509 6.9141387939453125e-06
  endloop
endfacet
facet normal 0.0 0.0 0.0
  outer loop
    vertex -34.24332046508789 -0.6670031547546387 1.0160062313079834
    vertex -35.0798225402832 0.11304885894060135 1.0160064697265625
    vertex -34.24332046508789 -0.6670029759407043 6.67572021484375e-06
  endloop
endfacet
facet normal 0.0 0.0 0.0
  outer loop
    vertex -34.24332046508789 -0.6670029759407043 6.67572021484375e-06
    vertex -35.0798225402832 0.11304885894060135 1.0160064697265625
    vertex -35.0798225402832 0.11304903775453568 6.9141387939453125e-06
  endloop
endfacet
facet normal 0.0 0.0 0.0
  outer loop
    vertex -35.30220413208008 0.3204195499420166 1.0160064697265625
    vertex -36.44502639770508 1.3861198425292969 1.0160067081451416
    vertex -35.30220413208008 0.3204197287559509 6.9141387939453125e-06
  endloop
endfacet
facet normal 0.0 0.0 0.0
  outer loop
    vertex -35.30220413208008 0.3204197287559509 6.9141387939453125e-06
    vertex -36.44502639770508 1.3861198425292969 1.0160067081451416
    vertex -36.44502639770508 1.386120080947876 7.152557373046875e-06
  endloop
endfacet
facet normal 0.0 0.0 0.0
  outer loop
    vertex -37.45160675048828 3.3411620847800805e-07 1.0160064697265625
    vertex -36.41290283203125 0.9462090134620667 1.0160064697265625
    vertex -37.45160675048828 5.126892119733384e-07 6.9141387939453125e-06
  endloop
endfacet
facet normal 0.0 0.0 0.0
  outer loop
    vertex -37.45160675048828 5.126892119733384e-07 6.9141387939453125e-06
    vertex -36.41290283203125 0.9462090134620667 1.0160064697265625
    vertex -36.41290283203125 0.946209192276001 7.152557373046875e-06
  endloop
endfacet
facet normal 0.0 0.0 0.0
  outer loop
    vertex -34.24332046508789 0.8750610947608948 1.0160064697265625
    vertex -35.0798225402832 0.11304885894060135 1.0160064697265625
    vertex -35.30220413208008 0.3204195499420166 1.0160064697265625
  endloop
endfacet
facet normal 0.0 0.0 0.0
  outer loop
    vertex -33.294464111328125 -0.04905666038393974 1.0160064697265625
    vertex -33.294464111328125 0.3096354305744171 1.0160064697265625
    vertex -31.420181274414062 -0.04905666038393974 1.0160064697265625
  endloop
endfacet
facet normal 0.0 0.0 0.0
  outer loop
    vertex -31.420181274414062 -0.04905666038393974 1.0160064697265625
    vertex -33.294464111328125 0.3096354305744171 1.0160064697265625
    vertex -31.93179702758789 0.3096354305744171 1.0160064697265625
  endloop
endfacet
facet normal 0.0 0.0 0.0
  outer loop
    vertex -31.420181274414062 -0.04905666038393974 1.0160064697265625
    vertex -31.93179702758789 0.3096354305744171 1.0160064697265625
    vertex -31.420181274414062 1.2563552856445312 1.0160067081451416
  endloop
endfacet
facet normal 0.0 0.0 0.0
  outer loop
    vertex -31.420181274414062 1.2563552856445312 1.0160067081451416
    vertex -31.93179702758789 0.3096354305744171 1.0160064697265625
    vertex -31.93179702758789 0.8611947298049927 1.0160064697265625
  endloop
endfacet
facet normal 0.0 0.0 0.0
  outer loop
    vertex -31.420181274414062 1.2563552856445312 1.0160067081451416
    vertex -31.93179702758789 0.8611947298049927 1.0160064697265625
    vertex -34.274776458740234 1.2563552856445312 1.0160067081451416
  endloop
endfacet
facet normal 0.0 0.0 0.0
  outer loop
    vertex -34.274776458740234 1.2563552856445312 1.0160067081451416
    vertex -31.93179702758789 0.8611947298049927 1.0160064697265625
    vertex -33.68309783935547 0.8611947298049927 1.0160064697265625
  endloop
endfacet
facet normal 0.0 0.0 0.0
  outer loop
    vertex -35.52458572387695 0.11784393340349197 1.0160064697265625
    vertex -35.30220413208008 -0.0895305871963501 1.0160064697265625
    vertex -36.56329345703125 -0.8283648490905762 1.0160062313079834
  endloop
endfacet
facet normal 0.0 0.0 0.0
  outer loop
    vertex -36.56329345703125 -0.8283648490905762 1.0160062313079834
    vertex -35.30220413208008 -0.0895305871963501 1.0160064697265625
    vertex -36.601444244384766 -1.2730705738067627 1.0160062313079834
  endloop
endfacet
facet normal 0.0 0.0 0.0
  outer loop
    vertex -36.56329345703125 -0.8283648490905762 1.0160062313079834
    vertex -36.601444244384766 -1.2730705738067627 1.0160062313079834
    vertex -37.45160675048828 3.3411620847800805e-07 1.0160064697265625
  endloop
endfacet
facet normal 0.0 0.0 0.0
  outer loop
    vertex -37.45160675048828 3.3411620847800805e-07 1.0160064697265625
    vertex -36.601444244384766 -1.2730705738067627 1.0160062313079834
    vertex -37.96664810180664 3.3411620847800805e-07 1.0160064697265625
  endloop
endfacet
facet normal 0.0 0.0 0.0
  outer loop
    vertex -37.45160675048828 3.3411620847800805e-07 1.0160064697265625
    vertex -37.96664810180664 3.3411620847800805e-07 1.0160064697265625
    vertex -36.41290283203125 0.9462090134620667 1.0160064697265625
  endloop
endfacet
facet normal 0.0 0.0 0.0
  outer loop
    vertex -36.41290283203125 0.9462090134620667 1.0160064697265625
    vertex -37.96664810180664 3.3411620847800805e-07 1.0160064697265625
    vertex -36.44502639770508 1.3861198425292969 1.0160067081451416
  endloop
endfacet
facet normal 0.0 0.0 0.0
  outer loop
    vertex -36.41290283203125 0.9462090134620667 1.0160064697265625
    vertex -36.44502639770508 1.3861198425292969 1.0160067081451416
    vertex -35.52458572387695 0.11784393340349197 1.0160064697265625
  endloop
endfacet
facet normal 0.0 0.0 0.0
  outer loop
    vertex -36.44502639770508 1.3861198425292969 1.0160067081451416
    vertex -35.30220413208008 0.3204195499420166 1.0160064697265625
    vertex -35.52458572387695 0.11784393340349197 1.0160064697265625
  endloop
endfacet
facet normal 0.0 0.0 0.0
  outer loop
    vertex -35.52458572387695 0.11784393340349197 1.0160064697265625
    vertex -35.30220413208008 0.3204195499420166 1.0160064697265625
    vertex -35.0798225402832 0.11304885894060135 1.0160064697265625
  endloop
endfacet
facet normal 0.0 0.0 0.0
  outer loop
    vertex -35.52458572387695 0.11784393340349197 1.0160064697265625
    vertex -35.0798225402832 0.11304885894060135 1.0160064697265625
    vertex -35.30220413208008 -0.0895305871963501 1.0160064697265625
  endloop
endfacet
facet normal 0.0 0.0 0.0
  outer loop
    vertex -35.30220413208008 -0.0895305871963501 1.0160064697265625
    vertex -35.0798225402832 0.11304885894060135 1.0160064697265625
    vertex -34.23429870605469 -1.0853685140609741 1.0160062313079834
  endloop
endfacet
facet normal 0.0 0.0 0.0
  outer loop
    vertex -28.668495178222656 -1.0611604452133179 1.0160062313079834
    vertex -28.668495178222656 -0.6899828910827637 1.0160062313079834
    vertex -26.538249969482422 -0.6899828910827637 1.0160062313079834
  endloop
endfacet
facet normal 0.0 0.0 0.0
  outer loop
    vertex -35.30220413208008 0.3204195499420166 1.0160064697265625
    vertex -34.274776458740234 1.2563552856445312 1.0160067081451416
    vertex -34.24332046508789 0.8750610947608948 1.0160064697265625
  endloop
endfacet
facet normal 0.0 0.0 0.0
  outer loop
    vertex -34.24332046508789 0.8750610947608948 1.0160064697265625
    vertex -34.274776458740234 1.2563552856445312 1.0160067081451416
    vertex -33.68309783935547 0.8611947298049927 1.0160064697265625
  endloop
endfacet
facet normal 0.0 0.0 0.0
  outer loop
    vertex -34.24332046508789 0.8750610947608948 1.0160064697265625
    vertex -33.68309783935547 0.8611947298049927 1.0160064697265625
    vertex -34.24332046508789 -0.6670031547546387 1.0160062313079834
  endloop
endfacet
facet normal 0.0 0.0 0.0
  outer loop
    vertex -34.24332046508789 -0.6670031547546387 1.0160062313079834
    vertex -33.68309783935547 0.8611947298049927 1.0160064697265625
    vertex -33.68309783935547 -0.7507510185241699 1.0160062313079834
  endloop
endfacet
facet normal 0.0 0.0 0.0
  outer loop
    vertex -35.0798225402832 0.11304885894060135 1.0160064697265625
    vertex -34.24332046508789 -0.6670031547546387 1.0160062313079834
    vertex -34.23429870605469 -1.0853685140609741 1.0160062313079834
  endloop
endfacet
facet normal 0.0 0.0 0.0
  outer loop
    vertex -34.23429870605469 -1.0853685140609741 1.0160062313079834
    vertex -34.24332046508789 -0.6670031547546387 1.0160062313079834
    vertex -33.68309783935547 -0.7507510185241699 1.0160062313079834
  endloop
endfacet
facet normal 0.0 0.0 0.0
  outer loop
    vertex -34.23429870605469 -1.0853685140609741 1.0160062313079834
    vertex -33.68309783935547 -0.7507510185241699 1.0160062313079834
    vertex -30.40335464477539 -1.0853685140609741 1.0160062313079834
  endloop
endfacet
facet normal 0.0 0.0 0.0
  outer loop
    vertex -30.40335464477539 -1.0853685140609741 1.0160062313079834
    vertex -33.68309783935547 -0.7507510185241699 1.0160062313079834
    vertex -30.844539642333984 -0.7507510185241699 1.0160062313079834
  endloop
endfacet
facet normal 0.0 0.0 0.0
  outer loop
    vertex -30.40335464477539 -1.0853685140609741 1.0160062313079834
    vertex -30.844539642333984 -0.7507510185241699 1.0160062313079834
    vertex -30.40335464477539 2.0293080806732178 1.0160067081451416
  endloop
endfacet
facet normal 0.0 0.0 0.0
  outer loop
    vertex -30.40335464477539 2.0293080806732178 1.0160067081451416
    vertex -30.844539642333984 -0.7507510185241699 1.0160062313079834
    vertex -30.844539642333984 2.3850018978118896 1.0160069465637207
  endloop
endfacet
facet normal 0.0 0.0 0.0
  outer loop
    vertex -30.40335464477539 2.0293080806732178 1.0160067081451416
    vertex -30.844539642333984 2.3850018978118896 1.0160069465637207
    vertex -25.416643142700195 2.0293080806732178 1.0160067081451416
  endloop
endfacet
facet normal 0.0 0.0 0.0
  outer loop
    vertex -25.416643142700195 2.0293080806732178 1.0160067081451416
    vertex -30.844539642333984 2.3850018978118896 1.0160069465637207
    vertex -25.034778594970703 2.3850018978118896 1.0160069465637207
  endloop
endfacet
facet normal 0.0 0.0 0.0
  outer loop
    vertex -25.416643142700195 2.0293080806732178 1.0160067081451416
    vertex -25.034778594970703 2.3850018978118896 1.0160069465637207
    vertex -25.416643142700195 -1.674414873123169 1.0160062313079834
  endloop
endfacet
facet normal 0.0 0.0 0.0
  outer loop
    vertex -25.416643142700195 -1.674414873123169 1.0160062313079834
    vertex -25.034778594970703 2.3850018978118896 1.0160069465637207
    vertex -25.034778594970703 -2.061732530593872 1.0160059928894043
  endloop
endfacet
facet normal 0.0 0.0 0.0
  outer loop
    vertex -25.416643142700195 -1.674414873123169 1.0160062313079834
    vertex -25.034778594970703 -2.061732530593872 1.0160059928894043
    vertex -29.41271209716797 -1.674414873123169 1.0160062313079834
  endloop
endfacet
facet normal 0.0 0.0 0.0
  outer loop
    vertex -29.41271209716797 -1.674414873123169 1.0160062313079834
    vertex -25.034778594970703 -2.061732530593872 1.0160059928894043
    vertex -29.790103912353516 -2.061732530593872 1.0160059928894043
  endloop
endfacet
facet normal 0.0 0.0 0.0
  outer loop
    vertex -29.41271209716797 -1.674414873123169 1.0160062313079834
    vertex -29.790103912353516 -2.061732530593872 1.0160059928894043
    vertex -29.41271209716797 0.9480476975440979 1.0160064697265625
  endloop
endfacet
facet normal 0.0 0.0 0.0
  outer loop
    vertex -29.41271209716797 0.9480476975440979 1.0160064697265625
    vertex -29.790103912353516 -2.061732530593872 1.0160059928894043
    vertex -29.790103912353516 1.3272972106933594 1.0160067081451416
  endloop
endfacet
facet normal 0.0 0.0 0.0
  outer loop
    vertex -29.41271209716797 0.9480476975440979 1.0160064697265625
    vertex -29.790103912353516 1.3272972106933594 1.0160067081451416
    vertex -26.538249969482422 0.9480476975440979 1.0160064697265625
  endloop
endfacet
facet normal 0.0 0.0 0.0
  outer loop
    vertex -26.538249969482422 0.9480476975440979 1.0160064697265625
    vertex -29.790103912353516 1.3272972106933594 1.0160067081451416
    vertex -26.0379638671875 1.3272972106933594 1.0160067081451416
  endloop
endfacet
facet normal 0.0 0.0 0.0
  outer loop
    vertex -26.538249969482422 0.9480476975440979 1.0160064697265625
    vertex -26.0379638671875 1.3272972106933594 1.0160067081451416
    vertex -26.538249969482422 -0.6899828910827637 1.0160062313079834
  endloop
endfacet
facet normal 0.0 0.0 0.0
  outer loop
    vertex -26.538249969482422 -0.6899828910827637 1.0160062313079834
    vertex -26.0379638671875 1.3272972106933594 1.0160067081451416
    vertex -26.0379638671875 -1.0611604452133179 1.0160062313079834
  endloop
endfacet
facet normal 0.0 0.0 0.0
  outer loop
    vertex -26.538249969482422 -0.6899828910827637 1.0160062313079834
    vertex -26.0379638671875 -1.0611604452133179 1.0160062313079834
    vertex -28.668495178222656 -1.0611604452133179 1.0160062313079834
  endloop
endfacet
facet normal 0.0 0.0 0.0
  outer loop
    vertex -34.24332046508789 0.8750612735748291 6.9141387939453125e-06
    vertex -34.24332046508789 -0.6670029759407043 6.67572021484375e-06
    vertex -35.0798225402832 0.11304903775453568 6.9141387939453125e-06
  endloop
endfacet
facet normal 0.0 0.0 0.0
  outer loop
    vertex -36.56329345703125 -0.8283646702766418 6.67572021484375e-06
    vertex -37.45160675048828 5.126892119733384e-07 6.9141387939453125e-06
    vertex -35.52458572387695 0.1178441122174263 6.9141387939453125e-06
  endloop
endfacet
facet normal 0.0 0.0 0.0
  outer loop
    vertex -35.52458572387695 0.1178441122174263 6.9141387939453125e-06
    vertex -37.45160675048828 5.126892119733384e-07 6.9141387939453125e-06
    vertex -36.41290283203125 0.946209192276001 7.152557373046875e-06
  endloop
endfacet
facet normal 0.0 0.0 0.0
  outer loop
    vertex 37.966651916503906 3.3411620847800805e-07 1.0160064697265625
    vertex 36.445030212402344 1.3861198425292969 1.0160067081451416
    vertex 37.966651916503906 5.126892119733384e-07 6.9141387939453125e-06
  endloop
endfacet
facet normal 0.0 0.0 0.0
  outer loop
    vertex 37.966651916503906 5.126892119733384e-07 6.9141387939453125e-06
    vertex 36.445030212402344 1.3861198425292969 1.0160067081451416
    vertex 36.445030212402344 1.386120080947876 7.152557373046875e-06
  endloop
endfacet
facet normal 0.0 0.0 0.0
  outer loop
    vertex 36.445030212402344 1.3861198425292969 1.0160067081451416
    vertex 35.302207946777344 0.3204195499420166 1.0160064697265625
    vertex 36.445030212402344 1.386120080947876 7.152557373046875e-06
  endloop
endfacet
facet normal 0.0 0.0 0.0
  outer loop
    vertex 36.445030212402344 1.386120080947876 7.152557373046875e-06
    vertex 35.302207946777344 0.3204195499420166 1.0160064697265625
    vertex 35.302207946777344 0.3204197287559509 6.9141387939453125e-06
  endloop
endfacet
facet normal 0.0 0.0 0.0
  outer loop
    vertex 35.302207946777344 0.3204195499420166 1.0160064697265625
    vertex 34.2747802734375 1.2563552856445312 1.0160067081451416
    vertex 35.302207946777344 0.3204197287559509 6.9141387939453125e-06
  endloop
endfacet
facet normal 0.0 0.0 0.0
  outer loop
    vertex 35.302207946777344 0.3204197287559509 6.9141387939453125e-06
    vertex 34.2747802734375 1.2563552856445312 1.0160067081451416
    vertex 34.2747802734375 1.2563555240631104 7.152557373046875e-06
  endloop
endfacet
facet normal 0.0 0.0 0.0
  outer loop
    vertex 34.2747802734375 1.2563552856445312 1.0160067081451416
    vertex 31.420188903808594 1.2563552856445312 1.0160067081451416
    vertex 34.2747802734375 1.2563555240631104 7.152557373046875e-06
  endloop
endfacet
facet normal 0.0 0.0 0.0
  outer loop
    vertex 34.2747802734375 1.2563555240631104 7.152557373046875e-06
    vertex 31.420188903808594 1.2563552856445312 1.0160067081451416
    vertex 31.420188903808594 1.2563555240631104 7.152557373046875e-06
  endloop
endfacet
facet normal 0.0 0.0 0.0
  outer loop
    vertex 31.420188903808594 1.2563552856445312 1.0160067081451416
    vertex 31.420188903808594 -0.04905666038393974 1.0160064697265625
    vertex 31.420188903808594 1.2563555240631104 7.152557373046875e-06
  endloop
endfacet
facet normal 0.0 0.0 0.0
  outer loop
    vertex 31.420188903808594 1.2563555240631104 7.152557373046875e-06
    vertex 31.420188903808594 -0.04905666038393974 1.0160064697265625
    vertex 31.420188903808594 -0.04905648157000542 6.9141387939453125e-06
  endloop
endfacet
facet normal 0.0 0.0 0.0
  outer loop
    vertex 31.420188903808594 -0.04905666038393974 1.0160064697265625
    vertex 33.294471740722656 -0.04905666038393974 1.0160064697265625
    vertex 31.420188903808594 -0.04905648157000542 6.9141387939453125e-06
  endloop
endfacet
facet normal 0.0 0.0 0.0
  outer loop
    vertex 31.420188903808594 -0.04905648157000542 6.9141387939453125e-06
    vertex 33.294471740722656 -0.04905666038393974 1.0160064697265625
    vertex 33.294471740722656 -0.04905648157000542 6.9141387939453125e-06
  endloop
endfacet
facet normal 0.0 0.0 0.0
  outer loop
    vertex 33.294471740722656 -0.04905666038393974 1.0160064697265625
    vertex 33.294471740722656 0.3096354305744171 1.0160064697265625
    vertex 33.294471740722656 -0.04905648157000542 6.9141387939453125e-06
  endloop
endfacet
facet normal 0.0 0.0 0.0
  outer loop
    vertex 33.294471740722656 -0.04905648157000542 6.9141387939453125e-06
    vertex 33.294471740722656 0.3096354305744171 1.0160064697265625
    vertex 33.294471740722656 0.30963560938835144 6.9141387939453125e-06
  endloop
endfacet
facet normal 0.0 0.0 0.0
  outer loop
    vertex 33.294471740722656 0.3096354305744171 1.0160064697265625
    vertex 31.931800842285156 0.3096354305744171 1.0160064697265625
    vertex 33.294471740722656 0.30963560938835144 6.9141387939453125e-06
  endloop
endfacet
facet normal 0.0 0.0 0.0
  outer loop
    vertex 33.294471740722656 0.30963560938835144 6.9141387939453125e-06
    vertex 31.931800842285156 0.3096354305744171 1.0160064697265625
    vertex 31.931800842285156 0.30963560938835144 6.9141387939453125e-06
  endloop
endfacet
facet normal 0.0 0.0 0.0
  outer loop
    vertex 31.931800842285156 0.3096354305744171 1.0160064697265625
    vertex 31.931800842285156 0.8611947298049927 1.0160064697265625
    vertex 31.931800842285156 0.30963560938835144 6.9141387939453125e-06
  endloop
endfacet
facet normal 0.0 0.0 0.0
  outer loop
    vertex 31.931800842285156 0.30963560938835144 6.9141387939453125e-06
    vertex 31.931800842285156 0.8611947298049927 1.0160064697265625
    vertex 31.931800842285156 0.861194908618927 6.9141387939453125e-06
  endloop
endfacet
facet normal 0.0 0.0 0.0
  outer loop
    vertex 31.931800842285156 0.8611947298049927 1.0160064697265625
    vertex 33.68309783935547 0.8611947298049927 1.0160064697265625
    vertex 31.931800842285156 0.861194908618927 6.9141387939453125e-06
  endloop
endfacet
facet normal 0.0 0.0 0.0
  outer loop
    vertex 31.931800842285156 0.861194908618927 6.9141387939453125e-06
    vertex 33.68309783935547 0.8611947298049927 1.0160064697265625
    vertex 33.68309783935547 0.861194908618927 6.9141387939453125e-06
  endloop
endfacet
facet normal 0.0 0.0 0.0
  outer loop
    vertex 33.68309783935547 0.8611947298049927 1.0160064697265625
    vertex 33.68309783935547 -0.7507510185241699 1.0160062313079834
    vertex 33.68309783935547 0.861194908618927 6.9141387939453125e-06
  endloop
endfacet
facet normal 0.0 0.0 0.0
  outer loop
    vertex 33.68309783935547 0.861194908618927 6.9141387939453125e-06
    vertex 33.68309783935547 -0.7507510185241699 1.0160062313079834
    vertex 33.68309783935547 -0.7507508397102356 6.67572021484375e-06
  endloop
endfacet
facet normal 0.0 0.0 0.0
  outer loop
    vertex 33.68309783935547 -0.7507510185241699 1.0160062313079834
    vertex 30.84455108642578 -0.7507510185241699 1.0160062313079834
    vertex 33.68309783935547 -0.7507508397102356 6.67572021484375e-06
  endloop
endfacet
facet normal 0.0 0.0 0.0
  outer loop
    vertex 33.68309783935547 -0.7507508397102356 6.67572021484375e-06
    vertex 30.84455108642578 -0.7507510185241699 1.0160062313079834
    vertex 30.84455108642578 -0.7507508397102356 6.67572021484375e-06
  endloop
endfacet
facet normal 0.0 0.0 0.0
  outer loop
    vertex 30.84455108642578 -0.7507510185241699 1.0160062313079834
    vertex 30.84455108642578 2.3850018978118896 1.0160069465637207
    vertex 30.84455108642578 -0.7507508397102356 6.67572021484375e-06
  endloop
endfacet
facet normal 0.0 0.0 0.0
  outer loop
    vertex 30.84455108642578 -0.7507508397102356 6.67572021484375e-06
    vertex 30.84455108642578 2.3850018978118896 1.0160069465637207
    vertex 30.84455108642578 2.3850021362304688 7.3909759521484375e-06
  endloop
endfacet
facet normal 0.0 0.0 0.0
  outer loop
    vertex 30.84455108642578 2.3850018978118896 1.0160069465637207
    vertex 25.0347900390625 2.3850018978118896 1.0160069465637207
    vertex 30.84455108642578 2.3850021362304688 7.3909759521484375e-06
  endloop
endfacet
facet normal 0.0 0.0 0.0
  outer loop
    vertex 30.84455108642578 2.3850021362304688 7.3909759521484375e-06
    vertex 25.0347900390625 2.3850018978118896 1.0160069465637207
    vertex 25.0347900390625 2.3850021362304688 7.3909759521484375e-06
  endloop
endfacet
facet normal 0.0 0.0 0.0
  outer loop
    vertex 25.0347900390625 2.3850018978118896 1.0160069465637207
    vertex 25.0347900390625 -2.061732530593872 1.0160059928894043
    vertex 25.0347900390625 2.3850021362304688 7.3909759521484375e-06
  endloop
endfacet
facet normal 0.0 0.0 0.0
  outer loop
    vertex 25.0347900390625 2.3850021362304688 7.3909759521484375e-06
    vertex 25.0347900390625 -2.061732530593872 1.0160059928894043
    vertex 25.0347900390625 -2.061732292175293 6.4373016357421875e-06
  endloop
endfacet
facet normal 0.0 0.0 0.0
  outer loop
    vertex 25.0347900390625 -2.061732530593872 1.0160059928894043
    vertex 29.79010772705078 -2.061732530593872 1.0160059928894043
    vertex 25.0347900390625 -2.061732292175293 6.4373016357421875e-06
  endloop
endfacet
facet normal 0.0 0.0 0.0
  outer loop
    vertex 25.0347900390625 -2.061732292175293 6.4373016357421875e-06
    vertex 29.79010772705078 -2.061732530593872 1.0160059928894043
    vertex 29.79010772705078 -2.061732292175293 6.4373016357421875e-06
  endloop
endfacet
facet normal 0.0 0.0 0.0
  outer loop
    vertex 29.79010772705078 -2.061732530593872 1.0160059928894043
    vertex 29.79010772705078 1.3272972106933594 1.0160067081451416
    vertex 29.79010772705078 -2.061732292175293 6.4373016357421875e-06
  endloop
endfacet
facet normal 0.0 0.0 0.0
  outer loop
    vertex 29.79010772705078 -2.061732292175293 6.4373016357421875e-06
    vertex 29.79010772705078 1.3272972106933594 1.0160067081451416
    vertex 29.79010772705078 1.3272974491119385 7.152557373046875e-06
  endloop
endfacet
facet normal 0.0 0.0 0.0
  outer loop
    vertex 29.79010772705078 1.3272972106933594 1.0160067081451416
    vertex 26.03797149658203 1.3272972106933594 1.0160067081451416
    vertex 29.79010772705078 1.3272974491119385 7.152557373046875e-06
  endloop
endfacet
facet normal 0.0 0.0 0.0
  outer loop
    vertex 29.79010772705078 1.3272974491119385 7.152557373046875e-06
    vertex 26.03797149658203 1.3272972106933594 1.0160067081451416
    vertex 26.03797149658203 1.3272974491119385 7.152557373046875e-06
  endloop
endfacet
facet normal 0.0 0.0 0.0
  outer loop
    vertex 26.03797149658203 1.3272972106933594 1.0160067081451416
    vertex 26.03797149658203 -1.0611604452133179 1.0160062313079834
    vertex 26.03797149658203 1.3272974491119385 7.152557373046875e-06
  endloop
endfacet
facet normal 0.0 0.0 0.0
  outer loop
    vertex 26.03797149658203 1.3272974491119385 7.152557373046875e-06
    vertex 26.03797149658203 -1.0611604452133179 1.0160062313079834
    vertex 26.03797149658203 -1.0611602067947388 6.67572021484375e-06
  endloop
endfacet
facet normal 0.0 0.0 0.0
  outer loop
    vertex 26.03797149658203 -1.0611604452133179 1.0160062313079834
    vertex 28.668502807617188 -1.0611604452133179 1.0160062313079834
    vertex 26.03797149658203 -1.0611602067947388 6.67572021484375e-06
  endloop
endfacet
facet normal 0.0 0.0 0.0
  outer loop
    vertex 26.03797149658203 -1.0611602067947388 6.67572021484375e-06
    vertex 28.668502807617188 -1.0611604452133179 1.0160062313079834
    vertex 28.668502807617188 -1.0611602067947388 6.67572021484375e-06
  endloop
endfacet
facet normal 0.0 0.0 0.0
  outer loop
    vertex 28.668502807617188 -1.0611604452133179 1.0160062313079834
    vertex 28.668502807617188 -0.6899828910827637 1.0160062313079834
    vertex 28.668502807617188 -1.0611602067947388 6.67572021484375e-06
  endloop
endfacet
facet normal 0.0 0.0 0.0
  outer loop
    vertex 28.668502807617188 -1.0611602067947388 6.67572021484375e-06
    vertex 28.668502807617188 -0.6899828910827637 1.0160062313079834
    vertex 28.668502807617188 -0.6899827122688293 6.67572021484375e-06
  endloop
endfacet
facet normal 0.0 0.0 0.0
  outer loop
    vertex 28.668502807617188 -0.6899828910827637 1.0160062313079834
    vertex 26.538253784179688 -0.6899828910827637 1.0160062313079834
    vertex 28.668502807617188 -0.6899827122688293 6.67572021484375e-06
  endloop
endfacet
facet normal 0.0 0.0 0.0
  outer loop
    vertex 28.668502807617188 -0.6899827122688293 6.67572021484375e-06
    vertex 26.538253784179688 -0.6899828910827637 1.0160062313079834
    vertex 26.538253784179688 -0.6899827122688293 6.67572021484375e-06
  endloop
endfacet
facet normal 0.0 0.0 0.0
  outer loop
    vertex 26.538253784179688 -0.6899828910827637 1.0160062313079834
    vertex 26.538253784179688 0.9480476975440979 1.0160064697265625
    vertex 26.538253784179688 -0.6899827122688293 6.67572021484375e-06
  endloop
endfacet
facet normal 0.0 0.0 0.0
  outer loop
    vertex 26.538253784179688 -0.6899827122688293 6.67572021484375e-06
    vertex 26.538253784179688 0.9480476975440979 1.0160064697265625
    vertex 26.538253784179688 0.9480478763580322 7.152557373046875e-06
  endloop
endfacet
facet normal 0.0 0.0 0.0
  outer loop
    vertex 26.538253784179688 0.9480476975440979 1.0160064697265625
    vertex 29.4127197265625 0.9480476975440979 1.0160064697265625
    vertex 26.538253784179688 0.9480478763580322 7.152557373046875e-06
  endloop
endfacet
facet normal 0.0 0.0 0.0
  outer loop
    vertex 26.538253784179688 0.9480478763580322 7.152557373046875e-06
    vertex 29.4127197265625 0.9480476975440979 1.0160064697265625
    vertex 29.4127197265625 0.9480478763580322 7.152557373046875e-06
  endloop
endfacet
facet normal 0.0 0.0 0.0
  outer loop
    vertex 29.4127197265625 0.9480476975440979 1.0160064697265625
    vertex 29.4127197265625 -1.674414873123169 1.0160062313079834
    vertex 29.4127197265625 0.9480478763580322 7.152557373046875e-06
  endloop
endfacet
facet normal 0.0 0.0 0.0
  outer loop
    vertex 29.4127197265625 0.9480478763580322 7.152557373046875e-06
    vertex 29.4127197265625 -1.674414873123169 1.0160062313079834
    vertex 29.4127197265625 -1.6744146347045898 6.67572021484375e-06
  endloop
endfacet
facet normal 0.0 0.0 0.0
  outer loop
    vertex 29.4127197265625 -1.674414873123169 1.0160062313079834
    vertex 25.416648864746094 -1.674414873123169 1.0160062313079834
    vertex 29.4127197265625 -1.6744146347045898 6.67572021484375e-06
  endloop
endfacet
facet normal 0.0 0.0 0.0
  outer loop
    vertex 29.4127197265625 -1.6744146347045898 6.67572021484375e-06
    vertex 25.416648864746094 -1.674414873123169 1.0160062313079834
    vertex 25.416648864746094 -1.6744146347045898 6.67572021484375e-06
  endloop
endfacet
facet normal 0.0 0.0 0.0
  outer loop
    vertex 25.416648864746094 -1.674414873123169 1.0160062313079834
    vertex 25.416648864746094 2.0293080806732178 1.0160067081451416
    vertex 25.416648864746094 -1.6744146347045898 6.67572021484375e-06
  endloop
endfacet
facet normal 0.0 0.0 0.0
  outer loop
    vertex 25.416648864746094 -1.6744146347045898 6.67572021484375e-06
    vertex 25.416648864746094 2.0293080806732178 1.0160067081451416
    vertex 25.416648864746094 2.029308319091797 7.152557373046875e-06
  endloop
endfacet
facet normal 0.0 0.0 0.0
  outer loop
    vertex 25.416648864746094 2.0293080806732178 1.0160067081451416
    vertex 30.403358459472656 2.0293080806732178 1.0160067081451416
    vertex 25.416648864746094 2.029308319091797 7.152557373046875e-06
  endloop
endfacet
facet normal 0.0 0.0 0.0
  outer loop
    vertex 25.416648864746094 2.029308319091797 7.152557373046875e-06
    vertex 30.403358459472656 2.0293080806732178 1.0160067081451416
    vertex 30.403358459472656 2.029308319091797 7.152557373046875e-06
  endloop
endfacet
facet normal 0.0 0.0 0.0
  outer loop
    vertex 30.403358459472656 2.0293080806732178 1.0160067081451416
    vertex 30.403358459472656 -1.0853685140609741 1.0160062313079834
    vertex 30.403358459472656 2.029308319091797 7.152557373046875e-06
  endloop
endfacet
facet normal 0.0 0.0 0.0
  outer loop
    vertex 30.403358459472656 2.029308319091797 7.152557373046875e-06
    vertex 30.403358459472656 -1.0853685140609741 1.0160062313079834
    vertex 30.403358459472656 -1.085368275642395 6.67572021484375e-06
  endloop
endfacet
facet normal 0.0 0.0 0.0
  outer loop
    vertex 30.403358459472656 -1.0853685140609741 1.0160062313079834
    vertex 34.23429870605469 -1.0853685140609741 1.0160062313079834
    vertex 30.403358459472656 -1.085368275642395 6.67572021484375e-06
  endloop
endfacet
facet normal 0.0 0.0 0.0
  outer loop
    vertex 30.403358459472656 -1.085368275642395 6.67572021484375e-06
    vertex 34.23429870605469 -1.0853685140609741 1.0160062313079834
    vertex 34.23429870605469 -1.085368275642395 6.67572021484375e-06
  endloop
endfacet
facet normal 0.0 0.0 0.0
  outer loop
    vertex 34.23429870605469 -1.0853685140609741 1.0160062313079834
    vertex 35.302207946777344 -0.0895305871963501 1.0160064697265625
    vertex 34.23429870605469 -1.085368275642395 6.67572021484375e-06
  endloop
endfacet
facet normal 0.0 0.0 0.0
  outer loop
    vertex 34.23429870605469 -1.085368275642395 6.67572021484375e-06
    vertex 35.302207946777344 -0.0895305871963501 1.0160064697265625
    vertex 35.302207946777344 -0.08953040838241577 6.9141387939453125e-06
  endloop
endfacet
facet normal 0.0 0.0 0.0
  outer loop
    vertex 35.302207946777344 -0.0895305871963501 1.0160064697265625
    vertex 36.60144805908203 -1.2730705738067627 1.0160062313079834
    vertex 35.302207946777344 -0.08953040838241577 6.9141387939453125e-06
  endloop
endfacet
facet normal 0.0 0.0 0.0
  outer loop
    vertex 35.302207946777344 -0.08953040838241577 6.9141387939453125e-06
    vertex 36.60144805908203 -1.2730705738067627 1.0160062313079834
    vertex 36.60144805908203 -1.2730703353881836 6.67572021484375e-06
  endloop
endfacet
facet normal 0.0 0.0 0.0
  outer loop
    vertex 34.243324279785156 -0.6670031547546387 1.0160062313079834
    vertex 34.243324279785156 0.8750610947608948 1.0160064697265625
    vertex 34.243324279785156 -0.6670029759407043 6.67572021484375e-06
  endloop
endfacet
facet normal 0.0 0.0 0.0
  outer loop
    vertex 34.243324279785156 -0.6670029759407043 6.67572021484375e-06
    vertex 34.243324279785156 0.8750610947608948 1.0160064697265625
    vertex 34.243324279785156 0.8750612735748291 6.9141387939453125e-06
  endloop
endfacet
facet normal 0.0 0.0 0.0
  outer loop
    vertex 34.243324279785156 0.8750610947608948 1.0160064697265625
    vertex 35.079833984375 0.11304885894060135 1.0160064697265625
    vertex 34.243324279785156 0.8750612735748291 6.9141387939453125e-06
  endloop
endfacet
facet normal 0.0 0.0 0.0
  outer loop
    vertex 34.243324279785156 0.8750612735748291 6.9141387939453125e-06
    vertex 35.079833984375 0.11304885894060135 1.0160064697265625
    vertex 35.079833984375 0.11304903775453568 6.9141387939453125e-06
  endloop
endfacet
facet normal 0.0 0.0 0.0
  outer loop
    vertex 37.45161437988281 3.3411620847800805e-07 1.0160064697265625
    vertex 36.56330108642578 -0.8283648490905762 1.0160062313079834
    vertex 37.45161437988281 5.126892119733384e-07 6.9141387939453125e-06
  endloop
endfacet
facet normal 0.0 0.0 0.0
  outer loop
    vertex 37.45161437988281 5.126892119733384e-07 6.9141387939453125e-06
    vertex 36.56330108642578 -0.8283648490905762 1.0160062313079834
    vertex 36.56330108642578 -0.8283646702766418 6.67572021484375e-06
  endloop
endfacet
facet normal 0.0 0.0 0.0
  outer loop
    vertex 36.56330108642578 -0.8283648490905762 1.0160062313079834
    vertex 35.52458953857422 0.11784393340349197 1.0160064697265625
    vertex 36.56330108642578 -0.8283646702766418 6.67572021484375e-06
  endloop
endfacet
facet normal 0.0 0.0 0.0
  outer loop
    vertex 36.56330108642578 -0.8283646702766418 6.67572021484375e-06
    vertex 35.52458953857422 0.11784393340349197 1.0160064697265625
    vertex 35.52458953857422 0.1178441122174263 6.9141387939453125e-06
  endloop
endfacet
facet normal 0.0 0.0 0.0
  outer loop
    vertex 35.52458953857422 0.11784393340349197 1.0160064697265625
    vertex 36.41290283203125 0.9462090134620667 1.0160064697265625
    vertex 35.52458953857422 0.1178441122174263 6.9141387939453125e-06
  endloop
endfacet
facet normal 0.0 0.0 0.0
  outer loop
    vertex 35.52458953857422 0.1178441122174263 6.9141387939453125e-06
    vertex 36.41290283203125 0.9462090134620667 1.0160064697265625
    vertex 36.41290283203125 0.946209192276001 7.152557373046875e-06
  endloop
endfacet
facet normal 0.0 0.0 0.0
  outer loop
    vertex 35.079833984375 0.11304885894060135 1.0160064697265625
    vertex 34.243324279785156 -0.6670031547546387 1.0160062313079834
    vertex 35.079833984375 0.11304903775453568 6.9141387939453125e-06
  endloop
endfacet
facet normal 0.0 0.0 0.0
  outer loop
    vertex 35.079833984375 0.11304903775453568 6.9141387939453125e-06
    vertex 34.243324279785156 -0.6670031547546387 1.0160062313079834
    vertex 34.243324279785156 -0.6670029759407043 6.67572021484375e-06
  endloop
endfacet
facet normal 0.0 0.0 0.0
  outer loop
    vertex 36.41290283203125 0.9462090134620667 1.0160064697265625
    vertex 37.45161437988281 3.3411620847800805e-07 1.0160064697265625
    vertex 36.41290283203125 0.946209192276001 7.152557373046875e-06
  endloop
endfacet
facet normal 0.0 0.0 0.0
  outer loop
    vertex 36.41290283203125 0.946209192276001 7.152557373046875e-06
    vertex 37.45161437988281 3.3411620847800805e-07 1.0160064697265625
    vertex 37.45161437988281 5.126892119733384e-07 6.9141387939453125e-06
  endloop
endfacet
facet normal 0.0 0.0 0.0
  outer loop
    vertex 36.60144805908203 -1.2730705738067627 1.0160062313079834
    vertex 37.966651916503906 3.3411620847800805e-07 1.0160064697265625
    vertex 36.60144805908203 -1.2730703353881836 6.67572021484375e-06
  endloop
endfacet
facet normal 0.0 0.0 0.0
  outer loop
    vertex 36.60144805908203 -1.2730703353881836 6.67572021484375e-06
    vertex 37.966651916503906 3.3411620847800805e-07 1.0160064697265625
    vertex 37.966651916503906 5.126892119733384e-07 6.9141387939453125e-06
  endloop
endfacet
facet normal 0.0 0.0 0.0
  outer loop
    vertex 34.2747802734375 1.2563552856445312 1.0160067081451416
    vertex 35.302207946777344 0.3204195499420166 1.0160064697265625
    vertex 35.079833984375 0.11304885894060135 1.0160064697265625
  endloop
endfacet
facet normal 0.0 0.0 0.0
  outer loop
    vertex 34.23429870605469 -1.0853685140609741 1.0160062313079834
    vertex 34.243324279785156 -0.6670031547546387 1.0160062313079834
    vertex 35.302207946777344 -0.0895305871963501 1.0160064697265625
  endloop
endfacet
facet normal 0.0 0.0 0.0
  outer loop
    vertex 35.302207946777344 -0.0895305871963501 1.0160064697265625
    vertex 34.243324279785156 -0.6670031547546387 1.0160062313079834
    vertex 35.079833984375 0.11304885894060135 1.0160064697265625
  endloop
endfacet
facet normal 0.0 0.0 0.0
  outer loop
    vertex 35.302207946777344 -0.0895305871963501 1.0160064697265625
    vertex 35.079833984375 0.11304885894060135 1.0160064697265625
    vertex 35.52458953857422 0.11784393340349197 1.0160064697265625
  endloop
endfacet
facet normal 0.0 0.0 0.0
  outer loop
    vertex 35.52458953857422 0.11784393340349197 1.0160064697265625
    vertex 35.079833984375 0.11304885894060135 1.0160064697265625
    vertex 35.302207946777344 0.3204195499420166 1.0160064697265625
  endloop
endfacet
facet normal 0.0 0.0 0.0
  outer loop
    vertex 35.52458953857422 0.11784393340349197 1.0160064697265625
    vertex 35.302207946777344 0.3204195499420166 1.0160064697265625
    vertex 36.41290283203125 0.9462090134620667 1.0160064697265625
  endloop
endfacet
facet normal 0.0 0.0 0.0
  outer loop
    vertex 36.41290283203125 0.9462090134620667 1.0160064697265625
    vertex 35.302207946777344 0.3204195499420166 1.0160064697265625
    vertex 36.445030212402344 1.3861198425292969 1.0160067081451416
  endloop
endfacet
facet normal 0.0 0.0 0.0
  outer loop
    vertex 36.41290283203125 0.9462090134620667 1.0160064697265625
    vertex 36.445030212402344 1.3861198425292969 1.0160067081451416
    vertex 37.45161437988281 3.3411620847800805e-07 1.0160064697265625
  endloop
endfacet
facet normal 0.0 0.0 0.0
  outer loop
    vertex 37.45161437988281 3.3411620847800805e-07 1.0160064697265625
    vertex 36.445030212402344 1.3861198425292969 1.0160067081451416
    vertex 37.966651916503906 3.3411620847800805e-07 1.0160064697265625
  endloop
endfacet
facet normal 0.0 0.0 0.0
  outer loop
    vertex 37.45161437988281 3.3411620847800805e-07 1.0160064697265625
    vertex 37.966651916503906 3.3411620847800805e-07 1.0160064697265625
    vertex 36.56330108642578 -0.8283648490905762 1.0160062313079834
  endloop
endfacet
facet normal 0.0 0.0 0.0
  outer loop
    vertex 36.56330108642578 -0.8283648490905762 1.0160062313079834
    vertex 37.966651916503906 3.3411620847800805e-07 1.0160064697265625
    vertex 36.60144805908203 -1.2730705738067627 1.0160062313079834
  endloop
endfacet
facet normal 0.0 0.0 0.0
  outer loop
    vertex 36.56330108642578 -0.8283648490905762 1.0160062313079834
    vertex 36.60144805908203 -1.2730705738067627 1.0160062313079834
    vertex 35.52458953857422 0.11784393340349197 1.0160064697265625
  endloop
endfacet
facet normal 0.0 0.0 0.0
  outer loop
    vertex 35.52458953857422 0.11784393340349197 1.0160064697265625
    vertex 36.60144805908203 -1.2730705738067627 1.0160062313079834
    vertex 35.302207946777344 -0.0895305871963501 1.0160064697265625
  endloop
endfacet
facet normal 0.0 0.0 0.0
  outer loop
    vertex 28.668502807617188 -0.6899828910827637 1.0160062313079834
    vertex 28.668502807617188 -1.0611604452133179 1.0160062313079834
    vertex 26.538253784179688 -0.6899828910827637 1.0160062313079834
  endloop
endfacet
facet normal 0.0 0.0 0.0
  outer loop
    vertex 26.538253784179688 -0.6899828910827637 1.0160062313079834
    vertex 28.668502807617188 -1.0611604452133179 1.0160062313079834
    vertex 26.03797149658203 -1.0611604452133179 1.0160062313079834
  endloop
endfacet
facet normal 0.0 0.0 0.0
  outer loop
    vertex 26.538253784179688 -0.6899828910827637 1.0160062313079834
    vertex 26.03797149658203 -1.0611604452133179 1.0160062313079834
    vertex 26.538253784179688 0.9480476975440979 1.0160064697265625
  endloop
endfacet
facet normal 0.0 0.0 0.0
  outer loop
    vertex 26.538253784179688 0.9480476975440979 1.0160064697265625
    vertex 26.03797149658203 -1.0611604452133179 1.0160062313079834
    vertex 26.03797149658203 1.3272972106933594 1.0160067081451416
  endloop
endfacet
facet normal 0.0 0.0 0.0
  outer loop
    vertex 26.538253784179688 0.9480476975440979 1.0160064697265625
    vertex 26.03797149658203 1.3272972106933594 1.0160067081451416
    vertex 29.4127197265625 0.9480476975440979 1.0160064697265625
  endloop
endfacet
facet normal 0.0 0.0 0.0
  outer loop
    vertex 29.4127197265625 0.9480476975440979 1.0160064697265625
    vertex 26.03797149658203 1.3272972106933594 1.0160067081451416
    vertex 29.79010772705078 1.3272972106933594 1.0160067081451416
  endloop
endfacet
facet normal 0.0 0.0 0.0
  outer loop
    vertex 29.4127197265625 0.9480476975440979 1.0160064697265625
    vertex 29.79010772705078 1.3272972106933594 1.0160067081451416
    vertex 29.4127197265625 -1.674414873123169 1.0160062313079834
  endloop
endfacet
facet normal 0.0 0.0 0.0
  outer loop
    vertex 29.4127197265625 -1.674414873123169 1.0160062313079834
    vertex 29.79010772705078 1.3272972106933594 1.0160067081451416
    vertex 29.79010772705078 -2.061732530593872 1.0160059928894043
  endloop
endfacet
facet normal 0.0 0.0 0.0
  outer loop
    vertex 29.4127197265625 -1.674414873123169 1.0160062313079834
    vertex 29.79010772705078 -2.061732530593872 1.0160059928894043
    vertex 25.416648864746094 -1.674414873123169 1.0160062313079834
  endloop
endfacet
facet normal 0.0 0.0 0.0
  outer loop
    vertex 25.416648864746094 -1.674414873123169 1.0160062313079834
    vertex 29.79010772705078 -2.061732530593872 1.0160059928894043
    vertex 25.0347900390625 -2.061732530593872 1.0160059928894043
  endloop
endfacet
facet normal 0.0 0.0 0.0
  outer loop
    vertex 25.416648864746094 -1.674414873123169 1.0160062313079834
    vertex 25.0347900390625 -2.061732530593872 1.0160059928894043
    vertex 25.416648864746094 2.0293080806732178 1.0160067081451416
  endloop
endfacet
facet normal 0.0 0.0 0.0
  outer loop
    vertex 25.416648864746094 2.0293080806732178 1.0160067081451416
    vertex 25.0347900390625 -2.061732530593872 1.0160059928894043
    vertex 25.0347900390625 2.3850018978118896 1.0160069465637207
  endloop
endfacet
facet normal 0.0 0.0 0.0
  outer loop
    vertex 25.416648864746094 2.0293080806732178 1.0160067081451416
    vertex 25.0347900390625 2.3850018978118896 1.0160069465637207
    vertex 30.403358459472656 2.0293080806732178 1.0160067081451416
  endloop
endfacet
facet normal 0.0 0.0 0.0
  outer loop
    vertex 30.403358459472656 2.0293080806732178 1.0160067081451416
    vertex 25.0347900390625 2.3850018978118896 1.0160069465637207
    vertex 30.84455108642578 2.3850018978118896 1.0160069465637207
  endloop
endfacet
facet normal 0.0 0.0 0.0
  outer loop
    vertex 30.403358459472656 2.0293080806732178 1.0160067081451416
    vertex 30.84455108642578 2.3850018978118896 1.0160069465637207
    vertex 30.403358459472656 -1.0853685140609741 1.0160062313079834
  endloop
endfacet
facet normal 0.0 0.0 0.0
  outer loop
    vertex 30.403358459472656 -1.0853685140609741 1.0160062313079834
    vertex 30.84455108642578 2.3850018978118896 1.0160069465637207
    vertex 30.84455108642578 -0.7507510185241699 1.0160062313079834
  endloop
endfacet
facet normal 0.0 0.0 0.0
  outer loop
    vertex 30.403358459472656 -1.0853685140609741 1.0160062313079834
    vertex 30.84455108642578 -0.7507510185241699 1.0160062313079834
    vertex 34.23429870605469 -1.0853685140609741 1.0160062313079834
  endloop
endfacet
facet normal 0.0 0.0 0.0
  outer loop
    vertex 34.23429870605469 -1.0853685140609741 1.0160062313079834
    vertex 30.84455108642578 -0.7507510185241699 1.0160062313079834
    vertex 33.68309783935547 -0.7507510185241699 1.0160062313079834
  endloop
endfacet
facet normal 0.0 0.0 0.0
  outer loop
    vertex 34.23429870605469 -1.0853685140609741 1.0160062313079834
    vertex 33.68309783935547 -0.7507510185241699 1.0160062313079834
    vertex 34.243324279785156 -0.6670031547546387 1.0160062313079834
  endloop
endfacet
facet normal 0.0 0.0 0.0
  outer loop
    vertex 34.243324279785156 -0.6670031547546387 1.0160062313079834
    vertex 33.68309783935547 -0.7507510185241699 1.0160062313079834
    vertex 33.68309783935547 0.8611947298049927 1.0160064697265625
  endloop
endfacet
facet normal 0.0 0.0 0.0
  outer loop
    vertex 34.243324279785156 -0.6670031547546387 1.0160062313079834
    vertex 33.68309783935547 0.8611947298049927 1.0160064697265625
    vertex 34.243324279785156 0.8750610947608948 1.0160064697265625
  endloop
endfacet
facet normal 0.0 0.0 0.0
  outer loop
    vertex 33.294471740722656 0.3096354305744171 1.0160064697265625
    vertex 33.294471740722656 -0.04905666038393974 1.0160064697265625
    vertex 31.931800842285156 0.3096354305744171 1.0160064697265625
  endloop
endfacet
facet normal 0.0 0.0 0.0
  outer loop
    vertex 31.931800842285156 0.3096354305744171 1.0160064697265625
    vertex 33.294471740722656 -0.04905666038393974 1.0160064697265625
    vertex 31.420188903808594 -0.04905666038393974 1.0160064697265625
  endloop
endfacet
facet normal 0.0 0.0 0.0
  outer loop
    vertex 31.931800842285156 0.3096354305744171 1.0160064697265625
    vertex 31.420188903808594 -0.04905666038393974 1.0160064697265625
    vertex 31.931800842285156 0.8611947298049927 1.0160064697265625
  endloop
endfacet
facet normal 0.0 0.0 0.0
  outer loop
    vertex 31.931800842285156 0.8611947298049927 1.0160064697265625
    vertex 31.420188903808594 -0.04905666038393974 1.0160064697265625
    vertex 31.420188903808594 1.2563552856445312 1.0160067081451416
  endloop
endfacet
facet normal 0.0 0.0 0.0
  outer loop
    vertex 31.931800842285156 0.8611947298049927 1.0160064697265625
    vertex 31.420188903808594 1.2563552856445312 1.0160067081451416
    vertex 33.68309783935547 0.8611947298049927 1.0160064697265625
  endloop
endfacet
facet normal 0.0 0.0 0.0
  outer loop
    vertex 33.68309783935547 0.8611947298049927 1.0160064697265625
    vertex 31.420188903808594 1.2563552856445312 1.0160067081451416
    vertex 34.2747802734375 1.2563552856445312 1.0160067081451416
  endloop
endfacet
facet normal 0.0 0.0 0.0
  outer loop
    vertex 33.68309783935547 0.8611947298049927 1.0160064697265625
    vertex 34.2747802734375 1.2563552856445312 1.0160067081451416
    vertex 34.243324279785156 0.8750610947608948 1.0160064697265625
  endloop
endfacet
facet normal 0.0 0.0 0.0
  outer loop
    vertex 34.243324279785156 0.8750610947608948 1.0160064697265625
    vertex 34.2747802734375 1.2563552856445312 1.0160067081451416
    vertex 35.079833984375 0.11304885894060135 1.0160064697265625
  endloop
endfacet
facet normal 0.0 0.0 0.0
  outer loop
    vertex 36.56330108642578 -0.8283646702766418 6.67572021484375e-06
    vertex 35.52458953857422 0.1178441122174263 6.9141387939453125e-06
    vertex 37.45161437988281 5.126892119733384e-07 6.9141387939453125e-06
  endloop
endfacet
facet normal 0.0 0.0 0.0
  outer loop
    vertex 37.45161437988281 5.126892119733384e-07 6.9141387939453125e-06
    vertex 35.52458953857422 0.1178441122174263 6.9141387939453125e-06
    vertex 36.41290283203125 0.946209192276001 7.152557373046875e-06
  endloop
endfacet
facet normal 0.0 0.0 0.0
  outer loop
    vertex 34.243324279785156 -0.6670029759407043 6.67572021484375e-06
    vertex 34.243324279785156 0.8750612735748291 6.9141387939453125e-06
    vertex 35.079833984375 0.11304903775453568 6.9141387939453125e-06
  endloop
endfacet
facet normal 0.0 0.0 0.0
  outer loop
    vertex 20.501785278320312 -2.3648674488067627 1.0160059928894043
    vertex 16.828582763671875 -2.3648674488067627 1.0160059928894043
    vertex 20.501785278320312 -2.3648672103881836 6.4373016357421875e-06
  endloop
endfacet
facet normal 0.0 0.0 0.0
  outer loop
    vertex 20.501785278320312 -2.3648672103881836 6.4373016357421875e-06
    vertex 16.828582763671875 -2.3648674488067627 1.0160059928894043
    vertex 16.828582763671875 -2.3648672103881836 6.4373016357421875e-06
  endloop
endfacet
facet normal 0.0 0.0 0.0
  outer loop
    vertex 16.5745849609375 -2.110865831375122 1.0160059928894043
    vertex 16.5745849609375 -2.110865592956543 6.4373016357421875e-06
    vertex 16.578445434570312 -2.154974937438965 6.4373016357421875e-06
  endloop
endfacet
facet normal 0.0 0.0 0.0
  outer loop
    vertex 16.5745849609375 -2.110865831375122 1.0160059928894043
    vertex 16.578445434570312 -2.154974937438965 6.4373016357421875e-06
    vertex 16.578445434570312 -2.154975175857544 1.0160059928894043
  endloop
endfacet
facet normal 0.0 0.0 0.0
  outer loop
    vertex 16.578445434570312 -2.154975175857544 1.0160059928894043
    vertex 16.578445434570312 -2.154974937438965 6.4373016357421875e-06
    vertex 16.58990478515625 -2.1977415084838867 6.4373016357421875e-06
  endloop
endfacet
facet normal 0.0 0.0 0.0
  outer loop
    vertex 16.578445434570312 -2.154975175857544 1.0160059928894043
    vertex 16.58990478515625 -2.1977415084838867 6.4373016357421875e-06
    vertex 16.58990478515625 -2.197741746902466 1.0160059928894043
  endloop
endfacet
facet normal 0.0 0.0 0.0
  outer loop
    vertex 16.58990478515625 -2.197741746902466 1.0160059928894043
    vertex 16.58990478515625 -2.1977415084838867 6.4373016357421875e-06
    vertex 16.60861587524414 -2.2378644943237305 6.4373016357421875e-06
  endloop
endfacet
facet normal 0.0 0.0 0.0
  outer loop
    vertex 16.58990478515625 -2.197741746902466 1.0160059928894043
    vertex 16.60861587524414 -2.2378644943237305 6.4373016357421875e-06
    vertex 16.60861587524414 -2.2378647327423096 1.0160059928894043
  endloop
endfacet
facet normal 0.0 0.0 0.0
  outer loop
    vertex 16.60861587524414 -2.2378647327423096 1.0160059928894043
    vertex 16.60861587524414 -2.2378644943237305 6.4373016357421875e-06
    vertex 16.634010314941406 -2.274134635925293 6.4373016357421875e-06
  endloop
endfacet
facet normal 0.0 0.0 0.0
  outer loop
    vertex 16.60861587524414 -2.2378647327423096 1.0160059928894043
    vertex 16.634010314941406 -2.274134635925293 6.4373016357421875e-06
    vertex 16.634010314941406 -2.274134874343872 1.0160059928894043
  endloop
endfacet
facet normal 0.0 0.0 0.0
  outer loop
    vertex 16.634010314941406 -2.274134874343872 1.0160059928894043
    vertex 16.634010314941406 -2.274134635925293 6.4373016357421875e-06
    vertex 16.66531753540039 -2.3054418563842773 6.4373016357421875e-06
  endloop
endfacet
facet normal 0.0 0.0 0.0
  outer loop
    vertex 16.634010314941406 -2.274134874343872 1.0160059928894043
    vertex 16.66531753540039 -2.3054418563842773 6.4373016357421875e-06
    vertex 16.66531753540039 -2.3054420948028564 1.0160059928894043
  endloop
endfacet
facet normal 0.0 0.0 0.0
  outer loop
    vertex 16.66531753540039 -2.3054420948028564 1.0160059928894043
    vertex 16.66531753540039 -2.3054418563842773 6.4373016357421875e-06
    vertex 16.701583862304688 -2.330836296081543 6.4373016357421875e-06
  endloop
endfacet
facet normal 0.0 0.0 0.0
  outer loop
    vertex 16.66531753540039 -2.3054420948028564 1.0160059928894043
    vertex 16.701583862304688 -2.330836296081543 6.4373016357421875e-06
    vertex 16.701583862304688 -2.330836534500122 1.0160059928894043
  endloop
endfacet
facet normal 0.0 0.0 0.0
  outer loop
    vertex 16.701583862304688 -2.330836534500122 1.0160059928894043
    vertex 16.701583862304688 -2.330836296081543 6.4373016357421875e-06
    vertex 16.741714477539062 -2.349551200866699 6.4373016357421875e-06
  endloop
endfacet
facet normal 0.0 0.0 0.0
  outer loop
    vertex 16.701583862304688 -2.330836534500122 1.0160059928894043
    vertex 16.741714477539062 -2.349551200866699 6.4373016357421875e-06
    vertex 16.741714477539062 -2.3495514392852783 1.0160059928894043
  endloop
endfacet
facet normal 0.0 0.0 0.0
  outer loop
    vertex 16.741714477539062 -2.3495514392852783 1.0160059928894043
    vertex 16.741714477539062 -2.349551200866699 6.4373016357421875e-06
    vertex 16.784481048583984 -2.361006736755371 6.4373016357421875e-06
  endloop
endfacet
facet normal 0.0 0.0 0.0
  outer loop
    vertex 16.741714477539062 -2.3495514392852783 1.0160059928894043
    vertex 16.784481048583984 -2.361006736755371 6.4373016357421875e-06
    vertex 16.784481048583984 -2.36100697517395 1.0160059928894043
  endloop
endfacet
facet normal 0.0 0.0 0.0
  outer loop
    vertex 16.784481048583984 -2.36100697517395 1.0160059928894043
    vertex 16.784481048583984 -2.361006736755371 6.4373016357421875e-06
    vertex 16.828582763671875 -2.3648672103881836 6.4373016357421875e-06
  endloop
endfacet
facet normal 0.0 0.0 0.0
  outer loop
    vertex 16.784481048583984 -2.36100697517395 1.0160059928894043
    vertex 16.828582763671875 -2.3648672103881836 6.4373016357421875e-06
    vertex 16.828582763671875 -2.3648674488067627 1.0160059928894043
  endloop
endfacet
facet normal 0.0 0.0 0.0
  outer loop
    vertex 16.5745849609375 -2.110865831375122 1.0160059928894043
    vertex 16.5745849609375 -0.4147258400917053 1.0160062313079834
    vertex 16.5745849609375 -2.110865592956543 6.4373016357421875e-06
  endloop
endfacet
facet normal 0.0 0.0 0.0
  outer loop
    vertex 16.5745849609375 -2.110865592956543 6.4373016357421875e-06
    vertex 16.5745849609375 -0.4147258400917053 1.0160062313079834
    vertex 16.5745849609375 -0.414725661277771 6.9141387939453125e-06
  endloop
endfacet
facet normal 0.0 0.0 0.0
  outer loop
    vertex 16.828582763671875 -0.16072426736354828 1.0160064697265625
    vertex 16.828582763671875 -0.16072408854961395 6.9141387939453125e-06
    vertex 16.784481048583984 -0.16458456218242645 6.9141387939453125e-06
  endloop
endfacet
facet normal 0.0 0.0 0.0
  outer loop
    vertex 16.828582763671875 -0.16072426736354828 1.0160064697265625
    vertex 16.784481048583984 -0.16458456218242645 6.9141387939453125e-06
    vertex 16.784481048583984 -0.16458474099636078 1.0160064697265625
  endloop
endfacet
facet normal 0.0 0.0 0.0
  outer loop
    vertex 16.784481048583984 -0.16458474099636078 1.0160064697265625
    vertex 16.784481048583984 -0.16458456218242645 6.9141387939453125e-06
    vertex 16.741714477539062 -0.17604391276836395 6.9141387939453125e-06
  endloop
endfacet
facet normal 0.0 0.0 0.0
  outer loop
    vertex 16.784481048583984 -0.16458474099636078 1.0160064697265625
    vertex 16.741714477539062 -0.17604391276836395 6.9141387939453125e-06
    vertex 16.741714477539062 -0.17604409158229828 1.0160064697265625
  endloop
endfacet
facet normal 0.0 0.0 0.0
  outer loop
    vertex 16.741714477539062 -0.17604409158229828 1.0160064697265625
    vertex 16.741714477539062 -0.17604391276836395 6.9141387939453125e-06
    vertex 16.701583862304688 -0.19475500285625458 6.9141387939453125e-06
  endloop
endfacet
facet normal 0.0 0.0 0.0
  outer loop
    vertex 16.741714477539062 -0.17604409158229828 1.0160064697265625
    vertex 16.701583862304688 -0.19475500285625458 6.9141387939453125e-06
    vertex 16.701583862304688 -0.1947551816701889 1.0160064697265625
  endloop
endfacet
facet normal 0.0 0.0 0.0
  outer loop
    vertex 16.701583862304688 -0.1947551816701889 1.0160064697265625
    vertex 16.701583862304688 -0.19475500285625458 6.9141387939453125e-06
    vertex 16.66531753540039 -0.22015324234962463 6.9141387939453125e-06
  endloop
endfacet
facet normal 0.0 0.0 0.0
  outer loop
    vertex 16.701583862304688 -0.1947551816701889 1.0160064697265625
    vertex 16.66531753540039 -0.22015324234962463 6.9141387939453125e-06
    vertex 16.66531753540039 -0.22015342116355896 1.0160064697265625
  endloop
endfacet
facet normal 0.0 0.0 0.0
  outer loop
    vertex 16.66531753540039 -0.22015342116355896 1.0160064697265625
    vertex 16.66531753540039 -0.22015324234962463 6.9141387939453125e-06
    vertex 16.634010314941406 -0.251460462808609 6.9141387939453125e-06
  endloop
endfacet
facet normal 0.0 0.0 0.0
  outer loop
    vertex 16.66531753540039 -0.22015342116355896 1.0160064697265625
    vertex 16.634010314941406 -0.251460462808609 6.9141387939453125e-06
    vertex 16.634010314941406 -0.25146064162254333 1.0160064697265625
  endloop
endfacet
facet normal 0.0 0.0 0.0
  outer loop
    vertex 16.634010314941406 -0.25146064162254333 1.0160064697265625
    vertex 16.634010314941406 -0.251460462808609 6.9141387939453125e-06
    vertex 16.60861587524414 -0.28772297501564026 6.9141387939453125e-06
  endloop
endfacet
facet normal 0.0 0.0 0.0
  outer loop
    vertex 16.634010314941406 -0.25146064162254333 1.0160064697265625
    vertex 16.60861587524414 -0.28772297501564026 6.9141387939453125e-06
    vertex 16.60861587524414 -0.2877231538295746 1.0160064697265625
  endloop
endfacet
facet normal 0.0 0.0 0.0
  outer loop
    vertex 16.60861587524414 -0.2877231538295746 1.0160064697265625
    vertex 16.60861587524414 -0.28772297501564026 6.9141387939453125e-06
    vertex 16.58990478515625 -0.32785356044769287 6.9141387939453125e-06
  endloop
endfacet
facet normal 0.0 0.0 0.0
  outer loop
    vertex 16.60861587524414 -0.2877231538295746 1.0160064697265625
    vertex 16.58990478515625 -0.32785356044769287 6.9141387939453125e-06
    vertex 16.58990478515625 -0.3278537392616272 1.0160064697265625
  endloop
endfacet
facet normal 0.0 0.0 0.0
  outer loop
    vertex 16.58990478515625 -0.3278537392616272 1.0160064697265625
    vertex 16.58990478515625 -0.32785356044769287 6.9141387939453125e-06
    vertex 16.578445434570312 -0.37062013149261475 6.9141387939453125e-06
  endloop
endfacet
facet normal 0.0 0.0 0.0
  outer loop
    vertex 16.58990478515625 -0.3278537392616272 1.0160064697265625
    vertex 16.578445434570312 -0.37062013149261475 6.9141387939453125e-06
    vertex 16.578445434570312 -0.3706203103065491 1.0160064697265625
  endloop
endfacet
facet normal 0.0 0.0 0.0
  outer loop
    vertex 16.578445434570312 -0.3706203103065491 1.0160064697265625
    vertex 16.578445434570312 -0.37062013149261475 6.9141387939453125e-06
    vertex 16.5745849609375 -0.414725661277771 6.9141387939453125e-06
  endloop
endfacet
facet normal 0.0 0.0 0.0
  outer loop
    vertex 16.578445434570312 -0.3706203103065491 1.0160064697265625
    vertex 16.5745849609375 -0.414725661277771 6.9141387939453125e-06
    vertex 16.5745849609375 -0.4147258400917053 1.0160062313079834
  endloop
endfacet
facet normal 0.0 0.0 0.0
  outer loop
    vertex 16.828582763671875 -0.16072426736354828 1.0160064697265625
    vertex 20.501785278320312 -0.16072426736354828 1.0160064697265625
    vertex 16.828582763671875 -0.16072408854961395 6.9141387939453125e-06
  endloop
endfacet
facet normal 0.0 0.0 0.0
  outer loop
    vertex 16.828582763671875 -0.16072408854961395 6.9141387939453125e-06
    vertex 20.501785278320312 -0.16072426736354828 1.0160064697265625
    vertex 20.501785278320312 -0.16072408854961395 6.9141387939453125e-06
  endloop
endfacet
facet normal 0.0 0.0 0.0
  outer loop
    vertex 20.755786895751953 -0.4147258400917053 1.0160062313079834
    vertex 20.755786895751953 -0.414725661277771 6.9141387939453125e-06
    vertex 20.75192642211914 -0.37062013149261475 6.9141387939453125e-06
  endloop
endfacet
facet normal 0.0 0.0 0.0
  outer loop
    vertex 20.755786895751953 -0.4147258400917053 1.0160062313079834
    vertex 20.75192642211914 -0.37062013149261475 6.9141387939453125e-06
    vertex 20.75192642211914 -0.3706203103065491 1.0160064697265625
  endloop
endfacet
facet normal 0.0 0.0 0.0
  outer loop
    vertex 20.75192642211914 -0.3706203103065491 1.0160064697265625
    vertex 20.75192642211914 -0.37062013149261475 6.9141387939453125e-06
    vertex 20.74047088623047 -0.32785356044769287 6.9141387939453125e-06
  endloop
endfacet
facet normal 0.0 0.0 0.0
  outer loop
    vertex 20.75192642211914 -0.3706203103065491 1.0160064697265625
    vertex 20.74047088623047 -0.32785356044769287 6.9141387939453125e-06
    vertex 20.74047088623047 -0.3278537392616272 1.0160064697265625
  endloop
endfacet
facet normal 0.0 0.0 0.0
  outer loop
    vertex 20.74047088623047 -0.3278537392616272 1.0160064697265625
    vertex 20.74047088623047 -0.32785356044769287 6.9141387939453125e-06
    vertex 20.721755981445312 -0.28772297501564026 6.9141387939453125e-06
  endloop
endfacet
facet normal 0.0 0.0 0.0
  outer loop
    vertex 20.74047088623047 -0.3278537392616272 1.0160064697265625
    vertex 20.721755981445312 -0.28772297501564026 6.9141387939453125e-06
    vertex 20.721755981445312 -0.2877231538295746 1.0160064697265625
  endloop
endfacet
facet normal 0.0 0.0 0.0
  outer loop
    vertex 20.721755981445312 -0.2877231538295746 1.0160064697265625
    vertex 20.721755981445312 -0.28772297501564026 6.9141387939453125e-06
    vertex 20.696361541748047 -0.251460462808609 6.9141387939453125e-06
  endloop
endfacet
facet normal 0.0 0.0 0.0
  outer loop
    vertex 20.721755981445312 -0.2877231538295746 1.0160064697265625
    vertex 20.696361541748047 -0.251460462808609 6.9141387939453125e-06
    vertex 20.696361541748047 -0.25146064162254333 1.0160064697265625
  endloop
endfacet
facet normal 0.0 0.0 0.0
  outer loop
    vertex 20.696361541748047 -0.25146064162254333 1.0160064697265625
    vertex 20.696361541748047 -0.251460462808609 6.9141387939453125e-06
    vertex 20.665054321289062 -0.22015324234962463 6.9141387939453125e-06
  endloop
endfacet
facet normal 0.0 0.0 0.0
  outer loop
    vertex 20.696361541748047 -0.25146064162254333 1.0160064697265625
    vertex 20.665054321289062 -0.22015324234962463 6.9141387939453125e-06
    vertex 20.665054321289062 -0.22015342116355896 1.0160064697265625
  endloop
endfacet
facet normal 0.0 0.0 0.0
  outer loop
    vertex 20.665054321289062 -0.22015342116355896 1.0160064697265625
    vertex 20.665054321289062 -0.22015324234962463 6.9141387939453125e-06
    vertex 20.628787994384766 -0.19475500285625458 6.9141387939453125e-06
  endloop
endfacet
facet normal 0.0 0.0 0.0
  outer loop
    vertex 20.665054321289062 -0.22015342116355896 1.0160064697265625
    vertex 20.628787994384766 -0.19475500285625458 6.9141387939453125e-06
    vertex 20.628787994384766 -0.1947551816701889 1.0160064697265625
  endloop
endfacet
facet normal 0.0 0.0 0.0
  outer loop
    vertex 20.628787994384766 -0.1947551816701889 1.0160064697265625
    vertex 20.628787994384766 -0.19475500285625458 6.9141387939453125e-06
    vertex 20.588661193847656 -0.17604391276836395 6.9141387939453125e-06
  endloop
endfacet
facet normal 0.0 0.0 0.0
  outer loop
    vertex 20.628787994384766 -0.1947551816701889 1.0160064697265625
    vertex 20.588661193847656 -0.17604391276836395 6.9141387939453125e-06
    vertex 20.588661193847656 -0.17604409158229828 1.0160064697265625
  endloop
endfacet
facet normal 0.0 0.0 0.0
  outer loop
    vertex 20.588661193847656 -0.17604409158229828 1.0160064697265625
    vertex 20.588661193847656 -0.17604391276836395 6.9141387939453125e-06
    vertex 20.545894622802734 -0.16458456218242645 6.9141387939453125e-06
  endloop
endfacet
facet normal 0.0 0.0 0.0
  outer loop
    vertex 20.588661193847656 -0.17604409158229828 1.0160064697265625
    vertex 20.545894622802734 -0.16458456218242645 6.9141387939453125e-06
    vertex 20.545894622802734 -0.16458474099636078 1.0160064697265625
  endloop
endfacet
facet normal 0.0 0.0 0.0
  outer loop
    vertex 20.545894622802734 -0.16458474099636078 1.0160064697265625
    vertex 20.545894622802734 -0.16458456218242645 6.9141387939453125e-06
    vertex 20.501785278320312 -0.16072408854961395 6.9141387939453125e-06
  endloop
endfacet
facet normal 0.0 0.0 0.0
  outer loop
    vertex 20.545894622802734 -0.16458474099636078 1.0160064697265625
    vertex 20.501785278320312 -0.16072408854961395 6.9141387939453125e-06
    vertex 20.501785278320312 -0.16072426736354828 1.0160064697265625
  endloop
endfacet
facet normal 0.0 0.0 0.0
  outer loop
    vertex 20.755786895751953 -0.4147258400917053 1.0160062313079834
    vertex 20.755786895751953 -2.110865831375122 1.0160059928894043
    vertex 20.755786895751953 -0.414725661277771 6.9141387939453125e-06
  endloop
endfacet
facet normal 0.0 0.0 0.0
  outer loop
    vertex 20.755786895751953 -0.414725661277771 6.9141387939453125e-06
    vertex 20.755786895751953 -2.110865831375122 1.0160059928894043
    vertex 20.755786895751953 -2.110865592956543 6.4373016357421875e-06
  endloop
endfacet
facet normal 0.0 0.0 0.0
  outer loop
    vertex 22.279788970947266 -2.3648674488067627 1.0160059928894043
    vertex 22.279788970947266 -2.3648672103881836 6.4373016357421875e-06
    vertex 22.256633758544922 -2.6295042037963867 1.0160059928894043
  endloop
endfacet
facet normal 0.0 0.0 0.0
  outer loop
    vertex 22.256633758544922 -2.6295042037963867 1.0160059928894043
    vertex 22.279788970947266 -2.3648672103881836 6.4373016357421875e-06
    vertex 22.256633758544922 -2.6295039653778076 6.4373016357421875e-06
  endloop
endfacet
facet normal 0.0 0.0 0.0
  outer loop
    vertex 22.256633758544922 -2.6295042037963867 1.0160059928894043
    vertex 22.256633758544922 -2.6295039653778076 6.4373016357421875e-06
    vertex 22.187877655029297 -2.8861074447631836 1.0160059928894043
  endloop
endfacet
facet normal 0.0 0.0 0.0
  outer loop
    vertex 22.256633758544922 -2.6295039653778076 6.4373016357421875e-06
    vertex 22.187877655029297 -2.8861072063446045 6.4373016357421875e-06
    vertex 22.187877655029297 -2.8861074447631836 1.0160059928894043
  endloop
endfacet
facet normal 0.0 0.0 0.0
  outer loop
    vertex 22.187877655029297 -2.8861074447631836 1.0160059928894043
    vertex 22.187877655029297 -2.8861072063446045 6.4373016357421875e-06
    vertex 22.146286010742188 -2.9752986431121826 6.4373016357421875e-06
  endloop
endfacet
facet normal 0.0 0.0 0.0
  outer loop
    vertex 22.187877655029297 -2.8861074447631836 1.0160059928894043
    vertex 22.146286010742188 -2.9752986431121826 6.4373016357421875e-06
    vertex 22.075611114501953 -3.12686824798584 1.0160057544708252
  endloop
endfacet
facet normal 0.0 0.0 0.0
  outer loop
    vertex 22.075611114501953 -3.12686824798584 1.0160057544708252
    vertex 22.146286010742188 -2.9752986431121826 6.4373016357421875e-06
    vertex 22.075611114501953 -3.1268680095672607 6.4373016357421875e-06
  endloop
endfacet
facet normal 0.0 0.0 0.0
  outer loop
    vertex 22.075611114501953 -3.12686824798584 1.0160057544708252
    vertex 22.075611114501953 -3.1268680095672607 6.4373016357421875e-06
    vertex 21.923236846923828 -3.3444738388061523 1.0160057544708252
  endloop
endfacet
facet normal 0.0 0.0 0.0
  outer loop
    vertex 21.923236846923828 -3.3444738388061523 1.0160057544708252
    vertex 22.075611114501953 -3.1268680095672607 6.4373016357421875e-06
    vertex 21.923236846923828 -3.3444736003875732 6.198883056640625e-06
  endloop
endfacet
facet normal 0.0 0.0 0.0
  outer loop
    vertex 21.923236846923828 -3.3444738388061523 1.0160057544708252
    vertex 21.923236846923828 -3.3444736003875732 6.198883056640625e-06
    vertex 21.735397338867188 -3.5323169231414795 1.0160057544708252
  endloop
endfacet
facet normal 0.0 0.0 0.0
  outer loop
    vertex 21.735397338867188 -3.5323169231414795 1.0160057544708252
    vertex 21.923236846923828 -3.3444736003875732 6.198883056640625e-06
    vertex 21.735397338867188 -3.5323166847229004 6.198883056640625e-06
  endloop
endfacet
facet normal 0.0 0.0 0.0
  outer loop
    vertex 21.735397338867188 -3.5323169231414795 1.0160057544708252
    vertex 21.735397338867188 -3.5323166847229004 6.198883056640625e-06
    vertex 21.51778793334961 -3.6846911907196045 1.0160057544708252
  endloop
endfacet
facet normal 0.0 0.0 0.0
  outer loop
    vertex 21.51778793334961 -3.6846911907196045 1.0160057544708252
    vertex 21.735397338867188 -3.5323166847229004 6.198883056640625e-06
    vertex 21.51778793334961 -3.6846909523010254 6.198883056640625e-06
  endloop
endfacet
facet normal 0.0 0.0 0.0
  outer loop
    vertex 21.51778793334961 -3.6846911907196045 1.0160057544708252
    vertex 21.51778793334961 -3.6846909523010254 6.198883056640625e-06
    vertex 21.277027130126953 -3.7969577312469482 1.0160057544708252
  endloop
endfacet
facet normal 0.0 0.0 0.0
  outer loop
    vertex 21.277027130126953 -3.7969577312469482 1.0160057544708252
    vertex 21.51778793334961 -3.6846909523010254 6.198883056640625e-06
    vertex 21.277027130126953 -3.796957492828369 6.198883056640625e-06
  endloop
endfacet
facet normal 0.0 0.0 0.0
  outer loop
    vertex 21.277027130126953 -3.7969577312469482 1.0160057544708252
    vertex 21.277027130126953 -3.796957492828369 6.198883056640625e-06
    vertex 21.020427703857422 -3.8657138347625732 1.0160057544708252
  endloop
endfacet
facet normal 0.0 0.0 0.0
  outer loop
    vertex 21.020427703857422 -3.8657138347625732 1.0160057544708252
    vertex 21.277027130126953 -3.796957492828369 6.198883056640625e-06
    vertex 21.020427703857422 -3.865713596343994 6.198883056640625e-06
  endloop
endfacet
facet normal 0.0 0.0 0.0
  outer loop
    vertex 21.020427703857422 -3.8657138347625732 1.0160057544708252
    vertex 21.020427703857422 -3.865713596343994 6.198883056640625e-06
    vertex 20.755786895751953 -3.8888652324676514 1.0160057544708252
  endloop
endfacet
facet normal 0.0 0.0 0.0
  outer loop
    vertex 20.755786895751953 -3.8888652324676514 1.0160057544708252
    vertex 21.020427703857422 -3.865713596343994 6.198883056640625e-06
    vertex 20.755786895751953 -3.8888649940490723 6.198883056640625e-06
  endloop
endfacet
facet normal 0.0 0.0 0.0
  outer loop
    vertex 22.279788970947266 -2.3648674488067627 1.0160059928894043
    vertex 22.279788970947266 -0.16072426736354828 1.0160064697265625
    vertex 22.279788970947266 -2.3648672103881836 6.4373016357421875e-06
  endloop
endfacet
facet normal 0.0 0.0 0.0
  outer loop
    vertex 22.279788970947266 -2.3648672103881836 6.4373016357421875e-06
    vertex 22.279788970947266 -0.16072426736354828 1.0160064697265625
    vertex 22.279788970947266 -0.16072408854961395 6.9141387939453125e-06
  endloop
endfacet
facet normal 0.0 0.0 0.0
  outer loop
    vertex 20.755786895751953 1.3632698059082031 1.0160067081451416
    vertex 20.755786895751953 1.3632700443267822 7.152557373046875e-06
    vertex 21.020427703857422 1.340118408203125 1.0160067081451416
  endloop
endfacet
facet normal 0.0 0.0 0.0
  outer loop
    vertex 21.020427703857422 1.340118408203125 1.0160067081451416
    vertex 20.755786895751953 1.3632700443267822 7.152557373046875e-06
    vertex 21.020427703857422 1.340118646621704 7.152557373046875e-06
  endloop
endfacet
facet normal 0.0 0.0 0.0
  outer loop
    vertex 21.020427703857422 1.340118408203125 1.0160067081451416
    vertex 21.020427703857422 1.340118646621704 7.152557373046875e-06
    vertex 21.277027130126953 1.2713661193847656 1.0160067081451416
  endloop
endfacet
facet normal 0.0 0.0 0.0
  outer loop
    vertex 21.277027130126953 1.2713661193847656 1.0160067081451416
    vertex 21.020427703857422 1.340118646621704 7.152557373046875e-06
    vertex 21.277027130126953 1.2713663578033447 7.152557373046875e-06
  endloop
endfacet
facet normal 0.0 0.0 0.0
  outer loop
    vertex 21.277027130126953 1.2713661193847656 1.0160067081451416
    vertex 21.277027130126953 1.2713663578033447 7.152557373046875e-06
    vertex 21.51778793334961 1.1590958833694458 1.0160067081451416
  endloop
endfacet
facet normal 0.0 0.0 0.0
  outer loop
    vertex 21.51778793334961 1.1590958833694458 1.0160067081451416
    vertex 21.277027130126953 1.2713663578033447 7.152557373046875e-06
    vertex 21.51778793334961 1.159096121788025 7.152557373046875e-06
  endloop
endfacet
facet normal 0.0 0.0 0.0
  outer loop
    vertex 21.51778793334961 1.1590958833694458 1.0160067081451416
    vertex 21.51778793334961 1.159096121788025 7.152557373046875e-06
    vertex 21.735397338867188 1.0067254304885864 1.0160067081451416
  endloop
endfacet
facet normal 0.0 0.0 0.0
  outer loop
    vertex 21.735397338867188 1.0067254304885864 1.0160067081451416
    vertex 21.51778793334961 1.159096121788025 7.152557373046875e-06
    vertex 21.735397338867188 1.0067256689071655 7.152557373046875e-06
  endloop
endfacet
facet normal 0.0 0.0 0.0
  outer loop
    vertex 21.735397338867188 1.0067254304885864 1.0160067081451416
    vertex 21.735397338867188 1.0067256689071655 7.152557373046875e-06
    vertex 21.923236846923828 0.8188782930374146 1.0160064697265625
  endloop
endfacet
facet normal 0.0 0.0 0.0
  outer loop
    vertex 21.923236846923828 0.8188782930374146 1.0160064697265625
    vertex 21.735397338867188 1.0067256689071655 7.152557373046875e-06
    vertex 21.923236846923828 0.8188784718513489 6.9141387939453125e-06
  endloop
endfacet
facet normal 0.0 0.0 0.0
  outer loop
    vertex 21.923236846923828 0.8188782930374146 1.0160064697265625
    vertex 21.923236846923828 0.8188784718513489 6.9141387939453125e-06
    vertex 22.075611114501953 0.6012727618217468 1.0160064697265625
  endloop
endfacet
facet normal 0.0 0.0 0.0
  outer loop
    vertex 22.075611114501953 0.6012727618217468 1.0160064697265625
    vertex 21.923236846923828 0.8188784718513489 6.9141387939453125e-06
    vertex 22.075611114501953 0.6012729406356812 6.9141387939453125e-06
  endloop
endfacet
facet normal 0.0 0.0 0.0
  outer loop
    vertex 22.075611114501953 0.6012727618217468 1.0160064697265625
    vertex 22.075611114501953 0.6012729406356812 6.9141387939453125e-06
    vertex 22.187877655029297 0.36051201820373535 1.0160064697265625
  endloop
endfacet
facet normal 0.0 0.0 0.0
  outer loop
    vertex 22.187877655029297 0.36051201820373535 1.0160064697265625
    vertex 22.075611114501953 0.6012729406356812 6.9141387939453125e-06
    vertex 22.187877655029297 0.3605121970176697 6.9141387939453125e-06
  endloop
endfacet
facet normal 0.0 0.0 0.0
  outer loop
    vertex 22.187877655029297 0.36051201820373535 1.0160064697265625
    vertex 22.187877655029297 0.3605121970176697 6.9141387939453125e-06
    vertex 22.256633758544922 0.1039164811372757 1.0160064697265625
  endloop
endfacet
facet normal 0.0 0.0 0.0
  outer loop
    vertex 22.256633758544922 0.1039164811372757 1.0160064697265625
    vertex 22.187877655029297 0.3605121970176697 6.9141387939453125e-06
    vertex 22.256633758544922 0.10391665995121002 6.9141387939453125e-06
  endloop
endfacet
facet normal 0.0 0.0 0.0
  outer loop
    vertex 22.256633758544922 0.1039164811372757 1.0160064697265625
    vertex 22.256633758544922 0.10391665995121002 6.9141387939453125e-06
    vertex 22.279788970947266 -0.16072426736354828 1.0160064697265625
  endloop
endfacet
facet normal 0.0 0.0 0.0
  outer loop
    vertex 22.279788970947266 -0.16072426736354828 1.0160064697265625
    vertex 22.256633758544922 0.10391665995121002 6.9141387939453125e-06
    vertex 22.279788970947266 -0.16072408854961395 6.9141387939453125e-06
  endloop
endfacet
facet normal 0.0 0.0 0.0
  outer loop
    vertex 20.755786895751953 1.3632698059082031 1.0160067081451416
    vertex 20.17745590209961 1.3632698059082031 1.0160067081451416
    vertex 20.755786895751953 1.3632700443267822 7.152557373046875e-06
  endloop
endfacet
facet normal 0.0 0.0 0.0
  outer loop
    vertex 20.755786895751953 1.3632700443267822 7.152557373046875e-06
    vertex 20.17745590209961 1.3632698059082031 1.0160067081451416
    vertex 20.17745590209961 1.3632700443267822 7.152557373046875e-06
  endloop
endfacet
facet normal 0.0 0.0 0.0
  outer loop
    vertex 20.17745590209961 1.3632698059082031 1.0160067081451416
    vertex 22.279788970947266 3.419307231903076 1.0160069465637207
    vertex 20.17745590209961 1.3632700443267822 7.152557373046875e-06
  endloop
endfacet
facet normal 0.0 0.0 0.0
  outer loop
    vertex 20.17745590209961 1.3632700443267822 7.152557373046875e-06
    vertex 22.279788970947266 3.419307231903076 1.0160069465637207
    vertex 22.279788970947266 3.4193074703216553 7.3909759521484375e-06
  endloop
endfacet
facet normal 0.0 0.0 0.0
  outer loop
    vertex 22.279788970947266 3.419307231903076 1.0160069465637207
    vertex 22.279788970947266 3.8361618518829346 1.0160071849822998
    vertex 22.279788970947266 3.4193074703216553 7.3909759521484375e-06
  endloop
endfacet
facet normal 0.0 0.0 0.0
  outer loop
    vertex 22.279788970947266 3.4193074703216553 7.3909759521484375e-06
    vertex 22.279788970947266 3.8361618518829346 1.0160071849822998
    vertex 22.279788970947266 3.8361620903015137 7.62939453125e-06
  endloop
endfacet
facet normal 0.0 0.0 0.0
  outer loop
    vertex 22.279788970947266 3.8361618518829346 1.0160071849822998
    vertex 21.226455688476562 3.8361618518829346 1.0160071849822998
    vertex 22.279788970947266 3.8361620903015137 7.62939453125e-06
  endloop
endfacet
facet normal 0.0 0.0 0.0
  outer loop
    vertex 22.279788970947266 3.8361620903015137 7.62939453125e-06
    vertex 21.226455688476562 3.8361618518829346 1.0160071849822998
    vertex 21.226455688476562 3.8361620903015137 7.62939453125e-06
  endloop
endfacet
facet normal 0.0 0.0 0.0
  outer loop
    vertex 21.226455688476562 3.8361618518829346 1.0160071849822998
    vertex 18.697879791259766 1.3632698059082031 1.0160067081451416
    vertex 21.226455688476562 3.8361620903015137 7.62939453125e-06
  endloop
endfacet
facet normal 0.0 0.0 0.0
  outer loop
    vertex 21.226455688476562 3.8361620903015137 7.62939453125e-06
    vertex 18.697879791259766 1.3632698059082031 1.0160067081451416
    vertex 18.697879791259766 1.3632700443267822 7.152557373046875e-06
  endloop
endfacet
facet normal 0.0 0.0 0.0
  outer loop
    vertex 18.697879791259766 1.3632698059082031 1.0160067081451416
    vertex 16.5745849609375 1.3632698059082031 1.0160067081451416
    vertex 18.697879791259766 1.3632700443267822 7.152557373046875e-06
  endloop
endfacet
facet normal 0.0 0.0 0.0
  outer loop
    vertex 18.697879791259766 1.3632700443267822 7.152557373046875e-06
    vertex 16.5745849609375 1.3632698059082031 1.0160067081451416
    vertex 16.5745849609375 1.3632700443267822 7.152557373046875e-06
  endloop
endfacet
facet normal 0.0 0.0 0.0
  outer loop
    vertex 16.5745849609375 1.3632698059082031 1.0160067081451416
    vertex 16.5745849609375 3.8361618518829346 1.0160071849822998
    vertex 16.5745849609375 1.3632700443267822 7.152557373046875e-06
  endloop
endfacet
facet normal 0.0 0.0 0.0
  outer loop
    vertex 16.5745849609375 1.3632700443267822 7.152557373046875e-06
    vertex 16.5745849609375 3.8361618518829346 1.0160071849822998
    vertex 16.5745849609375 3.8361620903015137 7.62939453125e-06
  endloop
endfacet
facet normal 0.0 0.0 0.0
  outer loop
    vertex 16.5745849609375 3.8361618518829346 1.0160071849822998
    vertex 15.946414947509766 3.8361618518829346 1.0160071849822998
    vertex 16.5745849609375 3.8361620903015137 7.62939453125e-06
  endloop
endfacet
facet normal 0.0 0.0 0.0
  outer loop
    vertex 16.5745849609375 3.8361620903015137 7.62939453125e-06
    vertex 15.946414947509766 3.8361618518829346 1.0160071849822998
    vertex 15.946414947509766 3.8361620903015137 7.62939453125e-06
  endloop
endfacet
facet normal 0.0 0.0 0.0
  outer loop
    vertex 15.946414947509766 3.8361620903015137 7.62939453125e-06
    vertex 15.946414947509766 3.8361618518829346 1.0160071849822998
    vertex 15.946414947509766 -2.9752986431121826 6.4373016357421875e-06
  endloop
endfacet
facet normal 0.0 0.0 0.0
  outer loop
    vertex 15.946414947509766 -2.9752986431121826 6.4373016357421875e-06
    vertex 15.946414947509766 3.8361618518829346 1.0160071849822998
    vertex 15.946414947509766 -3.8888652324676514 1.0160057544708252
  endloop
endfacet
facet normal 0.0 0.0 0.0
  outer loop
    vertex 15.946414947509766 -2.9752986431121826 6.4373016357421875e-06
    vertex 15.946414947509766 -3.8888652324676514 1.0160057544708252
    vertex 15.946414947509766 -3.8888649940490723 6.198883056640625e-06
  endloop
endfacet
facet normal 0.0 0.0 0.0
  outer loop
    vertex 15.946414947509766 -3.8888652324676514 1.0160057544708252
    vertex 20.755786895751953 -3.8888652324676514 1.0160057544708252
    vertex 15.946414947509766 -3.8888649940490723 6.198883056640625e-06
  endloop
endfacet
facet normal 0.0 0.0 0.0
  outer loop
    vertex 15.946414947509766 -3.8888649940490723 6.198883056640625e-06
    vertex 20.755786895751953 -3.8888652324676514 1.0160057544708252
    vertex 20.755786895751953 -3.8888649940490723 6.198883056640625e-06
  endloop
endfacet
facet normal 0.0 0.0 0.0
  outer loop
    vertex 20.501785278320312 -2.3648674488067627 1.0160059928894043
    vertex 20.501785278320312 -2.3648672103881836 6.4373016357421875e-06
    vertex 20.545894622802734 -2.361006736755371 6.4373016357421875e-06
  endloop
endfacet
facet normal 0.0 0.0 0.0
  outer loop
    vertex 20.501785278320312 -2.3648674488067627 1.0160059928894043
    vertex 20.545894622802734 -2.361006736755371 6.4373016357421875e-06
    vertex 20.545894622802734 -2.36100697517395 1.0160059928894043
  endloop
endfacet
facet normal 0.0 0.0 0.0
  outer loop
    vertex 20.545894622802734 -2.36100697517395 1.0160059928894043
    vertex 20.545894622802734 -2.361006736755371 6.4373016357421875e-06
    vertex 20.588661193847656 -2.349551200866699 6.4373016357421875e-06
  endloop
endfacet
facet normal 0.0 0.0 0.0
  outer loop
    vertex 20.545894622802734 -2.36100697517395 1.0160059928894043
    vertex 20.588661193847656 -2.349551200866699 6.4373016357421875e-06
    vertex 20.588661193847656 -2.3495514392852783 1.0160059928894043
  endloop
endfacet
facet normal 0.0 0.0 0.0
  outer loop
    vertex 20.588661193847656 -2.3495514392852783 1.0160059928894043
    vertex 20.588661193847656 -2.349551200866699 6.4373016357421875e-06
    vertex 20.628787994384766 -2.330836296081543 6.4373016357421875e-06
  endloop
endfacet
facet normal 0.0 0.0 0.0
  outer loop
    vertex 20.588661193847656 -2.3495514392852783 1.0160059928894043
    vertex 20.628787994384766 -2.330836296081543 6.4373016357421875e-06
    vertex 20.628787994384766 -2.330836534500122 1.0160059928894043
  endloop
endfacet
facet normal 0.0 0.0 0.0
  outer loop
    vertex 20.628787994384766 -2.330836534500122 1.0160059928894043
    vertex 20.628787994384766 -2.330836296081543 6.4373016357421875e-06
    vertex 20.665054321289062 -2.3054418563842773 6.4373016357421875e-06
  endloop
endfacet
facet normal 0.0 0.0 0.0
  outer loop
    vertex 20.628787994384766 -2.330836534500122 1.0160059928894043
    vertex 20.665054321289062 -2.3054418563842773 6.4373016357421875e-06
    vertex 20.665054321289062 -2.3054420948028564 1.0160059928894043
  endloop
endfacet
facet normal 0.0 0.0 0.0
  outer loop
    vertex 20.665054321289062 -2.3054420948028564 1.0160059928894043
    vertex 20.665054321289062 -2.3054418563842773 6.4373016357421875e-06
    vertex 20.696361541748047 -2.274134635925293 6.4373016357421875e-06
  endloop
endfacet
facet normal 0.0 0.0 0.0
  outer loop
    vertex 20.665054321289062 -2.3054420948028564 1.0160059928894043
    vertex 20.696361541748047 -2.274134635925293 6.4373016357421875e-06
    vertex 20.696361541748047 -2.274134874343872 1.0160059928894043
  endloop
endfacet
facet normal 0.0 0.0 0.0
  outer loop
    vertex 20.696361541748047 -2.274134874343872 1.0160059928894043
    vertex 20.696361541748047 -2.274134635925293 6.4373016357421875e-06
    vertex 20.721755981445312 -2.2378644943237305 6.4373016357421875e-06
  endloop
endfacet
facet normal 0.0 0.0 0.0
  outer loop
    vertex 20.696361541748047 -2.274134874343872 1.0160059928894043
    vertex 20.721755981445312 -2.2378644943237305 6.4373016357421875e-06
    vertex 20.721755981445312 -2.2378647327423096 1.0160059928894043
  endloop
endfacet
facet normal 0.0 0.0 0.0
  outer loop
    vertex 20.721755981445312 -2.2378647327423096 1.0160059928894043
    vertex 20.721755981445312 -2.2378644943237305 6.4373016357421875e-06
    vertex 20.74047088623047 -2.1977415084838867 6.4373016357421875e-06
  endloop
endfacet
facet normal 0.0 0.0 0.0
  outer loop
    vertex 20.721755981445312 -2.2378647327423096 1.0160059928894043
    vertex 20.74047088623047 -2.1977415084838867 6.4373016357421875e-06
    vertex 20.74047088623047 -2.197741746902466 1.0160059928894043
  endloop
endfacet
facet normal 0.0 0.0 0.0
  outer loop
    vertex 20.74047088623047 -2.197741746902466 1.0160059928894043
    vertex 20.74047088623047 -2.1977415084838867 6.4373016357421875e-06
    vertex 20.75192642211914 -2.154974937438965 6.4373016357421875e-06
  endloop
endfacet
facet normal 0.0 0.0 0.0
  outer loop
    vertex 20.74047088623047 -2.197741746902466 1.0160059928894043
    vertex 20.75192642211914 -2.154974937438965 6.4373016357421875e-06
    vertex 20.75192642211914 -2.154975175857544 1.0160059928894043
  endloop
endfacet
facet normal 0.0 0.0 0.0
  outer loop
    vertex 20.75192642211914 -2.154975175857544 1.0160059928894043
    vertex 20.75192642211914 -2.154974937438965 6.4373016357421875e-06
    vertex 20.755786895751953 -2.110865592956543 6.4373016357421875e-06
  endloop
endfacet
facet normal 0.0 0.0 0.0
  outer loop
    vertex 20.75192642211914 -2.154975175857544 1.0160059928894043
    vertex 20.755786895751953 -2.110865592956543 6.4373016357421875e-06
    vertex 20.755786895751953 -2.110865831375122 1.0160059928894043
  endloop
endfacet
facet normal 0.0 0.0 0.0
  outer loop
    vertex 16.784481048583984 -0.16458474099636078 1.0160064697265625
    vertex 16.741714477539062 -0.17604409158229828 1.0160064697265625
    vertex 20.17745590209961 1.3632698059082031 1.0160067081451416
  endloop
endfacet
facet normal 0.0 0.0 0.0
  outer loop
    vertex 15.946414947509766 -3.8888652324676514 1.0160057544708252
    vertex 15.946414947509766 3.8361618518829346 1.0160071849822998
    vertex 16.5745849609375 1.3632698059082031 1.0160067081451416
  endloop
endfacet
facet normal 0.0 0.0 0.0
  outer loop
    vertex 16.5745849609375 1.3632698059082031 1.0160067081451416
    vertex 15.946414947509766 3.8361618518829346 1.0160071849822998
    vertex 16.5745849609375 3.8361618518829346 1.0160071849822998
  endloop
endfacet
facet normal 0.0 0.0 0.0
  outer loop
    vertex 20.588661193847656 -0.17604409158229828 1.0160064697265625
    vertex 20.545894622802734 -0.16458474099636078 1.0160064697265625
    vertex 20.755786895751953 1.3632698059082031 1.0160067081451416
  endloop
endfacet
facet normal 0.0 0.0 0.0
  outer loop
    vertex 20.755786895751953 1.3632698059082031 1.0160067081451416
    vertex 20.545894622802734 -0.16458474099636078 1.0160064697265625
    vertex 20.501785278320312 -0.16072426736354828 1.0160064697265625
  endloop
endfacet
facet normal 0.0 0.0 0.0
  outer loop
    vertex 20.755786895751953 1.3632698059082031 1.0160067081451416
    vertex 20.501785278320312 -0.16072426736354828 1.0160064697265625
    vertex 20.17745590209961 1.3632698059082031 1.0160067081451416
  endloop
endfacet
facet normal 0.0 0.0 0.0
  outer loop
    vertex 20.17745590209961 1.3632698059082031 1.0160067081451416
    vertex 20.501785278320312 -0.16072426736354828 1.0160064697265625
    vertex 16.828582763671875 -0.16072426736354828 1.0160064697265625
  endloop
endfacet
facet normal 0.0 0.0 0.0
  outer loop
    vertex 20.17745590209961 1.3632698059082031 1.0160067081451416
    vertex 16.828582763671875 -0.16072426736354828 1.0160064697265625
    vertex 16.784481048583984 -0.16458474099636078 1.0160064697265625
  endloop
endfacet
facet normal 0.0 0.0 0.0
  outer loop
    vertex 22.279788970947266 3.8361618518829346 1.0160071849822998
    vertex 22.279788970947266 3.419307231903076 1.0160069465637207
    vertex 21.226455688476562 3.8361618518829346 1.0160071849822998
  endloop
endfacet
facet normal 0.0 0.0 0.0
  outer loop
    vertex 21.226455688476562 3.8361618518829346 1.0160071849822998
    vertex 22.279788970947266 3.419307231903076 1.0160069465637207
    vertex 20.17745590209961 1.3632698059082031 1.0160067081451416
  endloop
endfacet
facet normal 0.0 0.0 0.0
  outer loop
    vertex 21.226455688476562 3.8361618518829346 1.0160071849822998
    vertex 20.17745590209961 1.3632698059082031 1.0160067081451416
    vertex 18.697879791259766 1.3632698059082031 1.0160067081451416
  endloop
endfacet
facet normal 0.0 0.0 0.0
  outer loop
    vertex 18.697879791259766 1.3632698059082031 1.0160067081451416
    vertex 20.17745590209961 1.3632698059082031 1.0160067081451416
    vertex 16.741714477539062 -0.17604409158229828 1.0160064697265625
  endloop
endfacet
facet normal 0.0 0.0 0.0
  outer loop
    vertex 18.697879791259766 1.3632698059082031 1.0160067081451416
    vertex 16.741714477539062 -0.17604409158229828 1.0160064697265625
    vertex 16.5745849609375 1.3632698059082031 1.0160067081451416
  endloop
endfacet
facet normal 0.0 0.0 0.0
  outer loop
    vertex 16.5745849609375 1.3632698059082031 1.0160067081451416
    vertex 16.741714477539062 -0.17604409158229828 1.0160064697265625
    vertex 16.701583862304688 -0.1947551816701889 1.0160064697265625
  endloop
endfacet
facet normal 0.0 0.0 0.0
  outer loop
    vertex 16.701583862304688 -0.1947551816701889 1.0160064697265625
    vertex 16.66531753540039 -0.22015342116355896 1.0160064697265625
    vertex 16.5745849609375 1.3632698059082031 1.0160067081451416
  endloop
endfacet
facet normal 0.0 0.0 0.0
  outer loop
    vertex 16.5745849609375 1.3632698059082031 1.0160067081451416
    vertex 16.66531753540039 -0.22015342116355896 1.0160064697265625
    vertex 16.634010314941406 -0.25146064162254333 1.0160064697265625
  endloop
endfacet
facet normal 0.0 0.0 0.0
  outer loop
    vertex 16.5745849609375 1.3632698059082031 1.0160067081451416
    vertex 16.634010314941406 -0.25146064162254333 1.0160064697265625
    vertex 16.60861587524414 -0.2877231538295746 1.0160064697265625
  endloop
endfacet
facet normal 0.0 0.0 0.0
  outer loop
    vertex 16.5745849609375 -2.110865831375122 1.0160059928894043
    vertex 16.578445434570312 -2.154975175857544 1.0160059928894043
    vertex 15.946414947509766 -3.8888652324676514 1.0160057544708252
  endloop
endfacet
facet normal 0.0 0.0 0.0
  outer loop
    vertex 16.578445434570312 -2.154975175857544 1.0160059928894043
    vertex 16.58990478515625 -2.197741746902466 1.0160059928894043
    vertex 15.946414947509766 -3.8888652324676514 1.0160057544708252
  endloop
endfacet
facet normal 0.0 0.0 0.0
  outer loop
    vertex 15.946414947509766 -3.8888652324676514 1.0160057544708252
    vertex 16.58990478515625 -2.197741746902466 1.0160059928894043
    vertex 16.60861587524414 -2.2378647327423096 1.0160059928894043
  endloop
endfacet
facet normal 0.0 0.0 0.0
  outer loop
    vertex 15.946414947509766 -3.8888652324676514 1.0160057544708252
    vertex 16.60861587524414 -2.2378647327423096 1.0160059928894043
    vertex 16.634010314941406 -2.274134874343872 1.0160059928894043
  endloop
endfacet
facet normal 0.0 0.0 0.0
  outer loop
    vertex 16.634010314941406 -2.274134874343872 1.0160059928894043
    vertex 16.66531753540039 -2.3054420948028564 1.0160059928894043
    vertex 15.946414947509766 -3.8888652324676514 1.0160057544708252
  endloop
endfacet
facet normal 0.0 0.0 0.0
  outer loop
    vertex 15.946414947509766 -3.8888652324676514 1.0160057544708252
    vertex 16.66531753540039 -2.3054420948028564 1.0160059928894043
    vertex 16.701583862304688 -2.330836534500122 1.0160059928894043
  endloop
endfacet
facet normal 0.0 0.0 0.0
  outer loop
    vertex 15.946414947509766 -3.8888652324676514 1.0160057544708252
    vertex 16.701583862304688 -2.330836534500122 1.0160059928894043
    vertex 16.741714477539062 -2.3495514392852783 1.0160059928894043
  endloop
endfacet
facet normal 0.0 0.0 0.0
  outer loop
    vertex 16.60861587524414 -0.2877231538295746 1.0160064697265625
    vertex 16.58990478515625 -0.3278537392616272 1.0160064697265625
    vertex 16.5745849609375 1.3632698059082031 1.0160067081451416
  endloop
endfacet
facet normal 0.0 0.0 0.0
  outer loop
    vertex 16.5745849609375 1.3632698059082031 1.0160067081451416
    vertex 16.58990478515625 -0.3278537392616272 1.0160064697265625
    vertex 16.578445434570312 -0.3706203103065491 1.0160064697265625
  endloop
endfacet
facet normal 0.0 0.0 0.0
  outer loop
    vertex 16.5745849609375 1.3632698059082031 1.0160067081451416
    vertex 16.578445434570312 -0.3706203103065491 1.0160064697265625
    vertex 15.946414947509766 -3.8888652324676514 1.0160057544708252
  endloop
endfacet
facet normal 0.0 0.0 0.0
  outer loop
    vertex 15.946414947509766 -3.8888652324676514 1.0160057544708252
    vertex 16.578445434570312 -0.3706203103065491 1.0160064697265625
    vertex 16.5745849609375 -0.4147258400917053 1.0160062313079834
  endloop
endfacet
facet normal 0.0 0.0 0.0
  outer loop
    vertex 15.946414947509766 -3.8888652324676514 1.0160057544708252
    vertex 16.5745849609375 -0.4147258400917053 1.0160062313079834
    vertex 16.5745849609375 -2.110865831375122 1.0160059928894043
  endloop
endfacet
facet normal 0.0 0.0 0.0
  outer loop
    vertex 20.74047088623047 -2.197741746902466 1.0160059928894043
    vertex 20.75192642211914 -2.154975175857544 1.0160059928894043
    vertex 22.279788970947266 -2.3648674488067627 1.0160059928894043
  endloop
endfacet
facet normal 0.0 0.0 0.0
  outer loop
    vertex 22.279788970947266 -2.3648674488067627 1.0160059928894043
    vertex 20.75192642211914 -2.154975175857544 1.0160059928894043
    vertex 20.755786895751953 -2.110865831375122 1.0160059928894043
  endloop
endfacet
facet normal 0.0 0.0 0.0
  outer loop
    vertex 22.279788970947266 -2.3648674488067627 1.0160059928894043
    vertex 20.755786895751953 -2.110865831375122 1.0160059928894043
    vertex 22.279788970947266 -0.16072426736354828 1.0160064697265625
  endloop
endfacet
facet normal 0.0 0.0 0.0
  outer loop
    vertex 20.755786895751953 1.3632698059082031 1.0160067081451416
    vertex 21.020427703857422 1.340118408203125 1.0160067081451416
    vertex 20.588661193847656 -0.17604409158229828 1.0160064697265625
  endloop
endfacet
facet normal 0.0 0.0 0.0
  outer loop
    vertex 20.588661193847656 -0.17604409158229828 1.0160064697265625
    vertex 21.020427703857422 1.340118408203125 1.0160067081451416
    vertex 21.277027130126953 1.2713661193847656 1.0160067081451416
  endloop
endfacet
facet normal 0.0 0.0 0.0
  outer loop
    vertex 20.588661193847656 -0.17604409158229828 1.0160064697265625
    vertex 21.277027130126953 1.2713661193847656 1.0160067081451416
    vertex 20.628787994384766 -0.1947551816701889 1.0160064697265625
  endloop
endfacet
facet normal 0.0 0.0 0.0
  outer loop
    vertex 20.628787994384766 -0.1947551816701889 1.0160064697265625
    vertex 21.277027130126953 1.2713661193847656 1.0160067081451416
    vertex 21.51778793334961 1.1590958833694458 1.0160067081451416
  endloop
endfacet
facet normal 0.0 0.0 0.0
  outer loop
    vertex 20.628787994384766 -0.1947551816701889 1.0160064697265625
    vertex 21.51778793334961 1.1590958833694458 1.0160067081451416
    vertex 20.665054321289062 -0.22015342116355896 1.0160064697265625
  endloop
endfacet
facet normal 0.0 0.0 0.0
  outer loop
    vertex 20.665054321289062 -0.22015342116355896 1.0160064697265625
    vertex 21.51778793334961 1.1590958833694458 1.0160067081451416
    vertex 21.735397338867188 1.0067254304885864 1.0160067081451416
  endloop
endfacet
facet normal 0.0 0.0 0.0
  outer loop
    vertex 20.665054321289062 -0.22015342116355896 1.0160064697265625
    vertex 21.735397338867188 1.0067254304885864 1.0160067081451416
    vertex 20.696361541748047 -0.25146064162254333 1.0160064697265625
  endloop
endfacet
facet normal 0.0 0.0 0.0
  outer loop
    vertex 20.696361541748047 -0.25146064162254333 1.0160064697265625
    vertex 21.735397338867188 1.0067254304885864 1.0160067081451416
    vertex 21.923236846923828 0.8188782930374146 1.0160064697265625
  endloop
endfacet
facet normal 0.0 0.0 0.0
  outer loop
    vertex 20.696361541748047 -0.25146064162254333 1.0160064697265625
    vertex 21.923236846923828 0.8188782930374146 1.0160064697265625
    vertex 20.721755981445312 -0.2877231538295746 1.0160064697265625
  endloop
endfacet
facet normal 0.0 0.0 0.0
  outer loop
    vertex 16.741714477539062 -2.3495514392852783 1.0160059928894043
    vertex 16.784481048583984 -2.36100697517395 1.0160059928894043
    vertex 15.946414947509766 -3.8888652324676514 1.0160057544708252
  endloop
endfacet
facet normal 0.0 0.0 0.0
  outer loop
    vertex 15.946414947509766 -3.8888652324676514 1.0160057544708252
    vertex 16.784481048583984 -2.36100697517395 1.0160059928894043
    vertex 16.828582763671875 -2.3648674488067627 1.0160059928894043
  endloop
endfacet
facet normal 0.0 0.0 0.0
  outer loop
    vertex 15.946414947509766 -3.8888652324676514 1.0160057544708252
    vertex 16.828582763671875 -2.3648674488067627 1.0160059928894043
    vertex 20.755786895751953 -3.8888652324676514 1.0160057544708252
  endloop
endfacet
facet normal 0.0 0.0 0.0
  outer loop
    vertex 16.828582763671875 -2.3648674488067627 1.0160059928894043
    vertex 20.501785278320312 -2.3648674488067627 1.0160059928894043
    vertex 20.755786895751953 -3.8888652324676514 1.0160057544708252
  endloop
endfacet
facet normal 0.0 0.0 0.0
  outer loop
    vertex 20.755786895751953 -3.8888652324676514 1.0160057544708252
    vertex 20.501785278320312 -2.3648674488067627 1.0160059928894043
    vertex 20.545894622802734 -2.36100697517395 1.0160059928894043
  endloop
endfacet
facet normal 0.0 0.0 0.0
  outer loop
    vertex 20.755786895751953 -3.8888652324676514 1.0160057544708252
    vertex 20.545894622802734 -2.36100697517395 1.0160059928894043
    vertex 21.020427703857422 -3.8657138347625732 1.0160057544708252
  endloop
endfacet
facet normal 0.0 0.0 0.0
  outer loop
    vertex 21.020427703857422 -3.8657138347625732 1.0160057544708252
    vertex 20.545894622802734 -2.36100697517395 1.0160059928894043
    vertex 20.588661193847656 -2.3495514392852783 1.0160059928894043
  endloop
endfacet
facet normal 0.0 0.0 0.0
  outer loop
    vertex 21.020427703857422 -3.8657138347625732 1.0160057544708252
    vertex 20.588661193847656 -2.3495514392852783 1.0160059928894043
    vertex 21.277027130126953 -3.7969577312469482 1.0160057544708252
  endloop
endfacet
facet normal 0.0 0.0 0.0
  outer loop
    vertex 21.277027130126953 -3.7969577312469482 1.0160057544708252
    vertex 20.588661193847656 -2.3495514392852783 1.0160059928894043
    vertex 20.628787994384766 -2.330836534500122 1.0160059928894043
  endloop
endfacet
facet normal 0.0 0.0 0.0
  outer loop
    vertex 22.279788970947266 -2.3648674488067627 1.0160059928894043
    vertex 22.256633758544922 -2.6295042037963867 1.0160059928894043
    vertex 20.74047088623047 -2.197741746902466 1.0160059928894043
  endloop
endfacet
facet normal 0.0 0.0 0.0
  outer loop
    vertex 20.74047088623047 -2.197741746902466 1.0160059928894043
    vertex 22.256633758544922 -2.6295042037963867 1.0160059928894043
    vertex 22.187877655029297 -2.8861074447631836 1.0160059928894043
  endloop
endfacet
facet normal 0.0 0.0 0.0
  outer loop
    vertex 20.74047088623047 -2.197741746902466 1.0160059928894043
    vertex 22.187877655029297 -2.8861074447631836 1.0160059928894043
    vertex 20.721755981445312 -2.2378647327423096 1.0160059928894043
  endloop
endfacet
facet normal 0.0 0.0 0.0
  outer loop
    vertex 20.721755981445312 -2.2378647327423096 1.0160059928894043
    vertex 22.187877655029297 -2.8861074447631836 1.0160059928894043
    vertex 22.075611114501953 -3.12686824798584 1.0160057544708252
  endloop
endfacet
facet normal 0.0 0.0 0.0
  outer loop
    vertex 20.721755981445312 -2.2378647327423096 1.0160059928894043
    vertex 22.075611114501953 -3.12686824798584 1.0160057544708252
    vertex 20.696361541748047 -2.274134874343872 1.0160059928894043
  endloop
endfacet
facet normal 0.0 0.0 0.0
  outer loop
    vertex 20.696361541748047 -2.274134874343872 1.0160059928894043
    vertex 22.075611114501953 -3.12686824798584 1.0160057544708252
    vertex 21.923236846923828 -3.3444738388061523 1.0160057544708252
  endloop
endfacet
facet normal 0.0 0.0 0.0
  outer loop
    vertex 20.696361541748047 -2.274134874343872 1.0160059928894043
    vertex 21.923236846923828 -3.3444738388061523 1.0160057544708252
    vertex 20.665054321289062 -2.3054420948028564 1.0160059928894043
  endloop
endfacet
facet normal 0.0 0.0 0.0
  outer loop
    vertex 20.665054321289062 -2.3054420948028564 1.0160059928894043
    vertex 21.923236846923828 -3.3444738388061523 1.0160057544708252
    vertex 21.735397338867188 -3.5323169231414795 1.0160057544708252
  endloop
endfacet
facet normal 0.0 0.0 0.0
  outer loop
    vertex 20.665054321289062 -2.3054420948028564 1.0160059928894043
    vertex 21.735397338867188 -3.5323169231414795 1.0160057544708252
    vertex 20.628787994384766 -2.330836534500122 1.0160059928894043
  endloop
endfacet
facet normal 0.0 0.0 0.0
  outer loop
    vertex 20.628787994384766 -2.330836534500122 1.0160059928894043
    vertex 21.735397338867188 -3.5323169231414795 1.0160057544708252
    vertex 21.51778793334961 -3.6846911907196045 1.0160057544708252
  endloop
endfacet
facet normal 0.0 0.0 0.0
  outer loop
    vertex 20.628787994384766 -2.330836534500122 1.0160059928894043
    vertex 21.51778793334961 -3.6846911907196045 1.0160057544708252
    vertex 21.277027130126953 -3.7969577312469482 1.0160057544708252
  endloop
endfacet
facet normal 0.0 0.0 0.0
  outer loop
    vertex 21.923236846923828 0.8188782930374146 1.0160064697265625
    vertex 22.075611114501953 0.6012727618217468 1.0160064697265625
    vertex 20.721755981445312 -0.2877231538295746 1.0160064697265625
  endloop
endfacet
facet normal 0.0 0.0 0.0
  outer loop
    vertex 20.721755981445312 -0.2877231538295746 1.0160064697265625
    vertex 22.075611114501953 0.6012727618217468 1.0160064697265625
    vertex 22.187877655029297 0.36051201820373535 1.0160064697265625
  endloop
endfacet
facet normal 0.0 0.0 0.0
  outer loop
    vertex 20.721755981445312 -0.2877231538295746 1.0160064697265625
    vertex 22.187877655029297 0.36051201820373535 1.0160064697265625
    vertex 20.74047088623047 -0.3278537392616272 1.0160064697265625
  endloop
endfacet
facet normal 0.0 0.0 0.0
  outer loop
    vertex 20.74047088623047 -0.3278537392616272 1.0160064697265625
    vertex 22.187877655029297 0.36051201820373535 1.0160064697265625
    vertex 22.256633758544922 0.1039164811372757 1.0160064697265625
  endloop
endfacet
facet normal 0.0 0.0 0.0
  outer loop
    vertex 20.74047088623047 -0.3278537392616272 1.0160064697265625
    vertex 22.256633758544922 0.1039164811372757 1.0160064697265625
    vertex 20.75192642211914 -0.3706203103065491 1.0160064697265625
  endloop
endfacet
facet normal 0.0 0.0 0.0
  outer loop
    vertex 20.75192642211914 -0.3706203103065491 1.0160064697265625
    vertex 22.256633758544922 0.1039164811372757 1.0160064697265625
    vertex 22.279788970947266 -0.16072426736354828 1.0160064697265625
  endloop
endfacet
facet normal 0.0 0.0 0.0
  outer loop
    vertex 20.75192642211914 -0.3706203103065491 1.0160064697265625
    vertex 22.279788970947266 -0.16072426736354828 1.0160064697265625
    vertex 20.755786895751953 -0.4147258400917053 1.0160062313079834
  endloop
endfacet
facet normal 0.0 0.0 0.0
  outer loop
    vertex 20.755786895751953 -0.4147258400917053 1.0160062313079834
    vertex 22.279788970947266 -0.16072426736354828 1.0160064697265625
    vertex 20.755786895751953 -2.110865831375122 1.0160059928894043
  endloop
endfacet
facet normal 0.0 0.0 0.0
  outer loop
    vertex 7.831947326660156 3.8361620903015137 7.62939453125e-06
    vertex 7.831947326660156 3.8361618518829346 1.0160071849822998
    vertex 7.831947326660156 -2.9752986431121826 6.4373016357421875e-06
  endloop
endfacet
facet normal 0.0 0.0 0.0
  outer loop
    vertex 7.831947326660156 -2.9752986431121826 6.4373016357421875e-06
    vertex 7.831947326660156 3.8361618518829346 1.0160071849822998
    vertex 7.831947326660156 -3.8888652324676514 1.0160057544708252
  endloop
endfacet
facet normal 0.0 0.0 0.0
  outer loop
    vertex 7.831947326660156 -2.9752986431121826 6.4373016357421875e-06
    vertex 7.831947326660156 -3.8888652324676514 1.0160057544708252
    vertex 7.831947326660156 -3.8888649940490723 6.198883056640625e-06
  endloop
endfacet
facet normal 0.0 0.0 0.0
  outer loop
    vertex 7.831947326660156 -3.8888652324676514 1.0160057544708252
    vertex 13.702877044677734 -3.8888652324676514 1.0160057544708252
    vertex 7.831947326660156 -3.8888649940490723 6.198883056640625e-06
  endloop
endfacet
facet normal 0.0 0.0 0.0
  outer loop
    vertex 7.831947326660156 -3.8888649940490723 6.198883056640625e-06
    vertex 13.702877044677734 -3.8888652324676514 1.0160057544708252
    vertex 13.702877044677734 -3.8888649940490723 6.198883056640625e-06
  endloop
endfacet
facet normal 0.0 0.0 0.0
  outer loop
    vertex 13.702877044677734 -3.8888649940490723 6.198883056640625e-06
    vertex 13.702877044677734 -3.8888652324676514 1.0160057544708252
    vertex 13.702877044677734 -2.9752986431121826 6.4373016357421875e-06
  endloop
endfacet
facet normal 0.0 0.0 0.0
  outer loop
    vertex 13.702877044677734 -2.9752986431121826 6.4373016357421875e-06
    vertex 13.702877044677734 -3.8888652324676514 1.0160057544708252
    vertex 13.702877044677734 -2.3648674488067627 1.0160059928894043
  endloop
endfacet
facet normal 0.0 0.0 0.0
  outer loop
    vertex 13.702877044677734 -2.9752986431121826 6.4373016357421875e-06
    vertex 13.702877044677734 -2.3648674488067627 1.0160059928894043
    vertex 13.702877044677734 -2.3648672103881836 6.4373016357421875e-06
  endloop
endfacet
facet normal 0.0 0.0 0.0
  outer loop
    vertex 13.702877044677734 -2.3648674488067627 1.0160059928894043
    vertex 8.974842071533203 -2.3648674488067627 1.0160059928894043
    vertex 13.702877044677734 -2.3648672103881836 6.4373016357421875e-06
  endloop
endfacet
facet normal 0.0 0.0 0.0
  outer loop
    vertex 13.702877044677734 -2.3648672103881836 6.4373016357421875e-06
    vertex 8.974842071533203 -2.3648674488067627 1.0160059928894043
    vertex 8.974842071533203 -2.3648672103881836 6.4373016357421875e-06
  endloop
endfacet
facet normal 0.0 0.0 0.0
  outer loop
    vertex 8.974842071533203 -2.3648674488067627 1.0160059928894043
    vertex 8.974842071533203 -0.6899828910827637 1.0160062313079834
    vertex 8.974842071533203 -2.3648672103881836 6.4373016357421875e-06
  endloop
endfacet
facet normal 0.0 0.0 0.0
  outer loop
    vertex 8.974842071533203 -2.3648672103881836 6.4373016357421875e-06
    vertex 8.974842071533203 -0.6899828910827637 1.0160062313079834
    vertex 8.974842071533203 -0.6899827122688293 6.67572021484375e-06
  endloop
endfacet
facet normal 0.0 0.0 0.0
  outer loop
    vertex 8.974842071533203 -0.6899828910827637 1.0160062313079834
    vertex 12.030834197998047 -0.6899828910827637 1.0160062313079834
    vertex 8.974842071533203 -0.6899827122688293 6.67572021484375e-06
  endloop
endfacet
facet normal 0.0 0.0 0.0
  outer loop
    vertex 8.974842071533203 -0.6899827122688293 6.67572021484375e-06
    vertex 12.030834197998047 -0.6899828910827637 1.0160062313079834
    vertex 12.030834197998047 -0.6899827122688293 6.67572021484375e-06
  endloop
endfacet
facet normal 0.0 0.0 0.0
  outer loop
    vertex 12.030834197998047 -0.6899828910827637 1.0160062313079834
    vertex 12.030834197998047 0.6024972796440125 1.0160064697265625
    vertex 12.030834197998047 -0.6899827122688293 6.67572021484375e-06
  endloop
endfacet
facet normal 0.0 0.0 0.0
  outer loop
    vertex 12.030834197998047 -0.6899827122688293 6.67572021484375e-06
    vertex 12.030834197998047 0.6024972796440125 1.0160064697265625
    vertex 12.030834197998047 0.6024974584579468 6.9141387939453125e-06
  endloop
endfacet
facet normal 0.0 0.0 0.0
  outer loop
    vertex 12.030834197998047 0.6024972796440125 1.0160064697265625
    vertex 8.974842071533203 0.6024972796440125 1.0160064697265625
    vertex 12.030834197998047 0.6024974584579468 6.9141387939453125e-06
  endloop
endfacet
facet normal 0.0 0.0 0.0
  outer loop
    vertex 12.030834197998047 0.6024974584579468 6.9141387939453125e-06
    vertex 8.974842071533203 0.6024972796440125 1.0160064697265625
    vertex 8.974842071533203 0.6024974584579468 6.9141387939453125e-06
  endloop
endfacet
facet normal 0.0 0.0 0.0
  outer loop
    vertex 8.974842071533203 0.6024972796440125 1.0160064697265625
    vertex 8.974842071533203 2.838183879852295 1.0160069465637207
    vertex 8.974842071533203 0.6024974584579468 6.9141387939453125e-06
  endloop
endfacet
facet normal 0.0 0.0 0.0
  outer loop
    vertex 8.974842071533203 0.6024974584579468 6.9141387939453125e-06
    vertex 8.974842071533203 2.838183879852295 1.0160069465637207
    vertex 8.974842071533203 2.838184118270874 7.3909759521484375e-06
  endloop
endfacet
facet normal 0.0 0.0 0.0
  outer loop
    vertex 8.974842071533203 2.838183879852295 1.0160069465637207
    vertex 13.702877044677734 2.838183879852295 1.0160069465637207
    vertex 8.974842071533203 2.838184118270874 7.3909759521484375e-06
  endloop
endfacet
facet normal 0.0 0.0 0.0
  outer loop
    vertex 8.974842071533203 2.838184118270874 7.3909759521484375e-06
    vertex 13.702877044677734 2.838183879852295 1.0160069465637207
    vertex 13.702877044677734 2.838184118270874 7.3909759521484375e-06
  endloop
endfacet
facet normal 0.0 0.0 0.0
  outer loop
    vertex 13.702877044677734 2.838183879852295 1.0160069465637207
    vertex 13.702877044677734 3.8361618518829346 1.0160071849822998
    vertex 13.702877044677734 2.838184118270874 7.3909759521484375e-06
  endloop
endfacet
facet normal 0.0 0.0 0.0
  outer loop
    vertex 13.702877044677734 2.838184118270874 7.3909759521484375e-06
    vertex 13.702877044677734 3.8361618518829346 1.0160071849822998
    vertex 13.702877044677734 3.8361620903015137 7.62939453125e-06
  endloop
endfacet
facet normal 0.0 0.0 0.0
  outer loop
    vertex 13.702877044677734 3.8361618518829346 1.0160071849822998
    vertex 7.831947326660156 3.8361618518829346 1.0160071849822998
    vertex 13.702877044677734 3.8361620903015137 7.62939453125e-06
  endloop
endfacet
facet normal 0.0 0.0 0.0
  outer loop
    vertex 13.702877044677734 3.8361620903015137 7.62939453125e-06
    vertex 7.831947326660156 3.8361618518829346 1.0160071849822998
    vertex 7.831947326660156 3.8361620903015137 7.62939453125e-06
  endloop
endfacet
facet normal 0.0 0.0 0.0
  outer loop
    vertex 7.831947326660156 3.8361618518829346 1.0160071849822998
    vertex 13.702877044677734 3.8361618518829346 1.0160071849822998
    vertex 13.702877044677734 2.838183879852295 1.0160069465637207
  endloop
endfacet
facet normal 0.0 0.0 0.0
  outer loop
    vertex 13.702877044677734 2.838183879852295 1.0160069465637207
    vertex 8.974842071533203 2.838183879852295 1.0160069465637207
    vertex 7.831947326660156 3.8361618518829346 1.0160071849822998
  endloop
endfacet
facet normal 0.0 0.0 0.0
  outer loop
    vertex 7.831947326660156 3.8361618518829346 1.0160071849822998
    vertex 8.974842071533203 2.838183879852295 1.0160069465637207
    vertex 8.974842071533203 0.6024972796440125 1.0160064697265625
  endloop
endfacet
facet normal 0.0 0.0 0.0
  outer loop
    vertex 7.831947326660156 3.8361618518829346 1.0160071849822998
    vertex 8.974842071533203 0.6024972796440125 1.0160064697265625
    vertex 7.831947326660156 -3.8888652324676514 1.0160057544708252
  endloop
endfacet
facet normal 0.0 0.0 0.0
  outer loop
    vertex 13.702877044677734 -2.3648674488067627 1.0160059928894043
    vertex 13.702877044677734 -3.8888652324676514 1.0160057544708252
    vertex 8.974842071533203 -2.3648674488067627 1.0160059928894043
  endloop
endfacet
facet normal 0.0 0.0 0.0
  outer loop
    vertex 8.974842071533203 -2.3648674488067627 1.0160059928894043
    vertex 13.702877044677734 -3.8888652324676514 1.0160057544708252
    vertex 7.831947326660156 -3.8888652324676514 1.0160057544708252
  endloop
endfacet
facet normal 0.0 0.0 0.0
  outer loop
    vertex 8.974842071533203 -2.3648674488067627 1.0160059928894043
    vertex 7.831947326660156 -3.8888652324676514 1.0160057544708252
    vertex 8.974842071533203 -0.6899828910827637 1.0160062313079834
  endloop
endfacet
facet normal 0.0 0.0 0.0
  outer loop
    vertex 8.974842071533203 -0.6899828910827637 1.0160062313079834
    vertex 7.831947326660156 -3.8888652324676514 1.0160057544708252
    vertex 8.974842071533203 0.6024972796440125 1.0160064697265625
  endloop
endfacet
facet normal 0.0 0.0 0.0
  outer loop
    vertex 8.974842071533203 -0.6899828910827637 1.0160062313079834
    vertex 8.974842071533203 0.6024972796440125 1.0160064697265625
    vertex 12.030834197998047 -0.6899828910827637 1.0160062313079834
  endloop
endfacet
facet normal 0.0 0.0 0.0
  outer loop
    vertex 12.030834197998047 -0.6899828910827637 1.0160062313079834
    vertex 8.974842071533203 0.6024972796440125 1.0160064697265625
    vertex 12.030834197998047 0.6024972796440125 1.0160064697265625
  endloop
endfacet
facet normal 0.0 0.0 0.0
  outer loop
    vertex 4.151500701904297 -3.026961326599121 1.0160059928894043
    vertex 4.151500701904297 -3.026961088180542 6.4373016357421875e-06
    vertex 4.239715576171875 -3.019240140914917 6.4373016357421875e-06
  endloop
endfacet
facet normal 0.0 0.0 0.0
  outer loop
    vertex 4.151500701904297 -3.026961326599121 1.0160059928894043
    vertex 4.239715576171875 -3.019240140914917 6.4373016357421875e-06
    vertex 4.239715576171875 -3.019240379333496 1.0160059928894043
  endloop
endfacet
facet normal 0.0 0.0 0.0
  outer loop
    vertex 4.239715576171875 -3.019240379333496 1.0160059928894043
    vertex 4.239715576171875 -3.019240140914917 6.4373016357421875e-06
    vertex 4.325248718261719 -2.996321439743042 6.4373016357421875e-06
  endloop
endfacet
facet normal 0.0 0.0 0.0
  outer loop
    vertex 4.239715576171875 -3.019240379333496 1.0160059928894043
    vertex 4.325248718261719 -2.996321439743042 6.4373016357421875e-06
    vertex 4.325248718261719 -2.996321678161621 1.0160059928894043
  endloop
endfacet
facet normal 0.0 0.0 0.0
  outer loop
    vertex 4.325248718261719 -2.996321678161621 1.0160059928894043
    vertex 4.325248718261719 -2.996321439743042 6.4373016357421875e-06
    vertex 4.370338439941406 -2.9752986431121826 6.4373016357421875e-06
  endloop
endfacet
facet normal 0.0 0.0 0.0
  outer loop
    vertex 4.325248718261719 -2.996321678161621 1.0160059928894043
    vertex 4.370338439941406 -2.9752986431121826 6.4373016357421875e-06
    vertex 4.4055023193359375 -2.9589033126831055 1.0160059928894043
  endloop
endfacet
facet normal 0.0 0.0 0.0
  outer loop
    vertex 4.370338439941406 -2.9752986431121826 6.4373016357421875e-06
    vertex 4.4055023193359375 -2.9589030742645264 6.4373016357421875e-06
    vertex 4.4055023193359375 -2.9589033126831055 1.0160059928894043
  endloop
endfacet
facet normal 0.0 0.0 0.0
  outer loop
    vertex 4.4055023193359375 -2.9589033126831055 1.0160059928894043
    vertex 4.4055023193359375 -2.9589030742645264 6.4373016357421875e-06
    vertex 4.478038787841797 -2.9081103801727295 6.4373016357421875e-06
  endloop
endfacet
facet normal 0.0 0.0 0.0
  outer loop
    vertex 4.4055023193359375 -2.9589033126831055 1.0160059928894043
    vertex 4.478038787841797 -2.9081103801727295 6.4373016357421875e-06
    vertex 4.478038787841797 -2.9081106185913086 1.0160059928894043
  endloop
endfacet
facet normal 0.0 0.0 0.0
  outer loop
    vertex 4.478038787841797 -2.9081106185913086 1.0160059928894043
    vertex 4.478038787841797 -2.9081103801727295 6.4373016357421875e-06
    vertex 4.540653228759766 -2.8454959392547607 6.4373016357421875e-06
  endloop
endfacet
facet normal 0.0 0.0 0.0
  outer loop
    vertex 4.478038787841797 -2.9081106185913086 1.0160059928894043
    vertex 4.540653228759766 -2.8454959392547607 6.4373016357421875e-06
    vertex 4.540653228759766 -2.84549617767334 1.0160059928894043
  endloop
endfacet
facet normal 0.0 0.0 0.0
  outer loop
    vertex 4.540653228759766 -2.84549617767334 1.0160059928894043
    vertex 4.540653228759766 -2.8454959392547607 6.4373016357421875e-06
    vertex 4.591442108154297 -2.7729594707489014 6.4373016357421875e-06
  endloop
endfacet
facet normal 0.0 0.0 0.0
  outer loop
    vertex 4.540653228759766 -2.84549617767334 1.0160059928894043
    vertex 4.591442108154297 -2.7729594707489014 6.4373016357421875e-06
    vertex 4.591442108154297 -2.7729597091674805 1.0160059928894043
  endloop
endfacet
facet normal 0.0 0.0 0.0
  outer loop
    vertex 4.591442108154297 -2.7729597091674805 1.0160059928894043
    vertex 4.591442108154297 -2.7729594707489014 6.4373016357421875e-06
    vertex 4.628868103027344 -2.6927058696746826 6.4373016357421875e-06
  endloop
endfacet
facet normal 0.0 0.0 0.0
  outer loop
    vertex 4.591442108154297 -2.7729597091674805 1.0160059928894043
    vertex 4.628868103027344 -2.6927058696746826 6.4373016357421875e-06
    vertex 4.628868103027344 -2.6927061080932617 1.0160059928894043
  endloop
endfacet
facet normal 0.0 0.0 0.0
  outer loop
    vertex 4.628868103027344 -2.6927061080932617 1.0160059928894043
    vertex 4.628868103027344 -2.6927058696746826 6.4373016357421875e-06
    vertex 4.651786804199219 -2.607172727584839 6.4373016357421875e-06
  endloop
endfacet
facet normal 0.0 0.0 0.0
  outer loop
    vertex 4.628868103027344 -2.6927061080932617 1.0160059928894043
    vertex 4.651786804199219 -2.607172727584839 6.4373016357421875e-06
    vertex 4.651786804199219 -2.607172966003418 1.0160059928894043
  endloop
endfacet
facet normal 0.0 0.0 0.0
  outer loop
    vertex 4.651786804199219 -2.607172966003418 1.0160059928894043
    vertex 4.651786804199219 -2.607172727584839 6.4373016357421875e-06
    vertex 4.659503936767578 -2.5189616680145264 6.4373016357421875e-06
  endloop
endfacet
facet normal 0.0 0.0 0.0
  outer loop
    vertex 4.651786804199219 -2.607172966003418 1.0160059928894043
    vertex 4.659503936767578 -2.5189616680145264 6.4373016357421875e-06
    vertex 4.659503936767578 -2.5189619064331055 1.0160059928894043
  endloop
endfacet
facet normal 0.0 0.0 0.0
  outer loop
    vertex 4.151500701904297 -3.026961326599121 1.0160059928894043
    vertex 0.9787254333496094 -3.026961326599121 1.0160059928894043
    vertex 4.151500701904297 -3.026961088180542 6.4373016357421875e-06
  endloop
endfacet
facet normal 0.0 0.0 0.0
  outer loop
    vertex 4.151500701904297 -3.026961088180542 6.4373016357421875e-06
    vertex 0.9787254333496094 -3.026961326599121 1.0160059928894043
    vertex 0.9787254333496094 -3.026961088180542 6.4373016357421875e-06
  endloop
endfacet
facet normal 0.0 0.0 0.0
  outer loop
    vertex 0.47072601318359375 -2.5189619064331055 1.0160059928894043
    vertex 0.47072601318359375 -2.5189616680145264 6.4373016357421875e-06
    vertex 0.4784393310546875 -2.607172727584839 6.4373016357421875e-06
  endloop
endfacet
facet normal 0.0 0.0 0.0
  outer loop
    vertex 0.47072601318359375 -2.5189619064331055 1.0160059928894043
    vertex 0.4784393310546875 -2.607172727584839 6.4373016357421875e-06
    vertex 0.4784393310546875 -2.607172966003418 1.0160059928894043
  endloop
endfacet
facet normal 0.0 0.0 0.0
  outer loop
    vertex 0.4784393310546875 -2.607172966003418 1.0160059928894043
    vertex 0.4784393310546875 -2.607172727584839 6.4373016357421875e-06
    vertex 0.5013580322265625 -2.6927058696746826 6.4373016357421875e-06
  endloop
endfacet
facet normal 0.0 0.0 0.0
  outer loop
    vertex 0.4784393310546875 -2.607172966003418 1.0160059928894043
    vertex 0.5013580322265625 -2.6927058696746826 6.4373016357421875e-06
    vertex 0.5013580322265625 -2.6927061080932617 1.0160059928894043
  endloop
endfacet
facet normal 0.0 0.0 0.0
  outer loop
    vertex 0.5013580322265625 -2.6927061080932617 1.0160059928894043
    vertex 0.5013580322265625 -2.6927058696746826 6.4373016357421875e-06
    vertex 0.5387840270996094 -2.7729594707489014 6.4373016357421875e-06
  endloop
endfacet
facet normal 0.0 0.0 0.0
  outer loop
    vertex 0.5013580322265625 -2.6927061080932617 1.0160059928894043
    vertex 0.5387840270996094 -2.7729594707489014 6.4373016357421875e-06
    vertex 0.5387840270996094 -2.7729597091674805 1.0160059928894043
  endloop
endfacet
facet normal 0.0 0.0 0.0
  outer loop
    vertex 0.5387840270996094 -2.7729597091674805 1.0160059928894043
    vertex 0.5387840270996094 -2.7729594707489014 6.4373016357421875e-06
    vertex 0.5895729064941406 -2.8454959392547607 6.4373016357421875e-06
  endloop
endfacet
facet normal 0.0 0.0 0.0
  outer loop
    vertex 0.5387840270996094 -2.7729597091674805 1.0160059928894043
    vertex 0.5895729064941406 -2.8454959392547607 6.4373016357421875e-06
    vertex 0.5895729064941406 -2.84549617767334 1.0160059928894043
  endloop
endfacet
facet normal 0.0 0.0 0.0
  outer loop
    vertex 0.5895729064941406 -2.84549617767334 1.0160059928894043
    vertex 0.5895729064941406 -2.8454959392547607 6.4373016357421875e-06
    vertex 0.6521873474121094 -2.9081103801727295 6.4373016357421875e-06
  endloop
endfacet
facet normal 0.0 0.0 0.0
  outer loop
    vertex 0.5895729064941406 -2.84549617767334 1.0160059928894043
    vertex 0.6521873474121094 -2.9081103801727295 6.4373016357421875e-06
    vertex 0.6521873474121094 -2.9081106185913086 1.0160059928894043
  endloop
endfacet
facet normal 0.0 0.0 0.0
  outer loop
    vertex 0.6521873474121094 -2.9081106185913086 1.0160059928894043
    vertex 0.6521873474121094 -2.9081103801727295 6.4373016357421875e-06
    vertex 0.7247238159179688 -2.9589030742645264 6.4373016357421875e-06
  endloop
endfacet
facet normal 0.0 0.0 0.0
  outer loop
    vertex 0.6521873474121094 -2.9081106185913086 1.0160059928894043
    vertex 0.7247238159179688 -2.9589030742645264 6.4373016357421875e-06
    vertex 0.7247238159179688 -2.9589033126831055 1.0160059928894043
  endloop
endfacet
facet normal 0.0 0.0 0.0
  outer loop
    vertex 0.7247238159179688 -2.9589033126831055 1.0160059928894043
    vertex 0.7247238159179688 -2.9589030742645264 6.4373016357421875e-06
    vertex 0.7598915100097656 -2.9752986431121826 6.4373016357421875e-06
  endloop
endfacet
facet normal 0.0 0.0 0.0
  outer loop
    vertex 0.7247238159179688 -2.9589033126831055 1.0160059928894043
    vertex 0.7598915100097656 -2.9752986431121826 6.4373016357421875e-06
    vertex 0.8049774169921875 -2.996321678161621 1.0160059928894043
  endloop
endfacet
facet normal 0.0 0.0 0.0
  outer loop
    vertex 0.7598915100097656 -2.9752986431121826 6.4373016357421875e-06
    vertex 0.8049774169921875 -2.996321439743042 6.4373016357421875e-06
    vertex 0.8049774169921875 -2.996321678161621 1.0160059928894043
  endloop
endfacet
facet normal 0.0 0.0 0.0
  outer loop
    vertex 0.8049774169921875 -2.996321678161621 1.0160059928894043
    vertex 0.8049774169921875 -2.996321439743042 6.4373016357421875e-06
    vertex 0.8905105590820312 -3.019240140914917 6.4373016357421875e-06
  endloop
endfacet
facet normal 0.0 0.0 0.0
  outer loop
    vertex 0.8049774169921875 -2.996321678161621 1.0160059928894043
    vertex 0.8905105590820312 -3.019240140914917 6.4373016357421875e-06
    vertex 0.8905105590820312 -3.019240379333496 1.0160059928894043
  endloop
endfacet
facet normal 0.0 0.0 0.0
  outer loop
    vertex 0.8905105590820312 -3.019240379333496 1.0160059928894043
    vertex 0.8905105590820312 -3.019240140914917 6.4373016357421875e-06
    vertex 0.9787254333496094 -3.026961088180542 6.4373016357421875e-06
  endloop
endfacet
facet normal 0.0 0.0 0.0
  outer loop
    vertex 0.8905105590820312 -3.019240379333496 1.0160059928894043
    vertex 0.9787254333496094 -3.026961088180542 6.4373016357421875e-06
    vertex 0.9787254333496094 -3.026961326599121 1.0160059928894043
  endloop
endfacet
facet normal 0.0 0.0 0.0
  outer loop
    vertex 0.47072601318359375 -2.5189619064331055 1.0160059928894043
    vertex 0.47072601318359375 2.193885564804077 1.0160067081451416
    vertex 0.47072601318359375 -2.5189616680145264 6.4373016357421875e-06
  endloop
endfacet
facet normal 0.0 0.0 0.0
  outer loop
    vertex 0.47072601318359375 -2.5189616680145264 6.4373016357421875e-06
    vertex 0.47072601318359375 2.193885564804077 1.0160067081451416
    vertex 0.47072601318359375 2.1938858032226562 7.152557373046875e-06
  endloop
endfacet
facet normal 0.0 0.0 0.0
  outer loop
    vertex 0.9787254333496094 2.7018847465515137 1.0160069465637207
    vertex 0.9787254333496094 2.7018849849700928 7.3909759521484375e-06
    vertex 0.8905105590820312 2.6941640377044678 7.3909759521484375e-06
  endloop
endfacet
facet normal 0.0 0.0 0.0
  outer loop
    vertex 0.9787254333496094 2.7018847465515137 1.0160069465637207
    vertex 0.8905105590820312 2.6941640377044678 7.3909759521484375e-06
    vertex 0.8905105590820312 2.6941637992858887 1.0160069465637207
  endloop
endfacet
facet normal 0.0 0.0 0.0
  outer loop
    vertex 0.8905105590820312 2.6941637992858887 1.0160069465637207
    vertex 0.8905105590820312 2.6941640377044678 7.3909759521484375e-06
    vertex 0.8049774169921875 2.6712453365325928 7.3909759521484375e-06
  endloop
endfacet
facet normal 0.0 0.0 0.0
  outer loop
    vertex 0.8905105590820312 2.6941637992858887 1.0160069465637207
    vertex 0.8049774169921875 2.6712453365325928 7.3909759521484375e-06
    vertex 0.8049774169921875 2.6712450981140137 1.0160069465637207
  endloop
endfacet
facet normal 0.0 0.0 0.0
  outer loop
    vertex 0.8049774169921875 2.6712450981140137 1.0160069465637207
    vertex 0.8049774169921875 2.6712453365325928 7.3909759521484375e-06
    vertex 0.7247238159179688 2.6338231563568115 7.3909759521484375e-06
  endloop
endfacet
facet normal 0.0 0.0 0.0
  outer loop
    vertex 0.8049774169921875 2.6712450981140137 1.0160069465637207
    vertex 0.7247238159179688 2.6338231563568115 7.3909759521484375e-06
    vertex 0.7247238159179688 2.6338229179382324 1.0160069465637207
  endloop
endfacet
facet normal 0.0 0.0 0.0
  outer loop
    vertex 0.7247238159179688 2.6338229179382324 1.0160069465637207
    vertex 0.7247238159179688 2.6338231563568115 7.3909759521484375e-06
    vertex 0.6521873474121094 2.5830304622650146 7.3909759521484375e-06
  endloop
endfacet
facet normal 0.0 0.0 0.0
  outer loop
    vertex 0.7247238159179688 2.6338229179382324 1.0160069465637207
    vertex 0.6521873474121094 2.5830304622650146 7.3909759521484375e-06
    vertex 0.6521873474121094 2.5830302238464355 1.0160069465637207
  endloop
endfacet
facet normal 0.0 0.0 0.0
  outer loop
    vertex 0.6521873474121094 2.5830302238464355 1.0160069465637207
    vertex 0.6521873474121094 2.5830304622650146 7.3909759521484375e-06
    vertex 0.5895729064941406 2.520416021347046 7.3909759521484375e-06
  endloop
endfacet
facet normal 0.0 0.0 0.0
  outer loop
    vertex 0.6521873474121094 2.5830302238464355 1.0160069465637207
    vertex 0.5895729064941406 2.520416021347046 7.3909759521484375e-06
    vertex 0.5895729064941406 2.520415782928467 1.0160069465637207
  endloop
endfacet
facet normal 0.0 0.0 0.0
  outer loop
    vertex 0.5895729064941406 2.520415782928467 1.0160069465637207
    vertex 0.5895729064941406 2.520416021347046 7.3909759521484375e-06
    vertex 0.5387840270996094 2.4478836059570312 7.3909759521484375e-06
  endloop
endfacet
facet normal 0.0 0.0 0.0
  outer loop
    vertex 0.5895729064941406 2.520415782928467 1.0160069465637207
    vertex 0.5387840270996094 2.4478836059570312 7.3909759521484375e-06
    vertex 0.5387840270996094 2.447883367538452 1.0160069465637207
  endloop
endfacet
facet normal 0.0 0.0 0.0
  outer loop
    vertex 0.5387840270996094 2.447883367538452 1.0160069465637207
    vertex 0.5387840270996094 2.4478836059570312 7.3909759521484375e-06
    vertex 0.5013580322265625 2.367626190185547 7.3909759521484375e-06
  endloop
endfacet
facet normal 0.0 0.0 0.0
  outer loop
    vertex 0.5387840270996094 2.447883367538452 1.0160069465637207
    vertex 0.5013580322265625 2.367626190185547 7.3909759521484375e-06
    vertex 0.5013580322265625 2.3676259517669678 1.0160069465637207
  endloop
endfacet
facet normal 0.0 0.0 0.0
  outer loop
    vertex 0.5013580322265625 2.3676259517669678 1.0160069465637207
    vertex 0.5013580322265625 2.367626190185547 7.3909759521484375e-06
    vertex 0.4784393310546875 2.2820968627929688 7.152557373046875e-06
  endloop
endfacet
facet normal 0.0 0.0 0.0
  outer loop
    vertex 0.5013580322265625 2.3676259517669678 1.0160069465637207
    vertex 0.4784393310546875 2.2820968627929688 7.152557373046875e-06
    vertex 0.4784393310546875 2.2820966243743896 1.0160067081451416
  endloop
endfacet
facet normal 0.0 0.0 0.0
  outer loop
    vertex 0.4784393310546875 2.2820966243743896 1.0160067081451416
    vertex 0.4784393310546875 2.2820968627929688 7.152557373046875e-06
    vertex 0.47072601318359375 2.1938858032226562 7.152557373046875e-06
  endloop
endfacet
facet normal 0.0 0.0 0.0
  outer loop
    vertex 0.4784393310546875 2.2820966243743896 1.0160067081451416
    vertex 0.47072601318359375 2.1938858032226562 7.152557373046875e-06
    vertex 0.47072601318359375 2.193885564804077 1.0160067081451416
  endloop
endfacet
facet normal 0.0 0.0 0.0
  outer loop
    vertex 0.9787254333496094 2.7018847465515137 1.0160069465637207
    vertex 4.151500701904297 2.7018847465515137 1.0160069465637207
    vertex 0.9787254333496094 2.7018849849700928 7.3909759521484375e-06
  endloop
endfacet
facet normal 0.0 0.0 0.0
  outer loop
    vertex 0.9787254333496094 2.7018849849700928 7.3909759521484375e-06
    vertex 4.151500701904297 2.7018847465515137 1.0160069465637207
    vertex 4.151500701904297 2.7018849849700928 7.3909759521484375e-06
  endloop
endfacet
facet normal 0.0 0.0 0.0
  outer loop
    vertex 4.659503936767578 2.193885564804077 1.0160067081451416
    vertex 4.659503936767578 2.1938858032226562 7.152557373046875e-06
    vertex 4.651786804199219 2.2820968627929688 7.152557373046875e-06
  endloop
endfacet
facet normal 0.0 0.0 0.0
  outer loop
    vertex 4.659503936767578 2.193885564804077 1.0160067081451416
    vertex 4.651786804199219 2.2820968627929688 7.152557373046875e-06
    vertex 4.651786804199219 2.2820966243743896 1.0160067081451416
  endloop
endfacet
facet normal 0.0 0.0 0.0
  outer loop
    vertex 4.651786804199219 2.2820966243743896 1.0160067081451416
    vertex 4.651786804199219 2.2820968627929688 7.152557373046875e-06
    vertex 4.628868103027344 2.367626190185547 7.3909759521484375e-06
  endloop
endfacet
facet normal 0.0 0.0 0.0
  outer loop
    vertex 4.651786804199219 2.2820966243743896 1.0160067081451416
    vertex 4.628868103027344 2.367626190185547 7.3909759521484375e-06
    vertex 4.628868103027344 2.3676259517669678 1.0160069465637207
  endloop
endfacet
facet normal 0.0 0.0 0.0
  outer loop
    vertex 4.628868103027344 2.3676259517669678 1.0160069465637207
    vertex 4.628868103027344 2.367626190185547 7.3909759521484375e-06
    vertex 4.591442108154297 2.4478836059570312 7.3909759521484375e-06
  endloop
endfacet
facet normal 0.0 0.0 0.0
  outer loop
    vertex 4.628868103027344 2.3676259517669678 1.0160069465637207
    vertex 4.591442108154297 2.4478836059570312 7.3909759521484375e-06
    vertex 4.591442108154297 2.447883367538452 1.0160069465637207
  endloop
endfacet
facet normal 0.0 0.0 0.0
  outer loop
    vertex 4.591442108154297 2.447883367538452 1.0160069465637207
    vertex 4.591442108154297 2.4478836059570312 7.3909759521484375e-06
    vertex 4.540653228759766 2.520416021347046 7.3909759521484375e-06
  endloop
endfacet
facet normal 0.0 0.0 0.0
  outer loop
    vertex 4.591442108154297 2.447883367538452 1.0160069465637207
    vertex 4.540653228759766 2.520416021347046 7.3909759521484375e-06
    vertex 4.540653228759766 2.520415782928467 1.0160069465637207
  endloop
endfacet
facet normal 0.0 0.0 0.0
  outer loop
    vertex 4.540653228759766 2.520415782928467 1.0160069465637207
    vertex 4.540653228759766 2.520416021347046 7.3909759521484375e-06
    vertex 4.478038787841797 2.5830304622650146 7.3909759521484375e-06
  endloop
endfacet
facet normal 0.0 0.0 0.0
  outer loop
    vertex 4.540653228759766 2.520415782928467 1.0160069465637207
    vertex 4.478038787841797 2.5830304622650146 7.3909759521484375e-06
    vertex 4.478038787841797 2.5830302238464355 1.0160069465637207
  endloop
endfacet
facet normal 0.0 0.0 0.0
  outer loop
    vertex 4.478038787841797 2.5830302238464355 1.0160069465637207
    vertex 4.478038787841797 2.5830304622650146 7.3909759521484375e-06
    vertex 4.4055023193359375 2.6338231563568115 7.3909759521484375e-06
  endloop
endfacet
facet normal 0.0 0.0 0.0
  outer loop
    vertex 4.478038787841797 2.5830302238464355 1.0160069465637207
    vertex 4.4055023193359375 2.6338231563568115 7.3909759521484375e-06
    vertex 4.4055023193359375 2.6338229179382324 1.0160069465637207
  endloop
endfacet
facet normal 0.0 0.0 0.0
  outer loop
    vertex 4.4055023193359375 2.6338229179382324 1.0160069465637207
    vertex 4.4055023193359375 2.6338231563568115 7.3909759521484375e-06
    vertex 4.325248718261719 2.6712453365325928 7.3909759521484375e-06
  endloop
endfacet
facet normal 0.0 0.0 0.0
  outer loop
    vertex 4.4055023193359375 2.6338229179382324 1.0160069465637207
    vertex 4.325248718261719 2.6712453365325928 7.3909759521484375e-06
    vertex 4.325248718261719 2.6712450981140137 1.0160069465637207
  endloop
endfacet
facet normal 0.0 0.0 0.0
  outer loop
    vertex 4.325248718261719 2.6712450981140137 1.0160069465637207
    vertex 4.325248718261719 2.6712453365325928 7.3909759521484375e-06
    vertex 4.239715576171875 2.6941640377044678 7.3909759521484375e-06
  endloop
endfacet
facet normal 0.0 0.0 0.0
  outer loop
    vertex 4.325248718261719 2.6712450981140137 1.0160069465637207
    vertex 4.239715576171875 2.6941640377044678 7.3909759521484375e-06
    vertex 4.239715576171875 2.6941637992858887 1.0160069465637207
  endloop
endfacet
facet normal 0.0 0.0 0.0
  outer loop
    vertex 4.239715576171875 2.6941637992858887 1.0160069465637207
    vertex 4.239715576171875 2.6941640377044678 7.3909759521484375e-06
    vertex 4.151500701904297 2.7018849849700928 7.3909759521484375e-06
  endloop
endfacet
facet normal 0.0 0.0 0.0
  outer loop
    vertex 4.239715576171875 2.6941637992858887 1.0160069465637207
    vertex 4.151500701904297 2.7018849849700928 7.3909759521484375e-06
    vertex 4.151500701904297 2.7018847465515137 1.0160069465637207
  endloop
endfacet
facet normal 0.0 0.0 0.0
  outer loop
    vertex 4.659503936767578 2.193885564804077 1.0160067081451416
    vertex 4.659503936767578 0.3448984622955322 1.0160064697265625
    vertex 4.659503936767578 2.1938858032226562 7.152557373046875e-06
  endloop
endfacet
facet normal 0.0 0.0 0.0
  outer loop
    vertex 4.659503936767578 2.1938858032226562 7.152557373046875e-06
    vertex 4.659503936767578 0.3448984622955322 1.0160064697265625
    vertex 4.659503936767578 0.34489864110946655 6.9141387939453125e-06
  endloop
endfacet
facet normal 0.0 0.0 0.0
  outer loop
    vertex 4.659503936767578 0.3448984622955322 1.0160064697265625
    vertex 3.196319580078125 0.3448984622955322 1.0160064697265625
    vertex 4.659503936767578 0.34489864110946655 6.9141387939453125e-06
  endloop
endfacet
facet normal 0.0 0.0 0.0
  outer loop
    vertex 4.659503936767578 0.34489864110946655 6.9141387939453125e-06
    vertex 3.196319580078125 0.3448984622955322 1.0160064697265625
    vertex 3.196319580078125 0.34489864110946655 6.9141387939453125e-06
  endloop
endfacet
facet normal 0.0 0.0 0.0
  outer loop
    vertex 3.196319580078125 0.3448984622955322 1.0160064697265625
    vertex 3.196319580078125 -0.704383373260498 1.0160062313079834
    vertex 3.196319580078125 0.34489864110946655 6.9141387939453125e-06
  endloop
endfacet
facet normal 0.0 0.0 0.0
  outer loop
    vertex 3.196319580078125 0.34489864110946655 6.9141387939453125e-06
    vertex 3.196319580078125 -0.704383373260498 1.0160062313079834
    vertex 3.196319580078125 -0.7043831944465637 6.67572021484375e-06
  endloop
endfacet
facet normal 0.0 0.0 0.0
  outer loop
    vertex 3.196319580078125 -0.704383373260498 1.0160062313079834
    vertex 5.765132904052734 -0.704383373260498 1.0160062313079834
    vertex 3.196319580078125 -0.7043831944465637 6.67572021484375e-06
  endloop
endfacet
facet normal 0.0 0.0 0.0
  outer loop
    vertex 3.196319580078125 -0.7043831944465637 6.67572021484375e-06
    vertex 5.765132904052734 -0.704383373260498 1.0160062313079834
    vertex 5.765132904052734 -0.7043831944465637 6.67572021484375e-06
  endloop
endfacet
facet normal 0.0 0.0 0.0
  outer loop
    vertex 5.765132904052734 -0.704383373260498 1.0160062313079834
    vertex 5.765132904052734 2.3121602535247803 1.0160067081451416
    vertex 5.765132904052734 -0.7043831944465637 6.67572021484375e-06
  endloop
endfacet
facet normal 0.0 0.0 0.0
  outer loop
    vertex 5.765132904052734 -0.7043831944465637 6.67572021484375e-06
    vertex 5.765132904052734 2.3121602535247803 1.0160067081451416
    vertex 5.765132904052734 2.3121604919433594 7.3909759521484375e-06
  endloop
endfacet
facet normal 0.0 0.0 0.0
  outer loop
    vertex 4.241130828857422 3.8361618518829346 1.0160071849822998
    vertex 4.241130828857422 3.8361620903015137 7.62939453125e-06
    vertex 4.505771636962891 3.813006639480591 1.0160071849822998
  endloop
endfacet
facet normal 0.0 0.0 0.0
  outer loop
    vertex 4.505771636962891 3.813006639480591 1.0160071849822998
    vertex 4.241130828857422 3.8361620903015137 7.62939453125e-06
    vertex 4.505771636962891 3.81300687789917 7.62939453125e-06
  endloop
endfacet
facet normal 0.0 0.0 0.0
  outer loop
    vertex 4.505771636962891 3.813006639480591 1.0160071849822998
    vertex 4.505771636962891 3.81300687789917 7.62939453125e-06
    vertex 4.762371063232422 3.7442543506622314 1.0160071849822998
  endloop
endfacet
facet normal 0.0 0.0 0.0
  outer loop
    vertex 4.762371063232422 3.7442543506622314 1.0160071849822998
    vertex 4.505771636962891 3.81300687789917 7.62939453125e-06
    vertex 4.762371063232422 3.7442545890808105 7.62939453125e-06
  endloop
endfacet
facet normal 0.0 0.0 0.0
  outer loop
    vertex 4.762371063232422 3.7442543506622314 1.0160071849822998
    vertex 4.762371063232422 3.7442545890808105 7.62939453125e-06
    vertex 5.003131866455078 3.631983995437622 1.0160069465637207
  endloop
endfacet
facet normal 0.0 0.0 0.0
  outer loop
    vertex 5.003131866455078 3.631983995437622 1.0160069465637207
    vertex 4.762371063232422 3.7442545890808105 7.62939453125e-06
    vertex 5.003131866455078 3.631984233856201 7.3909759521484375e-06
  endloop
endfacet
facet normal 0.0 0.0 0.0
  outer loop
    vertex 5.003131866455078 3.631983995437622 1.0160069465637207
    vertex 5.003131866455078 3.631984233856201 7.3909759521484375e-06
    vertex 5.220741271972656 3.479609966278076 1.0160069465637207
  endloop
endfacet
facet normal 0.0 0.0 0.0
  outer loop
    vertex 5.220741271972656 3.479609966278076 1.0160069465637207
    vertex 5.003131866455078 3.631984233856201 7.3909759521484375e-06
    vertex 5.220741271972656 3.4796102046966553 7.3909759521484375e-06
  endloop
endfacet
facet normal 0.0 0.0 0.0
  outer loop
    vertex 5.220741271972656 3.479609966278076 1.0160069465637207
    vertex 5.220741271972656 3.4796102046966553 7.3909759521484375e-06
    vertex 5.4085845947265625 3.2917704582214355 1.0160069465637207
  endloop
endfacet
facet normal 0.0 0.0 0.0
  outer loop
    vertex 5.4085845947265625 3.2917704582214355 1.0160069465637207
    vertex 5.220741271972656 3.4796102046966553 7.3909759521484375e-06
    vertex 5.4085845947265625 3.2917706966400146 7.3909759521484375e-06
  endloop
endfacet
facet normal 0.0 0.0 0.0
  outer loop
    vertex 5.4085845947265625 3.2917704582214355 1.0160069465637207
    vertex 5.4085845947265625 3.2917706966400146 7.3909759521484375e-06
    vertex 5.5609588623046875 3.0741610527038574 1.0160069465637207
  endloop
endfacet
facet normal 0.0 0.0 0.0
  outer loop
    vertex 5.5609588623046875 3.0741610527038574 1.0160069465637207
    vertex 5.4085845947265625 3.2917706966400146 7.3909759521484375e-06
    vertex 5.5609588623046875 3.0741612911224365 7.3909759521484375e-06
  endloop
endfacet
facet normal 0.0 0.0 0.0
  outer loop
    vertex 5.5609588623046875 3.0741610527038574 1.0160069465637207
    vertex 5.5609588623046875 3.0741612911224365 7.3909759521484375e-06
    vertex 5.673225402832031 2.833400249481201 1.0160069465637207
  endloop
endfacet
facet normal 0.0 0.0 0.0
  outer loop
    vertex 5.673225402832031 2.833400249481201 1.0160069465637207
    vertex 5.5609588623046875 3.0741612911224365 7.3909759521484375e-06
    vertex 5.673225402832031 2.8334004878997803 7.3909759521484375e-06
  endloop
endfacet
facet normal 0.0 0.0 0.0
  outer loop
    vertex 5.673225402832031 2.833400249481201 1.0160069465637207
    vertex 5.673225402832031 2.8334004878997803 7.3909759521484375e-06
    vertex 5.741981506347656 2.57680082321167 1.0160069465637207
  endloop
endfacet
facet normal 0.0 0.0 0.0
  outer loop
    vertex 5.741981506347656 2.57680082321167 1.0160069465637207
    vertex 5.673225402832031 2.8334004878997803 7.3909759521484375e-06
    vertex 5.741981506347656 2.576801061630249 7.3909759521484375e-06
  endloop
endfacet
facet normal 0.0 0.0 0.0
  outer loop
    vertex 5.741981506347656 2.57680082321167 1.0160069465637207
    vertex 5.741981506347656 2.576801061630249 7.3909759521484375e-06
    vertex 5.765132904052734 2.3121602535247803 1.0160067081451416
  endloop
endfacet
facet normal 0.0 0.0 0.0
  outer loop
    vertex 5.765132904052734 2.3121602535247803 1.0160067081451416
    vertex 5.741981506347656 2.576801061630249 7.3909759521484375e-06
    vertex 5.765132904052734 2.3121604919433594 7.3909759521484375e-06
  endloop
endfacet
facet normal 0.0 0.0 0.0
  outer loop
    vertex 4.241130828857422 3.8361618518829346 1.0160071849822998
    vertex 0.24007797241210938 3.8361618518829346 1.0160071849822998
    vertex 4.241130828857422 3.8361620903015137 7.62939453125e-06
  endloop
endfacet
facet normal 0.0 0.0 0.0
  outer loop
    vertex 4.241130828857422 3.8361620903015137 7.62939453125e-06
    vertex 0.24007797241210938 3.8361618518829346 1.0160071849822998
    vertex 0.24007797241210938 3.8361620903015137 7.62939453125e-06
  endloop
endfacet
facet normal 0.0 0.0 0.0
  outer loop
    vertex -1.2839241027832031 2.3121602535247803 1.0160067081451416
    vertex -1.2839241027832031 2.3121604919433594 7.3909759521484375e-06
    vertex -1.260772705078125 2.57680082321167 1.0160069465637207
  endloop
endfacet
facet normal 0.0 0.0 0.0
  outer loop
    vertex -1.260772705078125 2.57680082321167 1.0160069465637207
    vertex -1.2839241027832031 2.3121604919433594 7.3909759521484375e-06
    vertex -1.260772705078125 2.576801061630249 7.3909759521484375e-06
  endloop
endfacet
facet normal 0.0 0.0 0.0
  outer loop
    vertex -1.260772705078125 2.57680082321167 1.0160069465637207
    vertex -1.260772705078125 2.576801061630249 7.3909759521484375e-06
    vertex -1.1920127868652344 2.833400249481201 1.0160069465637207
  endloop
endfacet
facet normal 0.0 0.0 0.0
  outer loop
    vertex -1.1920127868652344 2.833400249481201 1.0160069465637207
    vertex -1.260772705078125 2.576801061630249 7.3909759521484375e-06
    vertex -1.1920127868652344 2.8334004878997803 7.3909759521484375e-06
  endloop
endfacet
facet normal 0.0 0.0 0.0
  outer loop
    vertex -1.1920127868652344 2.833400249481201 1.0160069465637207
    vertex -1.1920127868652344 2.8334004878997803 7.3909759521484375e-06
    vertex -1.0797462463378906 3.0741610527038574 1.0160069465637207
  endloop
endfacet
facet normal 0.0 0.0 0.0
  outer loop
    vertex -1.0797462463378906 3.0741610527038574 1.0160069465637207
    vertex -1.1920127868652344 2.8334004878997803 7.3909759521484375e-06
    vertex -1.0797462463378906 3.0741612911224365 7.3909759521484375e-06
  endloop
endfacet
facet normal 0.0 0.0 0.0
  outer loop
    vertex -1.0797462463378906 3.0741610527038574 1.0160069465637207
    vertex -1.0797462463378906 3.0741612911224365 7.3909759521484375e-06
    vertex -0.9273757934570312 3.2917704582214355 1.0160069465637207
  endloop
endfacet
facet normal 0.0 0.0 0.0
  outer loop
    vertex -0.9273757934570312 3.2917704582214355 1.0160069465637207
    vertex -1.0797462463378906 3.0741612911224365 7.3909759521484375e-06
    vertex -0.9273757934570312 3.2917706966400146 7.3909759521484375e-06
  endloop
endfacet
facet normal 0.0 0.0 0.0
  outer loop
    vertex -0.9273757934570312 3.2917704582214355 1.0160069465637207
    vertex -0.9273757934570312 3.2917706966400146 7.3909759521484375e-06
    vertex -0.739532470703125 3.479609966278076 1.0160069465637207
  endloop
endfacet
facet normal 0.0 0.0 0.0
  outer loop
    vertex -0.739532470703125 3.479609966278076 1.0160069465637207
    vertex -0.9273757934570312 3.2917706966400146 7.3909759521484375e-06
    vertex -0.739532470703125 3.4796102046966553 7.3909759521484375e-06
  endloop
endfacet
facet normal 0.0 0.0 0.0
  outer loop
    vertex -0.739532470703125 3.479609966278076 1.0160069465637207
    vertex -0.739532470703125 3.4796102046966553 7.3909759521484375e-06
    vertex -0.5219230651855469 3.631983995437622 1.0160069465637207
  endloop
endfacet
facet normal 0.0 0.0 0.0
  outer loop
    vertex -0.5219230651855469 3.631983995437622 1.0160069465637207
    vertex -0.739532470703125 3.4796102046966553 7.3909759521484375e-06
    vertex -0.5219230651855469 3.631984233856201 7.3909759521484375e-06
  endloop
endfacet
facet normal 0.0 0.0 0.0
  outer loop
    vertex -0.5219230651855469 3.631983995437622 1.0160069465637207
    vertex -0.5219230651855469 3.631984233856201 7.3909759521484375e-06
    vertex -0.2811622619628906 3.7442543506622314 1.0160071849822998
  endloop
endfacet
facet normal 0.0 0.0 0.0
  outer loop
    vertex -0.2811622619628906 3.7442543506622314 1.0160071849822998
    vertex -0.5219230651855469 3.631984233856201 7.3909759521484375e-06
    vertex -0.2811622619628906 3.7442545890808105 7.62939453125e-06
  endloop
endfacet
facet normal 0.0 0.0 0.0
  outer loop
    vertex -0.2811622619628906 3.7442543506622314 1.0160071849822998
    vertex -0.2811622619628906 3.7442545890808105 7.62939453125e-06
    vertex -0.024562835693359375 3.813006639480591 1.0160071849822998
  endloop
endfacet
facet normal 0.0 0.0 0.0
  outer loop
    vertex -0.024562835693359375 3.813006639480591 1.0160071849822998
    vertex -0.2811622619628906 3.7442545890808105 7.62939453125e-06
    vertex -0.024562835693359375 3.81300687789917 7.62939453125e-06
  endloop
endfacet
facet normal 0.0 0.0 0.0
  outer loop
    vertex -0.024562835693359375 3.813006639480591 1.0160071849822998
    vertex -0.024562835693359375 3.81300687789917 7.62939453125e-06
    vertex 0.24007797241210938 3.8361618518829346 1.0160071849822998
  endloop
endfacet
facet normal 0.0 0.0 0.0
  outer loop
    vertex 0.24007797241210938 3.8361618518829346 1.0160071849822998
    vertex -0.024562835693359375 3.81300687789917 7.62939453125e-06
    vertex 0.24007797241210938 3.8361620903015137 7.62939453125e-06
  endloop
endfacet
facet normal 0.0 0.0 0.0
  outer loop
    vertex -1.2839241027832031 2.3121602535247803 1.0160067081451416
    vertex -1.2839241027832031 -2.3648674488067627 1.0160059928894043
    vertex -1.2839241027832031 2.3121604919433594 7.3909759521484375e-06
  endloop
endfacet
facet normal 0.0 0.0 0.0
  outer loop
    vertex -1.2839241027832031 2.3121604919433594 7.3909759521484375e-06
    vertex -1.2839241027832031 -2.3648674488067627 1.0160059928894043
    vertex -1.2839241027832031 -2.3648672103881836 6.4373016357421875e-06
  endloop
endfacet
facet normal 0.0 0.0 0.0
  outer loop
    vertex 0.24007797241210938 -3.8888652324676514 1.0160057544708252
    vertex 0.24007797241210938 -3.8888649940490723 6.198883056640625e-06
    vertex -0.024562835693359375 -3.8657138347625732 1.0160057544708252
  endloop
endfacet
facet normal 0.0 0.0 0.0
  outer loop
    vertex -0.024562835693359375 -3.8657138347625732 1.0160057544708252
    vertex 0.24007797241210938 -3.8888649940490723 6.198883056640625e-06
    vertex -0.024562835693359375 -3.865713596343994 6.198883056640625e-06
  endloop
endfacet
facet normal 0.0 0.0 0.0
  outer loop
    vertex -0.024562835693359375 -3.8657138347625732 1.0160057544708252
    vertex -0.024562835693359375 -3.865713596343994 6.198883056640625e-06
    vertex -0.2811622619628906 -3.7969577312469482 1.0160057544708252
  endloop
endfacet
facet normal 0.0 0.0 0.0
  outer loop
    vertex -0.2811622619628906 -3.7969577312469482 1.0160057544708252
    vertex -0.024562835693359375 -3.865713596343994 6.198883056640625e-06
    vertex -0.2811622619628906 -3.796957492828369 6.198883056640625e-06
  endloop
endfacet
facet normal 0.0 0.0 0.0
  outer loop
    vertex -0.2811622619628906 -3.7969577312469482 1.0160057544708252
    vertex -0.2811622619628906 -3.796957492828369 6.198883056640625e-06
    vertex -0.5219230651855469 -3.6846911907196045 1.0160057544708252
  endloop
endfacet
facet normal 0.0 0.0 0.0
  outer loop
    vertex -0.5219230651855469 -3.6846911907196045 1.0160057544708252
    vertex -0.2811622619628906 -3.796957492828369 6.198883056640625e-06
    vertex -0.5219230651855469 -3.6846909523010254 6.198883056640625e-06
  endloop
endfacet
facet normal 0.0 0.0 0.0
  outer loop
    vertex -0.5219230651855469 -3.6846911907196045 1.0160057544708252
    vertex -0.5219230651855469 -3.6846909523010254 6.198883056640625e-06
    vertex -0.739532470703125 -3.5323169231414795 1.0160057544708252
  endloop
endfacet
facet normal 0.0 0.0 0.0
  outer loop
    vertex -0.739532470703125 -3.5323169231414795 1.0160057544708252
    vertex -0.5219230651855469 -3.6846909523010254 6.198883056640625e-06
    vertex -0.739532470703125 -3.5323166847229004 6.198883056640625e-06
  endloop
endfacet
facet normal 0.0 0.0 0.0
  outer loop
    vertex -0.739532470703125 -3.5323169231414795 1.0160057544708252
    vertex -0.739532470703125 -3.5323166847229004 6.198883056640625e-06
    vertex -0.9273757934570312 -3.3444738388061523 1.0160057544708252
  endloop
endfacet
facet normal 0.0 0.0 0.0
  outer loop
    vertex -0.9273757934570312 -3.3444738388061523 1.0160057544708252
    vertex -0.739532470703125 -3.5323166847229004 6.198883056640625e-06
    vertex -0.9273757934570312 -3.3444736003875732 6.198883056640625e-06
  endloop
endfacet
facet normal 0.0 0.0 0.0
  outer loop
    vertex -0.9273757934570312 -3.3444738388061523 1.0160057544708252
    vertex -0.9273757934570312 -3.3444736003875732 6.198883056640625e-06
    vertex -1.0797462463378906 -3.12686824798584 1.0160057544708252
  endloop
endfacet
facet normal 0.0 0.0 0.0
  outer loop
    vertex -0.9273757934570312 -3.3444736003875732 6.198883056640625e-06
    vertex -1.0797462463378906 -3.1268680095672607 6.4373016357421875e-06
    vertex -1.0797462463378906 -3.12686824798584 1.0160057544708252
  endloop
endfacet
facet normal 0.0 0.0 0.0
  outer loop
    vertex -1.0797462463378906 -3.12686824798584 1.0160057544708252
    vertex -1.0797462463378906 -3.1268680095672607 6.4373016357421875e-06
    vertex -1.1504249572753906 -2.9752986431121826 6.4373016357421875e-06
  endloop
endfacet
facet normal 0.0 0.0 0.0
  outer loop
    vertex -1.0797462463378906 -3.12686824798584 1.0160057544708252
    vertex -1.1504249572753906 -2.9752986431121826 6.4373016357421875e-06
    vertex -1.1920127868652344 -2.8861074447631836 1.0160059928894043
  endloop
endfacet
facet normal 0.0 0.0 0.0
  outer loop
    vertex -1.1920127868652344 -2.8861074447631836 1.0160059928894043
    vertex -1.1504249572753906 -2.9752986431121826 6.4373016357421875e-06
    vertex -1.1920127868652344 -2.8861072063446045 6.4373016357421875e-06
  endloop
endfacet
facet normal 0.0 0.0 0.0
  outer loop
    vertex -1.1920127868652344 -2.8861074447631836 1.0160059928894043
    vertex -1.1920127868652344 -2.8861072063446045 6.4373016357421875e-06
    vertex -1.260772705078125 -2.6295042037963867 1.0160059928894043
  endloop
endfacet
facet normal 0.0 0.0 0.0
  outer loop
    vertex -1.260772705078125 -2.6295042037963867 1.0160059928894043
    vertex -1.1920127868652344 -2.8861072063446045 6.4373016357421875e-06
    vertex -1.260772705078125 -2.6295039653778076 6.4373016357421875e-06
  endloop
endfacet
facet normal 0.0 0.0 0.0
  outer loop
    vertex -1.260772705078125 -2.6295042037963867 1.0160059928894043
    vertex -1.260772705078125 -2.6295039653778076 6.4373016357421875e-06
    vertex -1.2839241027832031 -2.3648674488067627 1.0160059928894043
  endloop
endfacet
facet normal 0.0 0.0 0.0
  outer loop
    vertex -1.2839241027832031 -2.3648674488067627 1.0160059928894043
    vertex -1.260772705078125 -2.6295039653778076 6.4373016357421875e-06
    vertex -1.2839241027832031 -2.3648672103881836 6.4373016357421875e-06
  endloop
endfacet
facet normal 0.0 0.0 0.0
  outer loop
    vertex 0.24007797241210938 -3.8888652324676514 1.0160057544708252
    vertex 4.241130828857422 -3.8888652324676514 1.0160057544708252
    vertex 0.24007797241210938 -3.8888649940490723 6.198883056640625e-06
  endloop
endfacet
facet normal 0.0 0.0 0.0
  outer loop
    vertex 0.24007797241210938 -3.8888649940490723 6.198883056640625e-06
    vertex 4.241130828857422 -3.8888652324676514 1.0160057544708252
    vertex 4.241130828857422 -3.8888649940490723 6.198883056640625e-06
  endloop
endfacet
facet normal 0.0 0.0 0.0
  outer loop
    vertex 5.765132904052734 -2.3648674488067627 1.0160059928894043
    vertex 5.765132904052734 -2.3648672103881836 6.4373016357421875e-06
    vertex 5.741981506347656 -2.6295042037963867 1.0160059928894043
  endloop
endfacet
facet normal 0.0 0.0 0.0
  outer loop
    vertex 5.741981506347656 -2.6295042037963867 1.0160059928894043
    vertex 5.765132904052734 -2.3648672103881836 6.4373016357421875e-06
    vertex 5.741981506347656 -2.6295039653778076 6.4373016357421875e-06
  endloop
endfacet
facet normal 0.0 0.0 0.0
  outer loop
    vertex 5.741981506347656 -2.6295042037963867 1.0160059928894043
    vertex 5.741981506347656 -2.6295039653778076 6.4373016357421875e-06
    vertex 5.673225402832031 -2.8861074447631836 1.0160059928894043
  endloop
endfacet
facet normal 0.0 0.0 0.0
  outer loop
    vertex 5.741981506347656 -2.6295039653778076 6.4373016357421875e-06
    vertex 5.673225402832031 -2.8861072063446045 6.4373016357421875e-06
    vertex 5.673225402832031 -2.8861074447631836 1.0160059928894043
  endloop
endfacet
facet normal 0.0 0.0 0.0
  outer loop
    vertex 5.673225402832031 -2.8861074447631836 1.0160059928894043
    vertex 5.673225402832031 -2.8861072063446045 6.4373016357421875e-06
    vertex 5.631633758544922 -2.9752986431121826 6.4373016357421875e-06
  endloop
endfacet
facet normal 0.0 0.0 0.0
  outer loop
    vertex 5.673225402832031 -2.8861074447631836 1.0160059928894043
    vertex 5.631633758544922 -2.9752986431121826 6.4373016357421875e-06
    vertex 5.5609588623046875 -3.12686824798584 1.0160057544708252
  endloop
endfacet
facet normal 0.0 0.0 0.0
  outer loop
    vertex 5.5609588623046875 -3.12686824798584 1.0160057544708252
    vertex 5.631633758544922 -2.9752986431121826 6.4373016357421875e-06
    vertex 5.5609588623046875 -3.1268680095672607 6.4373016357421875e-06
  endloop
endfacet
facet normal 0.0 0.0 0.0
  outer loop
    vertex 5.5609588623046875 -3.12686824798584 1.0160057544708252
    vertex 5.5609588623046875 -3.1268680095672607 6.4373016357421875e-06
    vertex 5.4085845947265625 -3.3444738388061523 1.0160057544708252
  endloop
endfacet
facet normal 0.0 0.0 0.0
  outer loop
    vertex 5.4085845947265625 -3.3444738388061523 1.0160057544708252
    vertex 5.5609588623046875 -3.1268680095672607 6.4373016357421875e-06
    vertex 5.4085845947265625 -3.3444736003875732 6.198883056640625e-06
  endloop
endfacet
facet normal 0.0 0.0 0.0
  outer loop
    vertex 5.4085845947265625 -3.3444738388061523 1.0160057544708252
    vertex 5.4085845947265625 -3.3444736003875732 6.198883056640625e-06
    vertex 5.220741271972656 -3.5323169231414795 1.0160057544708252
  endloop
endfacet
facet normal 0.0 0.0 0.0
  outer loop
    vertex 5.220741271972656 -3.5323169231414795 1.0160057544708252
    vertex 5.4085845947265625 -3.3444736003875732 6.198883056640625e-06
    vertex 5.220741271972656 -3.5323166847229004 6.198883056640625e-06
  endloop
endfacet
facet normal 0.0 0.0 0.0
  outer loop
    vertex 5.220741271972656 -3.5323169231414795 1.0160057544708252
    vertex 5.220741271972656 -3.5323166847229004 6.198883056640625e-06
    vertex 5.003131866455078 -3.6846911907196045 1.0160057544708252
  endloop
endfacet
facet normal 0.0 0.0 0.0
  outer loop
    vertex 5.003131866455078 -3.6846911907196045 1.0160057544708252
    vertex 5.220741271972656 -3.5323166847229004 6.198883056640625e-06
    vertex 5.003131866455078 -3.6846909523010254 6.198883056640625e-06
  endloop
endfacet
facet normal 0.0 0.0 0.0
  outer loop
    vertex 5.003131866455078 -3.6846911907196045 1.0160057544708252
    vertex 5.003131866455078 -3.6846909523010254 6.198883056640625e-06
    vertex 4.762371063232422 -3.7969577312469482 1.0160057544708252
  endloop
endfacet
facet normal 0.0 0.0 0.0
  outer loop
    vertex 4.762371063232422 -3.7969577312469482 1.0160057544708252
    vertex 5.003131866455078 -3.6846909523010254 6.198883056640625e-06
    vertex 4.762371063232422 -3.796957492828369 6.198883056640625e-06
  endloop
endfacet
facet normal 0.0 0.0 0.0
  outer loop
    vertex 4.762371063232422 -3.7969577312469482 1.0160057544708252
    vertex 4.762371063232422 -3.796957492828369 6.198883056640625e-06
    vertex 4.505771636962891 -3.8657138347625732 1.0160057544708252
  endloop
endfacet
facet normal 0.0 0.0 0.0
  outer loop
    vertex 4.505771636962891 -3.8657138347625732 1.0160057544708252
    vertex 4.762371063232422 -3.796957492828369 6.198883056640625e-06
    vertex 4.505771636962891 -3.865713596343994 6.198883056640625e-06
  endloop
endfacet
facet normal 0.0 0.0 0.0
  outer loop
    vertex 4.505771636962891 -3.8657138347625732 1.0160057544708252
    vertex 4.505771636962891 -3.865713596343994 6.198883056640625e-06
    vertex 4.241130828857422 -3.8888652324676514 1.0160057544708252
  endloop
endfacet
facet normal 0.0 0.0 0.0
  outer loop
    vertex 4.241130828857422 -3.8888652324676514 1.0160057544708252
    vertex 4.505771636962891 -3.865713596343994 6.198883056640625e-06
    vertex 4.241130828857422 -3.8888649940490723 6.198883056640625e-06
  endloop
endfacet
facet normal 0.0 0.0 0.0
  outer loop
    vertex 5.765132904052734 -2.3648674488067627 1.0160059928894043
    vertex 5.765132904052734 -2.2546722888946533 1.0160059928894043
    vertex 5.765132904052734 -2.3648672103881836 6.4373016357421875e-06
  endloop
endfacet
facet normal 0.0 0.0 0.0
  outer loop
    vertex 5.765132904052734 -2.3648672103881836 6.4373016357421875e-06
    vertex 5.765132904052734 -2.2546722888946533 1.0160059928894043
    vertex 5.765132904052734 -2.254672050476074 6.4373016357421875e-06
  endloop
endfacet
facet normal 0.0 0.0 0.0
  outer loop
    vertex 5.765132904052734 -2.2546722888946533 1.0160059928894043
    vertex 4.659503936767578 -2.2546722888946533 1.0160059928894043
    vertex 5.765132904052734 -2.254672050476074 6.4373016357421875e-06
  endloop
endfacet
facet normal 0.0 0.0 0.0
  outer loop
    vertex 5.765132904052734 -2.254672050476074 6.4373016357421875e-06
    vertex 4.659503936767578 -2.2546722888946533 1.0160059928894043
    vertex 4.659503936767578 -2.254672050476074 6.4373016357421875e-06
  endloop
endfacet
facet normal 0.0 0.0 0.0
  outer loop
    vertex 4.659503936767578 -2.2546722888946533 1.0160059928894043
    vertex 4.659503936767578 -2.5189619064331055 1.0160059928894043
    vertex 4.659503936767578 -2.254672050476074 6.4373016357421875e-06
  endloop
endfacet
facet normal 0.0 0.0 0.0
  outer loop
    vertex 4.659503936767578 -2.254672050476074 6.4373016357421875e-06
    vertex 4.659503936767578 -2.5189619064331055 1.0160059928894043
    vertex 4.659503936767578 -2.5189616680145264 6.4373016357421875e-06
  endloop
endfacet
facet normal 0.0 0.0 0.0
  outer loop
    vertex 0.6521873474121094 -2.9081106185913086 1.0160059928894043
    vertex 0.7247238159179688 -2.9589033126831055 1.0160059928894043
    vertex 0.24007797241210938 -3.8888652324676514 1.0160057544708252
  endloop
endfacet
facet normal 0.0 0.0 0.0
  outer loop
    vertex 0.24007797241210938 -3.8888652324676514 1.0160057544708252
    vertex 0.7247238159179688 -2.9589033126831055 1.0160059928894043
    vertex 0.8049774169921875 -2.996321678161621 1.0160059928894043
  endloop
endfacet
facet normal 0.0 0.0 0.0
  outer loop
    vertex 4.505771636962891 -3.8657138347625732 1.0160057544708252
    vertex 4.325248718261719 -2.996321678161621 1.0160059928894043
    vertex 4.762371063232422 -3.7969577312469482 1.0160057544708252
  endloop
endfacet
facet normal 0.0 0.0 0.0
  outer loop
    vertex 4.762371063232422 -3.7969577312469482 1.0160057544708252
    vertex 4.325248718261719 -2.996321678161621 1.0160059928894043
    vertex 4.4055023193359375 -2.9589033126831055 1.0160059928894043
  endloop
endfacet
facet normal 0.0 0.0 0.0
  outer loop
    vertex 4.762371063232422 -3.7969577312469482 1.0160057544708252
    vertex 4.4055023193359375 -2.9589033126831055 1.0160059928894043
    vertex 5.003131866455078 -3.6846911907196045 1.0160057544708252
  endloop
endfacet
facet normal 0.0 0.0 0.0
  outer loop
    vertex 5.003131866455078 -3.6846911907196045 1.0160057544708252
    vertex 4.4055023193359375 -2.9589033126831055 1.0160059928894043
    vertex 4.478038787841797 -2.9081106185913086 1.0160059928894043
  endloop
endfacet
facet normal 0.0 0.0 0.0
  outer loop
    vertex 5.003131866455078 -3.6846911907196045 1.0160057544708252
    vertex 4.478038787841797 -2.9081106185913086 1.0160059928894043
    vertex 5.220741271972656 -3.5323169231414795 1.0160057544708252
  endloop
endfacet
facet normal 0.0 0.0 0.0
  outer loop
    vertex 5.220741271972656 -3.5323169231414795 1.0160057544708252
    vertex 4.478038787841797 -2.9081106185913086 1.0160059928894043
    vertex 4.540653228759766 -2.84549617767334 1.0160059928894043
  endloop
endfacet
facet normal 0.0 0.0 0.0
  outer loop
    vertex 5.220741271972656 -3.5323169231414795 1.0160057544708252
    vertex 4.540653228759766 -2.84549617767334 1.0160059928894043
    vertex 5.4085845947265625 -3.3444738388061523 1.0160057544708252
  endloop
endfacet
facet normal 0.0 0.0 0.0
  outer loop
    vertex 5.4085845947265625 -3.3444738388061523 1.0160057544708252
    vertex 4.540653228759766 -2.84549617767334 1.0160059928894043
    vertex 4.591442108154297 -2.7729597091674805 1.0160059928894043
  endloop
endfacet
facet normal 0.0 0.0 0.0
  outer loop
    vertex 5.4085845947265625 -3.3444738388061523 1.0160057544708252
    vertex 4.591442108154297 -2.7729597091674805 1.0160059928894043
    vertex 5.5609588623046875 -3.12686824798584 1.0160057544708252
  endloop
endfacet
facet normal 0.0 0.0 0.0
  outer loop
    vertex 5.5609588623046875 -3.12686824798584 1.0160057544708252
    vertex 4.591442108154297 -2.7729597091674805 1.0160059928894043
    vertex 4.628868103027344 -2.6927061080932617 1.0160059928894043
  endloop
endfacet
facet normal 0.0 0.0 0.0
  outer loop
    vertex 5.5609588623046875 -3.12686824798584 1.0160057544708252
    vertex 4.628868103027344 -2.6927061080932617 1.0160059928894043
    vertex 5.673225402832031 -2.8861074447631836 1.0160059928894043
  endloop
endfacet
facet normal 0.0 0.0 0.0
  outer loop
    vertex 5.673225402832031 -2.8861074447631836 1.0160059928894043
    vertex 4.628868103027344 -2.6927061080932617 1.0160059928894043
    vertex 4.651786804199219 -2.607172966003418 1.0160059928894043
  endloop
endfacet
facet normal 0.0 0.0 0.0
  outer loop
    vertex 5.673225402832031 -2.8861074447631836 1.0160059928894043
    vertex 4.651786804199219 -2.607172966003418 1.0160059928894043
    vertex 5.741981506347656 -2.6295042037963867 1.0160059928894043
  endloop
endfacet
facet normal 0.0 0.0 0.0
  outer loop
    vertex 5.741981506347656 -2.6295042037963867 1.0160059928894043
    vertex 4.651786804199219 -2.607172966003418 1.0160059928894043
    vertex 4.659503936767578 -2.5189619064331055 1.0160059928894043
  endloop
endfacet
facet normal 0.0 0.0 0.0
  outer loop
    vertex 5.741981506347656 -2.6295042037963867 1.0160059928894043
    vertex 4.659503936767578 -2.5189619064331055 1.0160059928894043
    vertex 5.765132904052734 -2.3648674488067627 1.0160059928894043
  endloop
endfacet
facet normal 0.0 0.0 0.0
  outer loop
    vertex 5.765132904052734 -2.3648674488067627 1.0160059928894043
    vertex 4.659503936767578 -2.5189619064331055 1.0160059928894043
    vertex 4.659503936767578 -2.2546722888946533 1.0160059928894043
  endloop
endfacet
facet normal 0.0 0.0 0.0
  outer loop
    vertex 5.765132904052734 -2.3648674488067627 1.0160059928894043
    vertex 4.659503936767578 -2.2546722888946533 1.0160059928894043
    vertex 5.765132904052734 -2.2546722888946533 1.0160059928894043
  endloop
endfacet
facet normal 0.0 0.0 0.0
  outer loop
    vertex 0.5895729064941406 2.520415782928467 1.0160069465637207
    vertex -0.5219230651855469 3.631983995437622 1.0160069465637207
    vertex 0.6521873474121094 2.5830302238464355 1.0160069465637207
  endloop
endfacet
facet normal 0.0 0.0 0.0
  outer loop
    vertex 0.6521873474121094 2.5830302238464355 1.0160069465637207
    vertex -0.5219230651855469 3.631983995437622 1.0160069465637207
    vertex -0.2811622619628906 3.7442543506622314 1.0160071849822998
  endloop
endfacet
facet normal 0.0 0.0 0.0
  outer loop
    vertex 0.6521873474121094 2.5830302238464355 1.0160069465637207
    vertex -0.2811622619628906 3.7442543506622314 1.0160071849822998
    vertex 0.7247238159179688 2.6338229179382324 1.0160069465637207
  endloop
endfacet
facet normal 0.0 0.0 0.0
  outer loop
    vertex 0.7247238159179688 2.6338229179382324 1.0160069465637207
    vertex -0.2811622619628906 3.7442543506622314 1.0160071849822998
    vertex -0.024562835693359375 3.813006639480591 1.0160071849822998
  endloop
endfacet
facet normal 0.0 0.0 0.0
  outer loop
    vertex 0.7247238159179688 2.6338229179382324 1.0160069465637207
    vertex -0.024562835693359375 3.813006639480591 1.0160071849822998
    vertex 0.8049774169921875 2.6712450981140137 1.0160069465637207
  endloop
endfacet
facet normal 0.0 0.0 0.0
  outer loop
    vertex 0.8049774169921875 2.6712450981140137 1.0160069465637207
    vertex -0.024562835693359375 3.813006639480591 1.0160071849822998
    vertex 0.24007797241210938 3.8361618518829346 1.0160071849822998
  endloop
endfacet
facet normal 0.0 0.0 0.0
  outer loop
    vertex 0.8049774169921875 2.6712450981140137 1.0160069465637207
    vertex 0.24007797241210938 3.8361618518829346 1.0160071849822998
    vertex 0.8905105590820312 2.6941637992858887 1.0160069465637207
  endloop
endfacet
facet normal 0.0 0.0 0.0
  outer loop
    vertex 0.4784393310546875 2.2820966243743896 1.0160067081451416
    vertex -1.1920127868652344 2.833400249481201 1.0160069465637207
    vertex 0.5013580322265625 2.3676259517669678 1.0160069465637207
  endloop
endfacet
facet normal 0.0 0.0 0.0
  outer loop
    vertex 0.5013580322265625 2.3676259517669678 1.0160069465637207
    vertex -1.1920127868652344 2.833400249481201 1.0160069465637207
    vertex -1.0797462463378906 3.0741610527038574 1.0160069465637207
  endloop
endfacet
facet normal 0.0 0.0 0.0
  outer loop
    vertex 0.5013580322265625 2.3676259517669678 1.0160069465637207
    vertex -1.0797462463378906 3.0741610527038574 1.0160069465637207
    vertex 0.5387840270996094 2.447883367538452 1.0160069465637207
  endloop
endfacet
facet normal 0.0 0.0 0.0
  outer loop
    vertex 0.5387840270996094 2.447883367538452 1.0160069465637207
    vertex -1.0797462463378906 3.0741610527038574 1.0160069465637207
    vertex -0.9273757934570312 3.2917704582214355 1.0160069465637207
  endloop
endfacet
facet normal 0.0 0.0 0.0
  outer loop
    vertex 0.5387840270996094 2.447883367538452 1.0160069465637207
    vertex -0.9273757934570312 3.2917704582214355 1.0160069465637207
    vertex 0.5895729064941406 2.520415782928467 1.0160069465637207
  endloop
endfacet
facet normal 0.0 0.0 0.0
  outer loop
    vertex 0.5895729064941406 2.520415782928467 1.0160069465637207
    vertex -0.9273757934570312 3.2917704582214355 1.0160069465637207
    vertex -0.739532470703125 3.479609966278076 1.0160069465637207
  endloop
endfacet
facet normal 0.0 0.0 0.0
  outer loop
    vertex 0.5895729064941406 2.520415782928467 1.0160069465637207
    vertex -0.739532470703125 3.479609966278076 1.0160069465637207
    vertex -0.5219230651855469 3.631983995437622 1.0160069465637207
  endloop
endfacet
facet normal 0.0 0.0 0.0
  outer loop
    vertex 0.5013580322265625 -2.6927061080932617 1.0160059928894043
    vertex -1.0797462463378906 -3.12686824798584 1.0160057544708252
    vertex 0.4784393310546875 -2.607172966003418 1.0160059928894043
  endloop
endfacet
facet normal 0.0 0.0 0.0
  outer loop
    vertex 0.4784393310546875 -2.607172966003418 1.0160059928894043
    vertex -1.0797462463378906 -3.12686824798584 1.0160057544708252
    vertex -1.1920127868652344 -2.8861074447631836 1.0160059928894043
  endloop
endfacet
facet normal 0.0 0.0 0.0
  outer loop
    vertex 0.4784393310546875 -2.607172966003418 1.0160059928894043
    vertex -1.1920127868652344 -2.8861074447631836 1.0160059928894043
    vertex 0.47072601318359375 -2.5189619064331055 1.0160059928894043
  endloop
endfacet
facet normal 0.0 0.0 0.0
  outer loop
    vertex 0.24007797241210938 -3.8888652324676514 1.0160057544708252
    vertex -0.024562835693359375 -3.8657138347625732 1.0160057544708252
    vertex 0.6521873474121094 -2.9081106185913086 1.0160059928894043
  endloop
endfacet
facet normal 0.0 0.0 0.0
  outer loop
    vertex 0.6521873474121094 -2.9081106185913086 1.0160059928894043
    vertex -0.024562835693359375 -3.8657138347625732 1.0160057544708252
    vertex -0.2811622619628906 -3.7969577312469482 1.0160057544708252
  endloop
endfacet
facet normal 0.0 0.0 0.0
  outer loop
    vertex 0.6521873474121094 -2.9081106185913086 1.0160059928894043
    vertex -0.2811622619628906 -3.7969577312469482 1.0160057544708252
    vertex 0.5895729064941406 -2.84549617767334 1.0160059928894043
  endloop
endfacet
facet normal 0.0 0.0 0.0
  outer loop
    vertex 0.5895729064941406 -2.84549617767334 1.0160059928894043
    vertex -0.2811622619628906 -3.7969577312469482 1.0160057544708252
    vertex -0.5219230651855469 -3.6846911907196045 1.0160057544708252
  endloop
endfacet
facet normal 0.0 0.0 0.0
  outer loop
    vertex 0.5895729064941406 -2.84549617767334 1.0160059928894043
    vertex -0.5219230651855469 -3.6846911907196045 1.0160057544708252
    vertex 0.5387840270996094 -2.7729597091674805 1.0160059928894043
  endloop
endfacet
facet normal 0.0 0.0 0.0
  outer loop
    vertex 0.5387840270996094 -2.7729597091674805 1.0160059928894043
    vertex -0.5219230651855469 -3.6846911907196045 1.0160057544708252
    vertex -0.739532470703125 -3.5323169231414795 1.0160057544708252
  endloop
endfacet
facet normal 0.0 0.0 0.0
  outer loop
    vertex 0.5387840270996094 -2.7729597091674805 1.0160059928894043
    vertex -0.739532470703125 -3.5323169231414795 1.0160057544708252
    vertex 0.5013580322265625 -2.6927061080932617 1.0160059928894043
  endloop
endfacet
facet normal 0.0 0.0 0.0
  outer loop
    vertex 0.5013580322265625 -2.6927061080932617 1.0160059928894043
    vertex -0.739532470703125 -3.5323169231414795 1.0160057544708252
    vertex -0.9273757934570312 -3.3444738388061523 1.0160057544708252
  endloop
endfacet
facet normal 0.0 0.0 0.0
  outer loop
    vertex 0.5013580322265625 -2.6927061080932617 1.0160059928894043
    vertex -0.9273757934570312 -3.3444738388061523 1.0160057544708252
    vertex -1.0797462463378906 -3.12686824798584 1.0160057544708252
  endloop
endfacet
facet normal 0.0 0.0 0.0
  outer loop
    vertex 0.8049774169921875 -2.996321678161621 1.0160059928894043
    vertex 0.8905105590820312 -3.019240379333496 1.0160059928894043
    vertex 0.24007797241210938 -3.8888652324676514 1.0160057544708252
  endloop
endfacet
facet normal 0.0 0.0 0.0
  outer loop
    vertex 0.24007797241210938 -3.8888652324676514 1.0160057544708252
    vertex 0.8905105590820312 -3.019240379333496 1.0160059928894043
    vertex 0.9787254333496094 -3.026961326599121 1.0160059928894043
  endloop
endfacet
facet normal 0.0 0.0 0.0
  outer loop
    vertex 0.24007797241210938 -3.8888652324676514 1.0160057544708252
    vertex 0.9787254333496094 -3.026961326599121 1.0160059928894043
    vertex 4.241130828857422 -3.8888652324676514 1.0160057544708252
  endloop
endfacet
facet normal 0.0 0.0 0.0
  outer loop
    vertex 4.241130828857422 -3.8888652324676514 1.0160057544708252
    vertex 0.9787254333496094 -3.026961326599121 1.0160059928894043
    vertex 4.151500701904297 -3.026961326599121 1.0160059928894043
  endloop
endfacet
facet normal 0.0 0.0 0.0
  outer loop
    vertex 4.241130828857422 -3.8888652324676514 1.0160057544708252
    vertex 4.151500701904297 -3.026961326599121 1.0160059928894043
    vertex 4.505771636962891 -3.8657138347625732 1.0160057544708252
  endloop
endfacet
facet normal 0.0 0.0 0.0
  outer loop
    vertex 4.505771636962891 -3.8657138347625732 1.0160057544708252
    vertex 4.151500701904297 -3.026961326599121 1.0160059928894043
    vertex 4.239715576171875 -3.019240379333496 1.0160059928894043
  endloop
endfacet
facet normal 0.0 0.0 0.0
  outer loop
    vertex 4.505771636962891 -3.8657138347625732 1.0160057544708252
    vertex 4.239715576171875 -3.019240379333496 1.0160059928894043
    vertex 4.325248718261719 -2.996321678161621 1.0160059928894043
  endloop
endfacet
facet normal 0.0 0.0 0.0
  outer loop
    vertex 3.196319580078125 -0.704383373260498 1.0160062313079834
    vertex 3.196319580078125 0.3448984622955322 1.0160064697265625
    vertex 5.765132904052734 -0.704383373260498 1.0160062313079834
  endloop
endfacet
facet normal 0.0 0.0 0.0
  outer loop
    vertex 5.765132904052734 -0.704383373260498 1.0160062313079834
    vertex 3.196319580078125 0.3448984622955322 1.0160064697265625
    vertex 4.659503936767578 0.3448984622955322 1.0160064697265625
  endloop
endfacet
facet normal 0.0 0.0 0.0
  outer loop
    vertex 5.765132904052734 -0.704383373260498 1.0160062313079834
    vertex 4.659503936767578 0.3448984622955322 1.0160064697265625
    vertex 5.765132904052734 2.3121602535247803 1.0160067081451416
  endloop
endfacet
facet normal 0.0 0.0 0.0
  outer loop
    vertex 5.765132904052734 2.3121602535247803 1.0160067081451416
    vertex 4.659503936767578 0.3448984622955322 1.0160064697265625
    vertex 4.659503936767578 2.193885564804077 1.0160067081451416
  endloop
endfacet
facet normal 0.0 0.0 0.0
  outer loop
    vertex 5.765132904052734 2.3121602535247803 1.0160067081451416
    vertex 4.659503936767578 2.193885564804077 1.0160067081451416
    vertex 5.741981506347656 2.57680082321167 1.0160069465637207
  endloop
endfacet
facet normal 0.0 0.0 0.0
  outer loop
    vertex 5.741981506347656 2.57680082321167 1.0160069465637207
    vertex 4.659503936767578 2.193885564804077 1.0160067081451416
    vertex 4.651786804199219 2.2820966243743896 1.0160067081451416
  endloop
endfacet
facet normal 0.0 0.0 0.0
  outer loop
    vertex 5.741981506347656 2.57680082321167 1.0160069465637207
    vertex 4.651786804199219 2.2820966243743896 1.0160067081451416
    vertex 5.673225402832031 2.833400249481201 1.0160069465637207
  endloop
endfacet
facet normal 0.0 0.0 0.0
  outer loop
    vertex 5.673225402832031 2.833400249481201 1.0160069465637207
    vertex 4.651786804199219 2.2820966243743896 1.0160067081451416
    vertex 4.628868103027344 2.3676259517669678 1.0160069465637207
  endloop
endfacet
facet normal 0.0 0.0 0.0
  outer loop
    vertex 5.673225402832031 2.833400249481201 1.0160069465637207
    vertex 4.628868103027344 2.3676259517669678 1.0160069465637207
    vertex 5.5609588623046875 3.0741610527038574 1.0160069465637207
  endloop
endfacet
facet normal 0.0 0.0 0.0
  outer loop
    vertex 5.5609588623046875 3.0741610527038574 1.0160069465637207
    vertex 4.628868103027344 2.3676259517669678 1.0160069465637207
    vertex 4.591442108154297 2.447883367538452 1.0160069465637207
  endloop
endfacet
facet normal 0.0 0.0 0.0
  outer loop
    vertex 5.5609588623046875 3.0741610527038574 1.0160069465637207
    vertex 4.591442108154297 2.447883367538452 1.0160069465637207
    vertex 5.4085845947265625 3.2917704582214355 1.0160069465637207
  endloop
endfacet
facet normal 0.0 0.0 0.0
  outer loop
    vertex 5.4085845947265625 3.2917704582214355 1.0160069465637207
    vertex 4.591442108154297 2.447883367538452 1.0160069465637207
    vertex 4.540653228759766 2.520415782928467 1.0160069465637207
  endloop
endfacet
facet normal 0.0 0.0 0.0
  outer loop
    vertex 5.4085845947265625 3.2917704582214355 1.0160069465637207
    vertex 4.540653228759766 2.520415782928467 1.0160069465637207
    vertex 5.220741271972656 3.479609966278076 1.0160069465637207
  endloop
endfacet
facet normal 0.0 0.0 0.0
  outer loop
    vertex 5.220741271972656 3.479609966278076 1.0160069465637207
    vertex 4.540653228759766 2.520415782928467 1.0160069465637207
    vertex 4.478038787841797 2.5830302238464355 1.0160069465637207
  endloop
endfacet
facet normal 0.0 0.0 0.0
  outer loop
    vertex 5.220741271972656 3.479609966278076 1.0160069465637207
    vertex 4.478038787841797 2.5830302238464355 1.0160069465637207
    vertex 5.003131866455078 3.631983995437622 1.0160069465637207
  endloop
endfacet
facet normal 0.0 0.0 0.0
  outer loop
    vertex 5.003131866455078 3.631983995437622 1.0160069465637207
    vertex 4.478038787841797 2.5830302238464355 1.0160069465637207
    vertex 4.4055023193359375 2.6338229179382324 1.0160069465637207
  endloop
endfacet
facet normal 0.0 0.0 0.0
  outer loop
    vertex 5.003131866455078 3.631983995437622 1.0160069465637207
    vertex 4.4055023193359375 2.6338229179382324 1.0160069465637207
    vertex 4.762371063232422 3.7442543506622314 1.0160071849822998
  endloop
endfacet
facet normal 0.0 0.0 0.0
  outer loop
    vertex 4.762371063232422 3.7442543506622314 1.0160071849822998
    vertex 4.4055023193359375 2.6338229179382324 1.0160069465637207
    vertex 4.325248718261719 2.6712450981140137 1.0160069465637207
  endloop
endfacet
facet normal 0.0 0.0 0.0
  outer loop
    vertex 4.762371063232422 3.7442543506622314 1.0160071849822998
    vertex 4.325248718261719 2.6712450981140137 1.0160069465637207
    vertex 4.505771636962891 3.813006639480591 1.0160071849822998
  endloop
endfacet
facet normal 0.0 0.0 0.0
  outer loop
    vertex 4.505771636962891 3.813006639480591 1.0160071849822998
    vertex 4.325248718261719 2.6712450981140137 1.0160069465637207
    vertex 4.239715576171875 2.6941637992858887 1.0160069465637207
  endloop
endfacet
facet normal 0.0 0.0 0.0
  outer loop
    vertex 4.505771636962891 3.813006639480591 1.0160071849822998
    vertex 4.239715576171875 2.6941637992858887 1.0160069465637207
    vertex 4.241130828857422 3.8361618518829346 1.0160071849822998
  endloop
endfacet
facet normal 0.0 0.0 0.0
  outer loop
    vertex 4.241130828857422 3.8361618518829346 1.0160071849822998
    vertex 4.239715576171875 2.6941637992858887 1.0160069465637207
    vertex 4.151500701904297 2.7018847465515137 1.0160069465637207
  endloop
endfacet
facet normal 0.0 0.0 0.0
  outer loop
    vertex 4.241130828857422 3.8361618518829346 1.0160071849822998
    vertex 4.151500701904297 2.7018847465515137 1.0160069465637207
    vertex 0.24007797241210938 3.8361618518829346 1.0160071849822998
  endloop
endfacet
facet normal 0.0 0.0 0.0
  outer loop
    vertex 0.24007797241210938 3.8361618518829346 1.0160071849822998
    vertex 4.151500701904297 2.7018847465515137 1.0160069465637207
    vertex 0.9787254333496094 2.7018847465515137 1.0160069465637207
  endloop
endfacet
facet normal 0.0 0.0 0.0
  outer loop
    vertex 0.24007797241210938 3.8361618518829346 1.0160071849822998
    vertex 0.9787254333496094 2.7018847465515137 1.0160069465637207
    vertex 0.8905105590820312 2.6941637992858887 1.0160069465637207
  endloop
endfacet
facet normal 0.0 0.0 0.0
  outer loop
    vertex -1.1920127868652344 -2.8861074447631836 1.0160059928894043
    vertex -1.260772705078125 -2.6295042037963867 1.0160059928894043
    vertex 0.47072601318359375 -2.5189619064331055 1.0160059928894043
  endloop
endfacet
facet normal 0.0 0.0 0.0
  outer loop
    vertex 0.47072601318359375 -2.5189619064331055 1.0160059928894043
    vertex -1.260772705078125 -2.6295042037963867 1.0160059928894043
    vertex -1.2839241027832031 -2.3648674488067627 1.0160059928894043
  endloop
endfacet
facet normal 0.0 0.0 0.0
  outer loop
    vertex 0.47072601318359375 -2.5189619064331055 1.0160059928894043
    vertex -1.2839241027832031 -2.3648674488067627 1.0160059928894043
    vertex 0.47072601318359375 2.193885564804077 1.0160067081451416
  endloop
endfacet
facet normal 0.0 0.0 0.0
  outer loop
    vertex 0.47072601318359375 2.193885564804077 1.0160067081451416
    vertex -1.2839241027832031 -2.3648674488067627 1.0160059928894043
    vertex -1.2839241027832031 2.3121602535247803 1.0160067081451416
  endloop
endfacet
facet normal 0.0 0.0 0.0
  outer loop
    vertex 0.47072601318359375 2.193885564804077 1.0160067081451416
    vertex -1.2839241027832031 2.3121602535247803 1.0160067081451416
    vertex 0.4784393310546875 2.2820966243743896 1.0160067081451416
  endloop
endfacet
facet normal 0.0 0.0 0.0
  outer loop
    vertex 0.4784393310546875 2.2820966243743896 1.0160067081451416
    vertex -1.2839241027832031 2.3121602535247803 1.0160067081451416
    vertex -1.260772705078125 2.57680082321167 1.0160069465637207
  endloop
endfacet
facet normal 0.0 0.0 0.0
  outer loop
    vertex 0.4784393310546875 2.2820966243743896 1.0160067081451416
    vertex -1.260772705078125 2.57680082321167 1.0160069465637207
    vertex -1.1920127868652344 2.833400249481201 1.0160069465637207
  endloop
endfacet
facet normal 0.0 0.0 0.0
  outer loop
    vertex -5.089080810546875 1.49072265625 1.0160067081451416
    vertex -5.089080810546875 1.490722894668579 7.152557373046875e-06
    vertex -9.199609756469727 -3.8888652324676514 1.0160057544708252
  endloop
endfacet
facet normal 0.0 0.0 0.0
  outer loop
    vertex -9.199609756469727 -3.8888652324676514 1.0160057544708252
    vertex -5.089080810546875 1.490722894668579 7.152557373046875e-06
    vertex -8.501554489135742 -2.9752986431121826 6.4373016357421875e-06
  endloop
endfacet
facet normal 0.0 0.0 0.0
  outer loop
    vertex -9.199609756469727 -3.8888652324676514 1.0160057544708252
    vertex -8.501554489135742 -2.9752986431121826 6.4373016357421875e-06
    vertex -9.199609756469727 -3.8888649940490723 6.198883056640625e-06
  endloop
endfacet
facet normal 0.0 0.0 0.0
  outer loop
    vertex -5.089080810546875 1.490722894668579 7.152557373046875e-06
    vertex -5.089080810546875 1.49072265625 1.0160067081451416
    vertex -5.089080810546875 -2.9752986431121826 6.4373016357421875e-06
  endloop
endfacet
facet normal 0.0 0.0 0.0
  outer loop
    vertex -5.089080810546875 -2.9752986431121826 6.4373016357421875e-06
    vertex -5.089080810546875 1.49072265625 1.0160067081451416
    vertex -5.089080810546875 -3.8888652324676514 1.0160057544708252
  endloop
endfacet
facet normal 0.0 0.0 0.0
  outer loop
    vertex -5.089080810546875 -2.9752986431121826 6.4373016357421875e-06
    vertex -5.089080810546875 -3.8888652324676514 1.0160057544708252
    vertex -5.089080810546875 -3.8888649940490723 6.198883056640625e-06
  endloop
endfacet
facet normal 0.0 0.0 0.0
  outer loop
    vertex -5.089080810546875 -3.8888652324676514 1.0160057544708252
    vertex -3.404521942138672 -3.8888652324676514 1.0160057544708252
    vertex -5.089080810546875 -3.8888649940490723 6.198883056640625e-06
  endloop
endfacet
facet normal 0.0 0.0 0.0
  outer loop
    vertex -5.089080810546875 -3.8888649940490723 6.198883056640625e-06
    vertex -3.404521942138672 -3.8888652324676514 1.0160057544708252
    vertex -3.404521942138672 -3.8888649940490723 6.198883056640625e-06
  endloop
endfacet
facet normal 0.0 0.0 0.0
  outer loop
    vertex -3.404521942138672 3.8361618518829346 1.0160071849822998
    vertex -3.404521942138672 3.8361620903015137 7.62939453125e-06
    vertex -3.404521942138672 -3.8888652324676514 1.0160057544708252
  endloop
endfacet
facet normal 0.0 0.0 0.0
  outer loop
    vertex -3.404521942138672 -3.8888652324676514 1.0160057544708252
    vertex -3.404521942138672 3.8361620903015137 7.62939453125e-06
    vertex -3.404521942138672 -2.9752986431121826 6.4373016357421875e-06
  endloop
endfacet
facet normal 0.0 0.0 0.0
  outer loop
    vertex -3.404521942138672 -3.8888652324676514 1.0160057544708252
    vertex -3.404521942138672 -2.9752986431121826 6.4373016357421875e-06
    vertex -3.404521942138672 -3.8888649940490723 6.198883056640625e-06
  endloop
endfacet
facet normal 0.0 0.0 0.0
  outer loop
    vertex -3.404521942138672 3.8361618518829346 1.0160071849822998
    vertex -4.60723876953125 3.8361618518829346 1.0160071849822998
    vertex -3.404521942138672 3.8361620903015137 7.62939453125e-06
  endloop
endfacet
facet normal 0.0 0.0 0.0
  outer loop
    vertex -3.404521942138672 3.8361620903015137 7.62939453125e-06
    vertex -4.60723876953125 3.8361618518829346 1.0160071849822998
    vertex -4.60723876953125 3.8361620903015137 7.62939453125e-06
  endloop
endfacet
facet normal 0.0 0.0 0.0
  outer loop
    vertex -4.60723876953125 3.8361618518829346 1.0160071849822998
    vertex -8.717279434204102 -1.542781114578247 1.0160062313079834
    vertex -4.60723876953125 3.8361620903015137 7.62939453125e-06
  endloop
endfacet
facet normal 0.0 0.0 0.0
  outer loop
    vertex -4.60723876953125 3.8361620903015137 7.62939453125e-06
    vertex -8.717279434204102 -1.542781114578247 1.0160062313079834
    vertex -8.717279434204102 -1.542780876159668 6.67572021484375e-06
  endloop
endfacet
facet normal 0.0 0.0 0.0
  outer loop
    vertex -8.717279434204102 -1.542781114578247 1.0160062313079834
    vertex -8.717279434204102 3.8361618518829346 1.0160071849822998
    vertex -8.717279434204102 -1.542780876159668 6.67572021484375e-06
  endloop
endfacet
facet normal 0.0 0.0 0.0
  outer loop
    vertex -8.717279434204102 -1.542780876159668 6.67572021484375e-06
    vertex -8.717279434204102 3.8361618518829346 1.0160071849822998
    vertex -8.717279434204102 3.8361620903015137 7.62939453125e-06
  endloop
endfacet
facet normal 0.0 0.0 0.0
  outer loop
    vertex -8.717279434204102 3.8361618518829346 1.0160071849822998
    vertex -9.817949295043945 3.8361618518829346 1.0160071849822998
    vertex -8.717279434204102 3.8361620903015137 7.62939453125e-06
  endloop
endfacet
facet normal 0.0 0.0 0.0
  outer loop
    vertex -8.717279434204102 3.8361620903015137 7.62939453125e-06
    vertex -9.817949295043945 3.8361618518829346 1.0160071849822998
    vertex -9.817949295043945 3.8361620903015137 7.62939453125e-06
  endloop
endfacet
facet normal 0.0 0.0 0.0
  outer loop
    vertex -9.817949295043945 3.8361620903015137 7.62939453125e-06
    vertex -9.817949295043945 3.8361618518829346 1.0160071849822998
    vertex -9.817949295043945 -2.9752986431121826 6.4373016357421875e-06
  endloop
endfacet
facet normal 0.0 0.0 0.0
  outer loop
    vertex -9.817949295043945 -2.9752986431121826 6.4373016357421875e-06
    vertex -9.817949295043945 3.8361618518829346 1.0160071849822998
    vertex -9.817949295043945 -3.8888652324676514 1.0160057544708252
  endloop
endfacet
facet normal 0.0 0.0 0.0
  outer loop
    vertex -9.817949295043945 -2.9752986431121826 6.4373016357421875e-06
    vertex -9.817949295043945 -3.8888652324676514 1.0160057544708252
    vertex -9.817949295043945 -3.8888649940490723 6.198883056640625e-06
  endloop
endfacet
facet normal 0.0 0.0 0.0
  outer loop
    vertex -9.817949295043945 -3.8888652324676514 1.0160057544708252
    vertex -9.199609756469727 -3.8888652324676514 1.0160057544708252
    vertex -9.817949295043945 -3.8888649940490723 6.198883056640625e-06
  endloop
endfacet
facet normal 0.0 0.0 0.0
  outer loop
    vertex -9.817949295043945 -3.8888649940490723 6.198883056640625e-06
    vertex -9.199609756469727 -3.8888652324676514 1.0160057544708252
    vertex -9.199609756469727 -3.8888649940490723 6.198883056640625e-06
  endloop
endfacet
facet normal 0.0 0.0 0.0
  outer loop
    vertex -3.404521942138672 -3.8888652324676514 1.0160057544708252
    vertex -5.089080810546875 -3.8888652324676514 1.0160057544708252
    vertex -3.404521942138672 3.8361618518829346 1.0160071849822998
  endloop
endfacet
facet normal 0.0 0.0 0.0
  outer loop
    vertex -3.404521942138672 3.8361618518829346 1.0160071849822998
    vertex -5.089080810546875 -3.8888652324676514 1.0160057544708252
    vertex -5.089080810546875 1.49072265625 1.0160067081451416
  endloop
endfacet
facet normal 0.0 0.0 0.0
  outer loop
    vertex -3.404521942138672 3.8361618518829346 1.0160071849822998
    vertex -5.089080810546875 1.49072265625 1.0160067081451416
    vertex -4.60723876953125 3.8361618518829346 1.0160071849822998
  endloop
endfacet
facet normal 0.0 0.0 0.0
  outer loop
    vertex -9.817949295043945 3.8361618518829346 1.0160071849822998
    vertex -8.717279434204102 3.8361618518829346 1.0160071849822998
    vertex -9.817949295043945 -3.8888652324676514 1.0160057544708252
  endloop
endfacet
facet normal 0.0 0.0 0.0
  outer loop
    vertex -9.817949295043945 -3.8888652324676514 1.0160057544708252
    vertex -8.717279434204102 3.8361618518829346 1.0160071849822998
    vertex -8.717279434204102 -1.542781114578247 1.0160062313079834
  endloop
endfacet
facet normal 0.0 0.0 0.0
  outer loop
    vertex -4.60723876953125 3.8361618518829346 1.0160071849822998
    vertex -5.089080810546875 1.49072265625 1.0160067081451416
    vertex -8.717279434204102 -1.542781114578247 1.0160062313079834
  endloop
endfacet
facet normal 0.0 0.0 0.0
  outer loop
    vertex -8.717279434204102 -1.542781114578247 1.0160062313079834
    vertex -5.089080810546875 1.49072265625 1.0160067081451416
    vertex -9.199609756469727 -3.8888652324676514 1.0160057544708252
  endloop
endfacet
facet normal 0.0 0.0 0.0
  outer loop
    vertex -8.717279434204102 -1.542781114578247 1.0160062313079834
    vertex -9.199609756469727 -3.8888652324676514 1.0160057544708252
    vertex -9.817949295043945 -3.8888652324676514 1.0160057544708252
  endloop
endfacet
facet normal 0.0 0.0 0.0
  outer loop
    vertex -13.31563949584961 3.8361620903015137 7.62939453125e-06
    vertex -13.31563949584961 3.8361618518829346 1.0160071849822998
    vertex -13.31563949584961 -2.9752986431121826 6.4373016357421875e-06
  endloop
endfacet
facet normal 0.0 0.0 0.0
  outer loop
    vertex -13.31563949584961 -2.9752986431121826 6.4373016357421875e-06
    vertex -13.31563949584961 3.8361618518829346 1.0160071849822998
    vertex -13.31563949584961 -3.8888652324676514 1.0160057544708252
  endloop
endfacet
facet normal 0.0 0.0 0.0
  outer loop
    vertex -13.31563949584961 -2.9752986431121826 6.4373016357421875e-06
    vertex -13.31563949584961 -3.8888652324676514 1.0160057544708252
    vertex -13.31563949584961 -3.8888649940490723 6.198883056640625e-06
  endloop
endfacet
facet normal 0.0 0.0 0.0
  outer loop
    vertex -13.31563949584961 -3.8888652324676514 1.0160057544708252
    vertex -12.274354934692383 -3.8888652324676514 1.0160057544708252
    vertex -13.31563949584961 -3.8888649940490723 6.198883056640625e-06
  endloop
endfacet
facet normal 0.0 0.0 0.0
  outer loop
    vertex -13.31563949584961 -3.8888649940490723 6.198883056640625e-06
    vertex -12.274354934692383 -3.8888652324676514 1.0160057544708252
    vertex -12.274354934692383 -3.8888649940490723 6.198883056640625e-06
  endloop
endfacet
facet normal 0.0 0.0 0.0
  outer loop
    vertex -12.274354934692383 3.8361618518829346 1.0160071849822998
    vertex -12.274354934692383 3.8361620903015137 7.62939453125e-06
    vertex -12.274354934692383 -3.8888652324676514 1.0160057544708252
  endloop
endfacet
facet normal 0.0 0.0 0.0
  outer loop
    vertex -12.274354934692383 -3.8888652324676514 1.0160057544708252
    vertex -12.274354934692383 3.8361620903015137 7.62939453125e-06
    vertex -12.274354934692383 -2.9752986431121826 6.4373016357421875e-06
  endloop
endfacet
facet normal 0.0 0.0 0.0
  outer loop
    vertex -12.274354934692383 -3.8888652324676514 1.0160057544708252
    vertex -12.274354934692383 -2.9752986431121826 6.4373016357421875e-06
    vertex -12.274354934692383 -3.8888649940490723 6.198883056640625e-06
  endloop
endfacet
facet normal 0.0 0.0 0.0
  outer loop
    vertex -12.274354934692383 3.8361618518829346 1.0160071849822998
    vertex -13.31563949584961 3.8361618518829346 1.0160071849822998
    vertex -12.274354934692383 3.8361620903015137 7.62939453125e-06
  endloop
endfacet
facet normal 0.0 0.0 0.0
  outer loop
    vertex -12.274354934692383 3.8361620903015137 7.62939453125e-06
    vertex -13.31563949584961 3.8361618518829346 1.0160071849822998
    vertex -13.31563949584961 3.8361620903015137 7.62939453125e-06
  endloop
endfacet
facet normal 0.0 0.0 0.0
  outer loop
    vertex -12.274354934692383 3.8361618518829346 1.0160071849822998
    vertex -12.274354934692383 -3.8888652324676514 1.0160057544708252
    vertex -13.31563949584961 3.8361618518829346 1.0160071849822998
  endloop
endfacet
facet normal 0.0 0.0 0.0
  outer loop
    vertex -13.31563949584961 3.8361618518829346 1.0160071849822998
    vertex -12.274354934692383 -3.8888652324676514 1.0160057544708252
    vertex -13.31563949584961 -3.8888652324676514 1.0160057544708252
  endloop
endfacet
facet normal 0.0 0.0 0.0
  outer loop
    vertex -22.829715728759766 -0.5203929543495178 1.0160062313079834
    vertex -22.829715728759766 -0.5203927755355835 6.67572021484375e-06
    vertex -22.810422897338867 -0.2998577058315277 1.0160064697265625
  endloop
endfacet
facet normal 0.0 0.0 0.0
  outer loop
    vertex -22.810422897338867 -0.2998577058315277 1.0160064697265625
    vertex -22.829715728759766 -0.5203927755355835 6.67572021484375e-06
    vertex -22.810422897338867 -0.2998575270175934 6.9141387939453125e-06
  endloop
endfacet
facet normal 0.0 0.0 0.0
  outer loop
    vertex -22.810422897338867 -0.2998577058315277 1.0160064697265625
    vertex -22.810422897338867 -0.2998575270175934 6.9141387939453125e-06
    vertex -22.75312614440918 -0.08602488040924072 1.0160064697265625
  endloop
endfacet
facet normal 0.0 0.0 0.0
  outer loop
    vertex -22.75312614440918 -0.08602488040924072 1.0160064697265625
    vertex -22.810422897338867 -0.2998575270175934 6.9141387939453125e-06
    vertex -22.75312614440918 -0.0860247015953064 6.9141387939453125e-06
  endloop
endfacet
facet normal 0.0 0.0 0.0
  outer loop
    vertex -22.75312614440918 -0.08602488040924072 1.0160064697265625
    vertex -22.75312614440918 -0.0860247015953064 6.9141387939453125e-06
    vertex -22.659568786621094 0.11460525542497635 1.0160064697265625
  endloop
endfacet
facet normal 0.0 0.0 0.0
  outer loop
    vertex -22.659568786621094 0.11460525542497635 1.0160064697265625
    vertex -22.75312614440918 -0.0860247015953064 6.9141387939453125e-06
    vertex -22.659568786621094 0.11460543423891068 6.9141387939453125e-06
  endloop
endfacet
facet normal 0.0 0.0 0.0
  outer loop
    vertex -22.659568786621094 0.11460525542497635 1.0160064697265625
    vertex -22.659568786621094 0.11460543423891068 6.9141387939453125e-06
    vertex -22.5325927734375 0.295944482088089 1.0160064697265625
  endloop
endfacet
facet normal 0.0 0.0 0.0
  outer loop
    vertex -22.5325927734375 0.295944482088089 1.0160064697265625
    vertex -22.659568786621094 0.11460543423891068 6.9141387939453125e-06
    vertex -22.5325927734375 0.2959446609020233 6.9141387939453125e-06
  endloop
endfacet
facet normal 0.0 0.0 0.0
  outer loop
    vertex -22.5325927734375 0.295944482088089 1.0160064697265625
    vertex -22.5325927734375 0.2959446609020233 6.9141387939453125e-06
    vertex -22.376056671142578 0.4524843394756317 1.0160064697265625
  endloop
endfacet
facet normal 0.0 0.0 0.0
  outer loop
    vertex -22.376056671142578 0.4524843394756317 1.0160064697265625
    vertex -22.5325927734375 0.2959446609020233 6.9141387939453125e-06
    vertex -22.376056671142578 0.45248451828956604 6.9141387939453125e-06
  endloop
endfacet
facet normal 0.0 0.0 0.0
  outer loop
    vertex -22.376056671142578 0.4524843394756317 1.0160064697265625
    vertex -22.376056671142578 0.45248451828956604 6.9141387939453125e-06
    vertex -22.19471549987793 0.5794603228569031 1.0160064697265625
  endloop
endfacet
facet normal 0.0 0.0 0.0
  outer loop
    vertex -22.19471549987793 0.5794603228569031 1.0160064697265625
    vertex -22.376056671142578 0.45248451828956604 6.9141387939453125e-06
    vertex -22.19471549987793 0.5794605016708374 6.9141387939453125e-06
  endloop
endfacet
facet normal 0.0 0.0 0.0
  outer loop
    vertex -22.19471549987793 0.5794603228569031 1.0160064697265625
    vertex -22.19471549987793 0.5794605016708374 6.9141387939453125e-06
    vertex -21.994081497192383 0.6730157136917114 1.0160064697265625
  endloop
endfacet
facet normal 0.0 0.0 0.0
  outer loop
    vertex -21.994081497192383 0.6730157136917114 1.0160064697265625
    vertex -22.19471549987793 0.5794605016708374 6.9141387939453125e-06
    vertex -21.994081497192383 0.6730158925056458 6.9141387939453125e-06
  endloop
endfacet
facet normal 0.0 0.0 0.0
  outer loop
    vertex -21.994081497192383 0.6730157136917114 1.0160064697265625
    vertex -21.994081497192383 0.6730158925056458 6.9141387939453125e-06
    vertex -21.780248641967773 0.7303124666213989 1.0160064697265625
  endloop
endfacet
facet normal 0.0 0.0 0.0
  outer loop
    vertex -21.780248641967773 0.7303124666213989 1.0160064697265625
    vertex -21.994081497192383 0.6730158925056458 6.9141387939453125e-06
    vertex -21.780248641967773 0.7303126454353333 6.9141387939453125e-06
  endloop
endfacet
facet normal 0.0 0.0 0.0
  outer loop
    vertex -21.780248641967773 0.7303124666213989 1.0160064697265625
    vertex -21.780248641967773 0.7303126454353333 6.9141387939453125e-06
    vertex -21.559715270996094 0.7496072053909302 1.0160064697265625
  endloop
endfacet
facet normal 0.0 0.0 0.0
  outer loop
    vertex -21.559715270996094 0.7496072053909302 1.0160064697265625
    vertex -21.780248641967773 0.7303126454353333 6.9141387939453125e-06
    vertex -21.559715270996094 0.7496073842048645 6.9141387939453125e-06
  endloop
endfacet
facet normal 0.0 0.0 0.0
  outer loop
    vertex -22.829715728759766 -0.5203929543495178 1.0160062313079834
    vertex -22.829715728759766 -2.6188650131225586 1.0160059928894043
    vertex -22.829715728759766 -0.5203927755355835 6.67572021484375e-06
  endloop
endfacet
facet normal 0.0 0.0 0.0
  outer loop
    vertex -22.829715728759766 -0.5203927755355835 6.67572021484375e-06
    vertex -22.829715728759766 -2.6188650131225586 1.0160059928894043
    vertex -22.829715728759766 -2.6188647747039795 6.4373016357421875e-06
  endloop
endfacet
facet normal 0.0 0.0 0.0
  outer loop
    vertex -21.559715270996094 -3.8888652324676514 1.0160057544708252
    vertex -21.559715270996094 -3.8888649940490723 6.198883056640625e-06
    vertex -21.780248641967773 -3.86957049369812 1.0160057544708252
  endloop
endfacet
facet normal 0.0 0.0 0.0
  outer loop
    vertex -21.780248641967773 -3.86957049369812 1.0160057544708252
    vertex -21.559715270996094 -3.8888649940490723 6.198883056640625e-06
    vertex -21.780248641967773 -3.869570255279541 6.198883056640625e-06
  endloop
endfacet
facet normal 0.0 0.0 0.0
  outer loop
    vertex -21.780248641967773 -3.86957049369812 1.0160057544708252
    vertex -21.780248641967773 -3.869570255279541 6.198883056640625e-06
    vertex -21.994081497192383 -3.8122775554656982 1.0160057544708252
  endloop
endfacet
facet normal 0.0 0.0 0.0
  outer loop
    vertex -21.994081497192383 -3.8122775554656982 1.0160057544708252
    vertex -21.780248641967773 -3.869570255279541 6.198883056640625e-06
    vertex -21.994081497192383 -3.812277317047119 6.198883056640625e-06
  endloop
endfacet
facet normal 0.0 0.0 0.0
  outer loop
    vertex -21.994081497192383 -3.8122775554656982 1.0160057544708252
    vertex -21.994081497192383 -3.812277317047119 6.198883056640625e-06
    vertex -22.19471549987793 -3.718722105026245 1.0160057544708252
  endloop
endfacet
facet normal 0.0 0.0 0.0
  outer loop
    vertex -22.19471549987793 -3.718722105026245 1.0160057544708252
    vertex -21.994081497192383 -3.812277317047119 6.198883056640625e-06
    vertex -22.19471549987793 -3.718721866607666 6.198883056640625e-06
  endloop
endfacet
facet normal 0.0 0.0 0.0
  outer loop
    vertex -22.19471549987793 -3.718722105026245 1.0160057544708252
    vertex -22.19471549987793 -3.718721866607666 6.198883056640625e-06
    vertex -22.376056671142578 -3.5917422771453857 1.0160057544708252
  endloop
endfacet
facet normal 0.0 0.0 0.0
  outer loop
    vertex -22.376056671142578 -3.5917422771453857 1.0160057544708252
    vertex -22.19471549987793 -3.718721866607666 6.198883056640625e-06
    vertex -22.376056671142578 -3.5917420387268066 6.198883056640625e-06
  endloop
endfacet
facet normal 0.0 0.0 0.0
  outer loop
    vertex -22.376056671142578 -3.5917422771453857 1.0160057544708252
    vertex -22.376056671142578 -3.5917420387268066 6.198883056640625e-06
    vertex -22.5325927734375 -3.435206413269043 1.0160057544708252
  endloop
endfacet
facet normal 0.0 0.0 0.0
  outer loop
    vertex -22.5325927734375 -3.435206413269043 1.0160057544708252
    vertex -22.376056671142578 -3.5917420387268066 6.198883056640625e-06
    vertex -22.5325927734375 -3.435206174850464 6.198883056640625e-06
  endloop
endfacet
facet normal 0.0 0.0 0.0
  outer loop
    vertex -22.5325927734375 -3.435206413269043 1.0160057544708252
    vertex -22.5325927734375 -3.435206174850464 6.198883056640625e-06
    vertex -22.659568786621094 -3.2538671493530273 1.0160057544708252
  endloop
endfacet
facet normal 0.0 0.0 0.0
  outer loop
    vertex -22.659568786621094 -3.2538671493530273 1.0160057544708252
    vertex -22.5325927734375 -3.435206174850464 6.198883056640625e-06
    vertex -22.659568786621094 -3.2538669109344482 6.198883056640625e-06
  endloop
endfacet
facet normal 0.0 0.0 0.0
  outer loop
    vertex -22.659568786621094 -3.2538671493530273 1.0160057544708252
    vertex -22.659568786621094 -3.2538669109344482 6.198883056640625e-06
    vertex -22.75312614440918 -3.053229331970215 1.0160059928894043
  endloop
endfacet
facet normal 0.0 0.0 0.0
  outer loop
    vertex -22.659568786621094 -3.2538669109344482 6.198883056640625e-06
    vertex -22.75312614440918 -3.0532290935516357 6.4373016357421875e-06
    vertex -22.75312614440918 -3.053229331970215 1.0160059928894043
  endloop
endfacet
facet normal 0.0 0.0 0.0
  outer loop
    vertex -22.75312614440918 -3.053229331970215 1.0160059928894043
    vertex -22.75312614440918 -3.0532290935516357 6.4373016357421875e-06
    vertex -22.77400779724121 -2.9752986431121826 6.4373016357421875e-06
  endloop
endfacet
facet normal 0.0 0.0 0.0
  outer loop
    vertex -22.75312614440918 -3.053229331970215 1.0160059928894043
    vertex -22.77400779724121 -2.9752986431121826 6.4373016357421875e-06
    vertex -22.810422897338867 -2.839400291442871 1.0160059928894043
  endloop
endfacet
facet normal 0.0 0.0 0.0
  outer loop
    vertex -22.810422897338867 -2.839400291442871 1.0160059928894043
    vertex -22.77400779724121 -2.9752986431121826 6.4373016357421875e-06
    vertex -22.810422897338867 -2.839400053024292 6.4373016357421875e-06
  endloop
endfacet
facet normal 0.0 0.0 0.0
  outer loop
    vertex -22.810422897338867 -2.839400291442871 1.0160059928894043
    vertex -22.810422897338867 -2.839400053024292 6.4373016357421875e-06
    vertex -22.829715728759766 -2.6188650131225586 1.0160059928894043
  endloop
endfacet
facet normal 0.0 0.0 0.0
  outer loop
    vertex -22.829715728759766 -2.6188650131225586 1.0160059928894043
    vertex -22.810422897338867 -2.839400053024292 6.4373016357421875e-06
    vertex -22.829715728759766 -2.6188647747039795 6.4373016357421875e-06
  endloop
endfacet
facet normal 0.0 0.0 0.0
  outer loop
    vertex -21.559715270996094 -3.8888652324676514 1.0160057544708252
    vertex -18.31891441345215 -3.8888652324676514 1.0160057544708252
    vertex -21.559715270996094 -3.8888649940490723 6.198883056640625e-06
  endloop
endfacet
facet normal 0.0 0.0 0.0
  outer loop
    vertex -21.559715270996094 -3.8888649940490723 6.198883056640625e-06
    vertex -18.31891441345215 -3.8888652324676514 1.0160057544708252
    vertex -18.31891441345215 -3.8888649940490723 6.198883056640625e-06
  endloop
endfacet
facet normal 0.0 0.0 0.0
  outer loop
    vertex -16.286914825439453 -1.8568679094314575 1.0160059928894043
    vertex -16.286914825439453 -1.8568676710128784 6.4373016357421875e-06
    vertex -16.317785263061523 -2.2097198963165283 1.0160059928894043
  endloop
endfacet
facet normal 0.0 0.0 0.0
  outer loop
    vertex -16.317785263061523 -2.2097198963165283 1.0160059928894043
    vertex -16.286914825439453 -1.8568676710128784 6.4373016357421875e-06
    vertex -16.317785263061523 -2.209719657897949 6.4373016357421875e-06
  endloop
endfacet
facet normal 0.0 0.0 0.0
  outer loop
    vertex -16.317785263061523 -2.2097198963165283 1.0160059928894043
    vertex -16.317785263061523 -2.209719657897949 6.4373016357421875e-06
    vertex -16.409460067749023 -2.551852226257324 1.0160059928894043
  endloop
endfacet
facet normal 0.0 0.0 0.0
  outer loop
    vertex -16.409460067749023 -2.551852226257324 1.0160059928894043
    vertex -16.317785263061523 -2.209719657897949 6.4373016357421875e-06
    vertex -16.409460067749023 -2.551851987838745 6.4373016357421875e-06
  endloop
endfacet
facet normal 0.0 0.0 0.0
  outer loop
    vertex -16.409460067749023 -2.551852226257324 1.0160059928894043
    vertex -16.409460067749023 -2.551851987838745 6.4373016357421875e-06
    vertex -16.55915069580078 -2.872866630554199 1.0160059928894043
  endloop
endfacet
facet normal 0.0 0.0 0.0
  outer loop
    vertex -16.409460067749023 -2.551851987838745 6.4373016357421875e-06
    vertex -16.55915069580078 -2.87286639213562 6.4373016357421875e-06
    vertex -16.55915069580078 -2.872866630554199 1.0160059928894043
  endloop
endfacet
facet normal 0.0 0.0 0.0
  outer loop
    vertex -16.55915069580078 -2.872866630554199 1.0160059928894043
    vertex -16.55915069580078 -2.87286639213562 6.4373016357421875e-06
    vertex -16.630876541137695 -2.9752986431121826 6.4373016357421875e-06
  endloop
endfacet
facet normal 0.0 0.0 0.0
  outer loop
    vertex -16.55915069580078 -2.872866630554199 1.0160059928894043
    vertex -16.630876541137695 -2.9752986431121826 6.4373016357421875e-06
    vertex -16.762311935424805 -3.1630125045776367 1.0160057544708252
  endloop
endfacet
facet normal 0.0 0.0 0.0
  outer loop
    vertex -16.762311935424805 -3.1630125045776367 1.0160057544708252
    vertex -16.630876541137695 -2.9752986431121826 6.4373016357421875e-06
    vertex -16.762311935424805 -3.1630122661590576 6.198883056640625e-06
  endloop
endfacet
facet normal 0.0 0.0 0.0
  outer loop
    vertex -16.762311935424805 -3.1630125045776367 1.0160057544708252
    vertex -16.762311935424805 -3.1630122661590576 6.198883056640625e-06
    vertex -17.01276969909668 -3.4134702682495117 1.0160057544708252
  endloop
endfacet
facet normal 0.0 0.0 0.0
  outer loop
    vertex -17.01276969909668 -3.4134702682495117 1.0160057544708252
    vertex -16.762311935424805 -3.1630122661590576 6.198883056640625e-06
    vertex -17.01276969909668 -3.4134700298309326 6.198883056640625e-06
  endloop
endfacet
facet normal 0.0 0.0 0.0
  outer loop
    vertex -17.01276969909668 -3.4134702682495117 1.0160057544708252
    vertex -17.01276969909668 -3.4134700298309326 6.198883056640625e-06
    vertex -17.302913665771484 -3.6166293621063232 1.0160057544708252
  endloop
endfacet
facet normal 0.0 0.0 0.0
  outer loop
    vertex -17.302913665771484 -3.6166293621063232 1.0160057544708252
    vertex -17.01276969909668 -3.4134700298309326 6.198883056640625e-06
    vertex -17.302913665771484 -3.616629123687744 6.198883056640625e-06
  endloop
endfacet
facet normal 0.0 0.0 0.0
  outer loop
    vertex -17.302913665771484 -3.6166293621063232 1.0160057544708252
    vertex -17.302913665771484 -3.616629123687744 6.198883056640625e-06
    vertex -17.623929977416992 -3.766321897506714 1.0160057544708252
  endloop
endfacet
facet normal 0.0 0.0 0.0
  outer loop
    vertex -17.623929977416992 -3.766321897506714 1.0160057544708252
    vertex -17.302913665771484 -3.616629123687744 6.198883056640625e-06
    vertex -17.623929977416992 -3.7663216590881348 6.198883056640625e-06
  endloop
endfacet
facet normal 0.0 0.0 0.0
  outer loop
    vertex -17.623929977416992 -3.766321897506714 1.0160057544708252
    vertex -17.623929977416992 -3.7663216590881348 6.198883056640625e-06
    vertex -17.966060638427734 -3.857996702194214 1.0160057544708252
  endloop
endfacet
facet normal 0.0 0.0 0.0
  outer loop
    vertex -17.966060638427734 -3.857996702194214 1.0160057544708252
    vertex -17.623929977416992 -3.7663216590881348 6.198883056640625e-06
    vertex -17.966060638427734 -3.8579964637756348 6.198883056640625e-06
  endloop
endfacet
facet normal 0.0 0.0 0.0
  outer loop
    vertex -17.966060638427734 -3.857996702194214 1.0160057544708252
    vertex -17.966060638427734 -3.8579964637756348 6.198883056640625e-06
    vertex -18.31891441345215 -3.8888652324676514 1.0160057544708252
  endloop
endfacet
facet normal 0.0 0.0 0.0
  outer loop
    vertex -18.31891441345215 -3.8888652324676514 1.0160057544708252
    vertex -17.966060638427734 -3.8579964637756348 6.198883056640625e-06
    vertex -18.31891441345215 -3.8888649940490723 6.198883056640625e-06
  endloop
endfacet
facet normal 0.0 0.0 0.0
  outer loop
    vertex -16.286914825439453 -1.8568679094314575 1.0160059928894043
    vertex -16.286914825439453 -1.6916611194610596 1.0160062313079834
    vertex -16.286914825439453 -1.8568676710128784 6.4373016357421875e-06
  endloop
endfacet
facet normal 0.0 0.0 0.0
  outer loop
    vertex -16.286914825439453 -1.8568676710128784 6.4373016357421875e-06
    vertex -16.286914825439453 -1.6916611194610596 1.0160062313079834
    vertex -16.286914825439453 -1.6916608810424805 6.67572021484375e-06
  endloop
endfacet
facet normal 0.0 0.0 0.0
  outer loop
    vertex -16.286914825439453 -1.6916611194610596 1.0160062313079834
    vertex -17.93791389465332 -1.6916611194610596 1.0160062313079834
    vertex -16.286914825439453 -1.6916608810424805 6.67572021484375e-06
  endloop
endfacet
facet normal 0.0 0.0 0.0
  outer loop
    vertex -16.286914825439453 -1.6916608810424805 6.67572021484375e-06
    vertex -17.93791389465332 -1.6916611194610596 1.0160062313079834
    vertex -17.93791389465332 -1.6916608810424805 6.67572021484375e-06
  endloop
endfacet
facet normal 0.0 0.0 0.0
  outer loop
    vertex -17.93791389465332 -1.6916611194610596 1.0160062313079834
    vertex -17.93791389465332 -2.142615556716919 1.0160059928894043
    vertex -17.93791389465332 -1.6916608810424805 6.67572021484375e-06
  endloop
endfacet
facet normal 0.0 0.0 0.0
  outer loop
    vertex -17.93791389465332 -1.6916608810424805 6.67572021484375e-06
    vertex -17.93791389465332 -2.142615556716919 1.0160059928894043
    vertex -17.93791389465332 -2.14261531829834 6.4373016357421875e-06
  endloop
endfacet
facet normal 0.0 0.0 0.0
  outer loop
    vertex -18.191913604736328 -2.3966171741485596 1.0160059928894043
    vertex -18.191913604736328 -2.3966169357299805 6.4373016357421875e-06
    vertex -18.147808074951172 -2.3927602767944336 6.4373016357421875e-06
  endloop
endfacet
facet normal 0.0 0.0 0.0
  outer loop
    vertex -18.191913604736328 -2.3966171741485596 1.0160059928894043
    vertex -18.147808074951172 -2.3927602767944336 6.4373016357421875e-06
    vertex -18.147808074951172 -2.3927605152130127 1.0160059928894043
  endloop
endfacet
facet normal 0.0 0.0 0.0
  outer loop
    vertex -18.147808074951172 -2.3927605152130127 1.0160059928894043
    vertex -18.147808074951172 -2.3927602767944336 6.4373016357421875e-06
    vertex -18.10504150390625 -2.381300926208496 6.4373016357421875e-06
  endloop
endfacet
facet normal 0.0 0.0 0.0
  outer loop
    vertex -18.147808074951172 -2.3927605152130127 1.0160059928894043
    vertex -18.10504150390625 -2.381300926208496 6.4373016357421875e-06
    vertex -18.10504150390625 -2.381301164627075 1.0160059928894043
  endloop
endfacet
facet normal 0.0 0.0 0.0
  outer loop
    vertex -18.10504150390625 -2.381301164627075 1.0160059928894043
    vertex -18.10504150390625 -2.381300926208496 6.4373016357421875e-06
    vertex -18.06491470336914 -2.3625898361206055 6.4373016357421875e-06
  endloop
endfacet
facet normal 0.0 0.0 0.0
  outer loop
    vertex -18.10504150390625 -2.381301164627075 1.0160059928894043
    vertex -18.06491470336914 -2.3625898361206055 6.4373016357421875e-06
    vertex -18.06491470336914 -2.3625900745391846 1.0160059928894043
  endloop
endfacet
facet normal 0.0 0.0 0.0
  outer loop
    vertex -18.06491470336914 -2.3625900745391846 1.0160059928894043
    vertex -18.06491470336914 -2.3625898361206055 6.4373016357421875e-06
    vertex -18.028644561767578 -2.337191581726074 6.4373016357421875e-06
  endloop
endfacet
facet normal 0.0 0.0 0.0
  outer loop
    vertex -18.06491470336914 -2.3625900745391846 1.0160059928894043
    vertex -18.028644561767578 -2.337191581726074 6.4373016357421875e-06
    vertex -18.028644561767578 -2.3371918201446533 1.0160059928894043
  endloop
endfacet
facet normal 0.0 0.0 0.0
  outer loop
    vertex -18.028644561767578 -2.3371918201446533 1.0160059928894043
    vertex -18.028644561767578 -2.337191581726074 6.4373016357421875e-06
    vertex -17.997339248657227 -2.30588436126709 6.4373016357421875e-06
  endloop
endfacet
facet normal 0.0 0.0 0.0
  outer loop
    vertex -18.028644561767578 -2.3371918201446533 1.0160059928894043
    vertex -17.997339248657227 -2.30588436126709 6.4373016357421875e-06
    vertex -17.997339248657227 -2.305884599685669 1.0160059928894043
  endloop
endfacet
facet normal 0.0 0.0 0.0
  outer loop
    vertex -17.997339248657227 -2.305884599685669 1.0160059928894043
    vertex -17.997339248657227 -2.30588436126709 6.4373016357421875e-06
    vertex -17.97194480895996 -2.2696142196655273 6.4373016357421875e-06
  endloop
endfacet
facet normal 0.0 0.0 0.0
  outer loop
    vertex -17.997339248657227 -2.305884599685669 1.0160059928894043
    vertex -17.97194480895996 -2.2696142196655273 6.4373016357421875e-06
    vertex -17.97194480895996 -2.2696144580841064 1.0160059928894043
  endloop
endfacet
facet normal 0.0 0.0 0.0
  outer loop
    vertex -17.97194480895996 -2.2696144580841064 1.0160059928894043
    vertex -17.97194480895996 -2.2696142196655273 6.4373016357421875e-06
    vertex -17.953231811523438 -2.2294912338256836 6.4373016357421875e-06
  endloop
endfacet
facet normal 0.0 0.0 0.0
  outer loop
    vertex -17.97194480895996 -2.2696144580841064 1.0160059928894043
    vertex -17.953231811523438 -2.2294912338256836 6.4373016357421875e-06
    vertex -17.953231811523438 -2.2294914722442627 1.0160059928894043
  endloop
endfacet
facet normal 0.0 0.0 0.0
  outer loop
    vertex -17.953231811523438 -2.2294914722442627 1.0160059928894043
    vertex -17.953231811523438 -2.2294912338256836 6.4373016357421875e-06
    vertex -17.941774368286133 -2.1867246627807617 6.4373016357421875e-06
  endloop
endfacet
facet normal 0.0 0.0 0.0
  outer loop
    vertex -17.953231811523438 -2.2294914722442627 1.0160059928894043
    vertex -17.941774368286133 -2.1867246627807617 6.4373016357421875e-06
    vertex -17.941774368286133 -2.186724901199341 1.0160059928894043
  endloop
endfacet
facet normal 0.0 0.0 0.0
  outer loop
    vertex -17.941774368286133 -2.186724901199341 1.0160059928894043
    vertex -17.941774368286133 -2.1867246627807617 6.4373016357421875e-06
    vertex -17.93791389465332 -2.14261531829834 6.4373016357421875e-06
  endloop
endfacet
facet normal 0.0 0.0 0.0
  outer loop
    vertex -17.941774368286133 -2.186724901199341 1.0160059928894043
    vertex -17.93791389465332 -2.14261531829834 6.4373016357421875e-06
    vertex -17.93791389465332 -2.142615556716919 1.0160059928894043
  endloop
endfacet
facet normal 0.0 0.0 0.0
  outer loop
    vertex -18.191913604736328 -2.3966171741485596 1.0160059928894043
    vertex -21.669666290283203 -2.3966171741485596 1.0160059928894043
    vertex -18.191913604736328 -2.3966169357299805 6.4373016357421875e-06
  endloop
endfacet
facet normal 0.0 0.0 0.0
  outer loop
    vertex -18.191913604736328 -2.3966169357299805 6.4373016357421875e-06
    vertex -21.669666290283203 -2.3966171741485596 1.0160059928894043
    vertex -21.669666290283203 -2.3966169357299805 6.4373016357421875e-06
  endloop
endfacet
facet normal 0.0 0.0 0.0
  outer loop
    vertex -21.92366600036621 -2.142615556716919 1.0160059928894043
    vertex -21.92366600036621 -2.14261531829834 6.4373016357421875e-06
    vertex -21.9198055267334 -2.1867246627807617 6.4373016357421875e-06
  endloop
endfacet
facet normal 0.0 0.0 0.0
  outer loop
    vertex -21.92366600036621 -2.142615556716919 1.0160059928894043
    vertex -21.9198055267334 -2.1867246627807617 6.4373016357421875e-06
    vertex -21.9198055267334 -2.186724901199341 1.0160059928894043
  endloop
endfacet
facet normal 0.0 0.0 0.0
  outer loop
    vertex -21.9198055267334 -2.186724901199341 1.0160059928894043
    vertex -21.9198055267334 -2.1867246627807617 6.4373016357421875e-06
    vertex -21.908348083496094 -2.2294912338256836 6.4373016357421875e-06
  endloop
endfacet
facet normal 0.0 0.0 0.0
  outer loop
    vertex -21.9198055267334 -2.186724901199341 1.0160059928894043
    vertex -21.908348083496094 -2.2294912338256836 6.4373016357421875e-06
    vertex -21.908348083496094 -2.2294914722442627 1.0160059928894043
  endloop
endfacet
facet normal 0.0 0.0 0.0
  outer loop
    vertex -21.908348083496094 -2.2294914722442627 1.0160059928894043
    vertex -21.908348083496094 -2.2294912338256836 6.4373016357421875e-06
    vertex -21.889636993408203 -2.2696142196655273 6.4373016357421875e-06
  endloop
endfacet
facet normal 0.0 0.0 0.0
  outer loop
    vertex -21.908348083496094 -2.2294914722442627 1.0160059928894043
    vertex -21.889636993408203 -2.2696142196655273 6.4373016357421875e-06
    vertex -21.889636993408203 -2.2696144580841064 1.0160059928894043
  endloop
endfacet
facet normal 0.0 0.0 0.0
  outer loop
    vertex -21.889636993408203 -2.2696144580841064 1.0160059928894043
    vertex -21.889636993408203 -2.2696142196655273 6.4373016357421875e-06
    vertex -21.864242553710938 -2.30588436126709 6.4373016357421875e-06
  endloop
endfacet
facet normal 0.0 0.0 0.0
  outer loop
    vertex -21.889636993408203 -2.2696144580841064 1.0160059928894043
    vertex -21.864242553710938 -2.30588436126709 6.4373016357421875e-06
    vertex -21.864242553710938 -2.305884599685669 1.0160059928894043
  endloop
endfacet
facet normal 0.0 0.0 0.0
  outer loop
    vertex -21.864242553710938 -2.305884599685669 1.0160059928894043
    vertex -21.864242553710938 -2.30588436126709 6.4373016357421875e-06
    vertex -21.83293342590332 -2.337191581726074 6.4373016357421875e-06
  endloop
endfacet
facet normal 0.0 0.0 0.0
  outer loop
    vertex -21.864242553710938 -2.305884599685669 1.0160059928894043
    vertex -21.83293342590332 -2.337191581726074 6.4373016357421875e-06
    vertex -21.83293342590332 -2.3371918201446533 1.0160059928894043
  endloop
endfacet
facet normal 0.0 0.0 0.0
  outer loop
    vertex -21.83293342590332 -2.3371918201446533 1.0160059928894043
    vertex -21.83293342590332 -2.337191581726074 6.4373016357421875e-06
    vertex -21.79666519165039 -2.3625898361206055 6.4373016357421875e-06
  endloop
endfacet
facet normal 0.0 0.0 0.0
  outer loop
    vertex -21.83293342590332 -2.3371918201446533 1.0160059928894043
    vertex -21.79666519165039 -2.3625898361206055 6.4373016357421875e-06
    vertex -21.79666519165039 -2.3625900745391846 1.0160059928894043
  endloop
endfacet
facet normal 0.0 0.0 0.0
  outer loop
    vertex -21.79666519165039 -2.3625900745391846 1.0160059928894043
    vertex -21.79666519165039 -2.3625898361206055 6.4373016357421875e-06
    vertex -21.756540298461914 -2.381300926208496 6.4373016357421875e-06
  endloop
endfacet
facet normal 0.0 0.0 0.0
  outer loop
    vertex -21.79666519165039 -2.3625900745391846 1.0160059928894043
    vertex -21.756540298461914 -2.381300926208496 6.4373016357421875e-06
    vertex -21.756540298461914 -2.381301164627075 1.0160059928894043
  endloop
endfacet
facet normal 0.0 0.0 0.0
  outer loop
    vertex -21.756540298461914 -2.381301164627075 1.0160059928894043
    vertex -21.756540298461914 -2.381300926208496 6.4373016357421875e-06
    vertex -21.71377182006836 -2.3927602767944336 6.4373016357421875e-06
  endloop
endfacet
facet normal 0.0 0.0 0.0
  outer loop
    vertex -21.756540298461914 -2.381301164627075 1.0160059928894043
    vertex -21.71377182006836 -2.3927602767944336 6.4373016357421875e-06
    vertex -21.71377182006836 -2.3927605152130127 1.0160059928894043
  endloop
endfacet
facet normal 0.0 0.0 0.0
  outer loop
    vertex -21.71377182006836 -2.3927605152130127 1.0160059928894043
    vertex -21.71377182006836 -2.3927602767944336 6.4373016357421875e-06
    vertex -21.669666290283203 -2.3966169357299805 6.4373016357421875e-06
  endloop
endfacet
facet normal 0.0 0.0 0.0
  outer loop
    vertex -21.71377182006836 -2.3927605152130127 1.0160059928894043
    vertex -21.669666290283203 -2.3966169357299805 6.4373016357421875e-06
    vertex -21.669666290283203 -2.3966171741485596 1.0160059928894043
  endloop
endfacet
facet normal 0.0 0.0 0.0
  outer loop
    vertex -21.92366600036621 -2.142615556716919 1.0160059928894043
    vertex -21.92366600036621 -0.4135051369667053 1.0160062313079834
    vertex -21.92366600036621 -2.14261531829834 6.4373016357421875e-06
  endloop
endfacet
facet normal 0.0 0.0 0.0
  outer loop
    vertex -21.92366600036621 -2.14261531829834 6.4373016357421875e-06
    vertex -21.92366600036621 -0.4135051369667053 1.0160062313079834
    vertex -21.92366600036621 -0.413504958152771 6.9141387939453125e-06
  endloop
endfacet
facet normal 0.0 0.0 0.0
  outer loop
    vertex -21.669666290283203 -0.15950356423854828 1.0160064697265625
    vertex -21.669666290283203 -0.15950338542461395 6.9141387939453125e-06
    vertex -21.71377182006836 -0.16336385905742645 6.9141387939453125e-06
  endloop
endfacet
facet normal 0.0 0.0 0.0
  outer loop
    vertex -21.669666290283203 -0.15950356423854828 1.0160064697265625
    vertex -21.71377182006836 -0.16336385905742645 6.9141387939453125e-06
    vertex -21.71377182006836 -0.16336403787136078 1.0160064697265625
  endloop
endfacet
facet normal 0.0 0.0 0.0
  outer loop
    vertex -21.71377182006836 -0.16336403787136078 1.0160064697265625
    vertex -21.71377182006836 -0.16336385905742645 6.9141387939453125e-06
    vertex -21.756540298461914 -0.17482320964336395 6.9141387939453125e-06
  endloop
endfacet
facet normal 0.0 0.0 0.0
  outer loop
    vertex -21.71377182006836 -0.16336403787136078 1.0160064697265625
    vertex -21.756540298461914 -0.17482320964336395 6.9141387939453125e-06
    vertex -21.756540298461914 -0.17482338845729828 1.0160064697265625
  endloop
endfacet
facet normal 0.0 0.0 0.0
  outer loop
    vertex -21.756540298461914 -0.17482338845729828 1.0160064697265625
    vertex -21.756540298461914 -0.17482320964336395 6.9141387939453125e-06
    vertex -21.79666519165039 -0.19353429973125458 6.9141387939453125e-06
  endloop
endfacet
facet normal 0.0 0.0 0.0
  outer loop
    vertex -21.756540298461914 -0.17482338845729828 1.0160064697265625
    vertex -21.79666519165039 -0.19353429973125458 6.9141387939453125e-06
    vertex -21.79666519165039 -0.1935344785451889 1.0160064697265625
  endloop
endfacet
facet normal 0.0 0.0 0.0
  outer loop
    vertex -21.79666519165039 -0.1935344785451889 1.0160064697265625
    vertex -21.79666519165039 -0.19353429973125458 6.9141387939453125e-06
    vertex -21.83293342590332 -0.218928724527359 6.9141387939453125e-06
  endloop
endfacet
facet normal 0.0 0.0 0.0
  outer loop
    vertex -21.79666519165039 -0.1935344785451889 1.0160064697265625
    vertex -21.83293342590332 -0.218928724527359 6.9141387939453125e-06
    vertex -21.83293342590332 -0.21892890334129333 1.0160064697265625
  endloop
endfacet
facet normal 0.0 0.0 0.0
  outer loop
    vertex -21.83293342590332 -0.21892890334129333 1.0160064697265625
    vertex -21.83293342590332 -0.218928724527359 6.9141387939453125e-06
    vertex -21.864242553710938 -0.2502359449863434 6.9141387939453125e-06
  endloop
endfacet
facet normal 0.0 0.0 0.0
  outer loop
    vertex -21.83293342590332 -0.21892890334129333 1.0160064697265625
    vertex -21.864242553710938 -0.2502359449863434 6.9141387939453125e-06
    vertex -21.864242553710938 -0.2502361238002777 1.0160064697265625
  endloop
endfacet
facet normal 0.0 0.0 0.0
  outer loop
    vertex -21.864242553710938 -0.2502361238002777 1.0160064697265625
    vertex -21.864242553710938 -0.2502359449863434 6.9141387939453125e-06
    vertex -21.889636993408203 -0.28650227189064026 6.9141387939453125e-06
  endloop
endfacet
facet normal 0.0 0.0 0.0
  outer loop
    vertex -21.864242553710938 -0.2502361238002777 1.0160064697265625
    vertex -21.889636993408203 -0.28650227189064026 6.9141387939453125e-06
    vertex -21.889636993408203 -0.2865024507045746 1.0160064697265625
  endloop
endfacet
facet normal 0.0 0.0 0.0
  outer loop
    vertex -21.889636993408203 -0.2865024507045746 1.0160064697265625
    vertex -21.889636993408203 -0.28650227189064026 6.9141387939453125e-06
    vertex -21.908348083496094 -0.32663285732269287 6.9141387939453125e-06
  endloop
endfacet
facet normal 0.0 0.0 0.0
  outer loop
    vertex -21.889636993408203 -0.2865024507045746 1.0160064697265625
    vertex -21.908348083496094 -0.32663285732269287 6.9141387939453125e-06
    vertex -21.908348083496094 -0.3266330361366272 1.0160064697265625
  endloop
endfacet
facet normal 0.0 0.0 0.0
  outer loop
    vertex -21.908348083496094 -0.3266330361366272 1.0160064697265625
    vertex -21.908348083496094 -0.32663285732269287 6.9141387939453125e-06
    vertex -21.9198055267334 -0.36939942836761475 6.9141387939453125e-06
  endloop
endfacet
facet normal 0.0 0.0 0.0
  outer loop
    vertex -21.908348083496094 -0.3266330361366272 1.0160064697265625
    vertex -21.9198055267334 -0.36939942836761475 6.9141387939453125e-06
    vertex -21.9198055267334 -0.3693996071815491 1.0160064697265625
  endloop
endfacet
facet normal 0.0 0.0 0.0
  outer loop
    vertex -21.9198055267334 -0.3693996071815491 1.0160064697265625
    vertex -21.9198055267334 -0.36939942836761475 6.9141387939453125e-06
    vertex -21.92366600036621 -0.413504958152771 6.9141387939453125e-06
  endloop
endfacet
facet normal 0.0 0.0 0.0
  outer loop
    vertex -21.9198055267334 -0.3693996071815491 1.0160064697265625
    vertex -21.92366600036621 -0.413504958152771 6.9141387939453125e-06
    vertex -21.92366600036621 -0.4135051369667053 1.0160062313079834
  endloop
endfacet
facet normal 0.0 0.0 0.0
  outer loop
    vertex -21.669666290283203 -0.15950356423854828 1.0160064697265625
    vertex -17.556913375854492 -0.15950356423854828 1.0160064697265625
    vertex -21.669666290283203 -0.15950338542461395 6.9141387939453125e-06
  endloop
endfacet
facet normal 0.0 0.0 0.0
  outer loop
    vertex -21.669666290283203 -0.15950338542461395 6.9141387939453125e-06
    vertex -17.556913375854492 -0.15950356423854828 1.0160064697265625
    vertex -17.556913375854492 -0.15950338542461395 6.9141387939453125e-06
  endloop
endfacet
facet normal 0.0 0.0 0.0
  outer loop
    vertex -16.286914825439453 1.1104966402053833 1.0160067081451416
    vertex -16.286914825439453 1.1104968786239624 7.152557373046875e-06
    vertex -16.306209564208984 0.889961302280426 1.0160064697265625
  endloop
endfacet
facet normal 0.0 0.0 0.0
  outer loop
    vertex -16.306209564208984 0.889961302280426 1.0160064697265625
    vertex -16.286914825439453 1.1104968786239624 7.152557373046875e-06
    vertex -16.306209564208984 0.8899614810943604 6.9141387939453125e-06
  endloop
endfacet
facet normal 0.0 0.0 0.0
  outer loop
    vertex -16.306209564208984 0.889961302280426 1.0160064697265625
    vertex -16.306209564208984 0.8899614810943604 6.9141387939453125e-06
    vertex -16.36350440979004 0.6761285066604614 1.0160064697265625
  endloop
endfacet
facet normal 0.0 0.0 0.0
  outer loop
    vertex -16.36350440979004 0.6761285066604614 1.0160064697265625
    vertex -16.306209564208984 0.8899614810943604 6.9141387939453125e-06
    vertex -16.36350440979004 0.6761286854743958 6.9141387939453125e-06
  endloop
endfacet
facet normal 0.0 0.0 0.0
  outer loop
    vertex -16.36350440979004 0.6761285066604614 1.0160064697265625
    vertex -16.36350440979004 0.6761286854743958 6.9141387939453125e-06
    vertex -16.457063674926758 0.4754945933818817 1.0160064697265625
  endloop
endfacet
facet normal 0.0 0.0 0.0
  outer loop
    vertex -16.457063674926758 0.4754945933818817 1.0160064697265625
    vertex -16.36350440979004 0.6761286854743958 6.9141387939453125e-06
    vertex -16.457063674926758 0.47549477219581604 6.9141387939453125e-06
  endloop
endfacet
facet normal 0.0 0.0 0.0
  outer loop
    vertex -16.457063674926758 0.4754945933818817 1.0160064697265625
    vertex -16.457063674926758 0.47549477219581604 6.9141387939453125e-06
    vertex -16.58403778076172 0.29415538907051086 1.0160064697265625
  endloop
endfacet
facet normal 0.0 0.0 0.0
  outer loop
    vertex -16.58403778076172 0.29415538907051086 1.0160064697265625
    vertex -16.457063674926758 0.47549477219581604 6.9141387939453125e-06
    vertex -16.58403778076172 0.2941555678844452 6.9141387939453125e-06
  endloop
endfacet
facet normal 0.0 0.0 0.0
  outer loop
    vertex -16.58403778076172 0.29415538907051086 1.0160064697265625
    vertex -16.58403778076172 0.2941555678844452 6.9141387939453125e-06
    vertex -16.74057388305664 0.13761931657791138 1.0160064697265625
  endloop
endfacet
facet normal 0.0 0.0 0.0
  outer loop
    vertex -16.74057388305664 0.13761931657791138 1.0160064697265625
    vertex -16.58403778076172 0.2941555678844452 6.9141387939453125e-06
    vertex -16.74057388305664 0.1376194953918457 6.9141387939453125e-06
  endloop
endfacet
facet normal 0.0 0.0 0.0
  outer loop
    vertex -16.74057388305664 0.13761931657791138 1.0160064697265625
    vertex -16.74057388305664 0.1376194953918457 6.9141387939453125e-06
    vertex -16.921913146972656 0.010643335990607738 1.0160064697265625
  endloop
endfacet
facet normal 0.0 0.0 0.0
  outer loop
    vertex -16.921913146972656 0.010643335990607738 1.0160064697265625
    vertex -16.74057388305664 0.1376194953918457 6.9141387939453125e-06
    vertex -16.921913146972656 0.010643514804542065 6.9141387939453125e-06
  endloop
endfacet
facet normal 0.0 0.0 0.0
  outer loop
    vertex -16.921913146972656 0.010643335990607738 1.0160064697265625
    vertex -16.921913146972656 0.010643514804542065 6.9141387939453125e-06
    vertex -17.122549057006836 -0.08291590213775635 1.0160064697265625
  endloop
endfacet
facet normal 0.0 0.0 0.0
  outer loop
    vertex -17.122549057006836 -0.08291590213775635 1.0160064697265625
    vertex -16.921913146972656 0.010643514804542065 6.9141387939453125e-06
    vertex -17.122549057006836 -0.08291572332382202 6.9141387939453125e-06
  endloop
endfacet
facet normal 0.0 0.0 0.0
  outer loop
    vertex -17.122549057006836 -0.08291590213775635 1.0160064697265625
    vertex -17.122549057006836 -0.08291572332382202 6.9141387939453125e-06
    vertex -17.336380004882812 -0.14021265506744385 1.0160064697265625
  endloop
endfacet
facet normal 0.0 0.0 0.0
  outer loop
    vertex -17.336380004882812 -0.14021265506744385 1.0160064697265625
    vertex -17.122549057006836 -0.08291572332382202 6.9141387939453125e-06
    vertex -17.336380004882812 -0.14021247625350952 6.9141387939453125e-06
  endloop
endfacet
facet normal 0.0 0.0 0.0
  outer loop
    vertex -17.336380004882812 -0.14021265506744385 1.0160064697265625
    vertex -17.336380004882812 -0.14021247625350952 6.9141387939453125e-06
    vertex -17.556913375854492 -0.15950356423854828 1.0160064697265625
  endloop
endfacet
facet normal 0.0 0.0 0.0
  outer loop
    vertex -17.556913375854492 -0.15950356423854828 1.0160064697265625
    vertex -17.336380004882812 -0.14021247625350952 6.9141387939453125e-06
    vertex -17.556913375854492 -0.15950338542461395 6.9141387939453125e-06
  endloop
endfacet
facet normal 0.0 0.0 0.0
  outer loop
    vertex -16.286914825439453 1.1104966402053833 1.0160067081451416
    vertex -16.286914825439453 2.566161632537842 1.0160069465637207
    vertex -16.286914825439453 1.1104968786239624 7.152557373046875e-06
  endloop
endfacet
facet normal 0.0 0.0 0.0
  outer loop
    vertex -16.286914825439453 1.1104968786239624 7.152557373046875e-06
    vertex -16.286914825439453 2.566161632537842 1.0160069465637207
    vertex -16.286914825439453 2.566161870956421 7.3909759521484375e-06
  endloop
endfacet
facet normal 0.0 0.0 0.0
  outer loop
    vertex -17.556913375854492 3.8361618518829346 1.0160071849822998
    vertex -17.556913375854492 3.8361620903015137 7.62939453125e-06
    vertex -17.336380004882812 3.8168671131134033 1.0160071849822998
  endloop
endfacet
facet normal 0.0 0.0 0.0
  outer loop
    vertex -17.336380004882812 3.8168671131134033 1.0160071849822998
    vertex -17.556913375854492 3.8361620903015137 7.62939453125e-06
    vertex -17.336380004882812 3.8168673515319824 7.62939453125e-06
  endloop
endfacet
facet normal 0.0 0.0 0.0
  outer loop
    vertex -17.336380004882812 3.8168671131134033 1.0160071849822998
    vertex -17.336380004882812 3.8168673515319824 7.62939453125e-06
    vertex -17.122549057006836 3.759570360183716 1.0160071849822998
  endloop
endfacet
facet normal 0.0 0.0 0.0
  outer loop
    vertex -17.122549057006836 3.759570360183716 1.0160071849822998
    vertex -17.336380004882812 3.8168673515319824 7.62939453125e-06
    vertex -17.122549057006836 3.759570598602295 7.62939453125e-06
  endloop
endfacet
facet normal 0.0 0.0 0.0
  outer loop
    vertex -17.122549057006836 3.759570360183716 1.0160071849822998
    vertex -17.122549057006836 3.759570598602295 7.62939453125e-06
    vertex -16.921913146972656 3.6660149097442627 1.0160069465637207
  endloop
endfacet
facet normal 0.0 0.0 0.0
  outer loop
    vertex -16.921913146972656 3.6660149097442627 1.0160069465637207
    vertex -17.122549057006836 3.759570598602295 7.62939453125e-06
    vertex -16.921913146972656 3.666015148162842 7.62939453125e-06
  endloop
endfacet
facet normal 0.0 0.0 0.0
  outer loop
    vertex -16.921913146972656 3.6660149097442627 1.0160069465637207
    vertex -16.921913146972656 3.666015148162842 7.62939453125e-06
    vertex -16.74057388305664 3.539038896560669 1.0160069465637207
  endloop
endfacet
facet normal 0.0 0.0 0.0
  outer loop
    vertex -16.74057388305664 3.539038896560669 1.0160069465637207
    vertex -16.921913146972656 3.666015148162842 7.62939453125e-06
    vertex -16.74057388305664 3.539039134979248 7.3909759521484375e-06
  endloop
endfacet
facet normal 0.0 0.0 0.0
  outer loop
    vertex -16.74057388305664 3.539038896560669 1.0160069465637207
    vertex -16.74057388305664 3.539039134979248 7.3909759521484375e-06
    vertex -16.58403778076172 3.3824992179870605 1.0160069465637207
  endloop
endfacet
facet normal 0.0 0.0 0.0
  outer loop
    vertex -16.58403778076172 3.3824992179870605 1.0160069465637207
    vertex -16.74057388305664 3.539039134979248 7.3909759521484375e-06
    vertex -16.58403778076172 3.3824994564056396 7.3909759521484375e-06
  endloop
endfacet
facet normal 0.0 0.0 0.0
  outer loop
    vertex -16.58403778076172 3.3824992179870605 1.0160069465637207
    vertex -16.58403778076172 3.3824994564056396 7.3909759521484375e-06
    vertex -16.457063674926758 3.201159954071045 1.0160069465637207
  endloop
endfacet
facet normal 0.0 0.0 0.0
  outer loop
    vertex -16.457063674926758 3.201159954071045 1.0160069465637207
    vertex -16.58403778076172 3.3824994564056396 7.3909759521484375e-06
    vertex -16.457063674926758 3.201160192489624 7.3909759521484375e-06
  endloop
endfacet
facet normal 0.0 0.0 0.0
  outer loop
    vertex -16.457063674926758 3.201159954071045 1.0160069465637207
    vertex -16.457063674926758 3.201160192489624 7.3909759521484375e-06
    vertex -16.36350440979004 3.0005297660827637 1.0160069465637207
  endloop
endfacet
facet normal 0.0 0.0 0.0
  outer loop
    vertex -16.36350440979004 3.0005297660827637 1.0160069465637207
    vertex -16.457063674926758 3.201160192489624 7.3909759521484375e-06
    vertex -16.36350440979004 3.0005300045013428 7.3909759521484375e-06
  endloop
endfacet
facet normal 0.0 0.0 0.0
  outer loop
    vertex -16.36350440979004 3.0005297660827637 1.0160069465637207
    vertex -16.36350440979004 3.0005300045013428 7.3909759521484375e-06
    vertex -16.306209564208984 2.7866930961608887 1.0160069465637207
  endloop
endfacet
facet normal 0.0 0.0 0.0
  outer loop
    vertex -16.306209564208984 2.7866930961608887 1.0160069465637207
    vertex -16.36350440979004 3.0005300045013428 7.3909759521484375e-06
    vertex -16.306209564208984 2.7866933345794678 7.3909759521484375e-06
  endloop
endfacet
facet normal 0.0 0.0 0.0
  outer loop
    vertex -16.306209564208984 2.7866930961608887 1.0160069465637207
    vertex -16.306209564208984 2.7866933345794678 7.3909759521484375e-06
    vertex -16.286914825439453 2.566161632537842 1.0160069465637207
  endloop
endfacet
facet normal 0.0 0.0 0.0
  outer loop
    vertex -16.286914825439453 2.566161632537842 1.0160069465637207
    vertex -16.306209564208984 2.7866933345794678 7.3909759521484375e-06
    vertex -16.286914825439453 2.566161870956421 7.3909759521484375e-06
  endloop
endfacet
facet normal 0.0 0.0 0.0
  outer loop
    vertex -17.556913375854492 3.8361618518829346 1.0160071849822998
    vertex -21.559715270996094 3.8361618518829346 1.0160071849822998
    vertex -17.556913375854492 3.8361620903015137 7.62939453125e-06
  endloop
endfacet
facet normal 0.0 0.0 0.0
  outer loop
    vertex -17.556913375854492 3.8361620903015137 7.62939453125e-06
    vertex -21.559715270996094 3.8361618518829346 1.0160071849822998
    vertex -21.559715270996094 3.8361620903015137 7.62939453125e-06
  endloop
endfacet
facet normal 0.0 0.0 0.0
  outer loop
    vertex -22.829715728759766 2.566161632537842 1.0160069465637207
    vertex -22.829715728759766 2.566161870956421 7.3909759521484375e-06
    vertex -22.810422897338867 2.7866930961608887 1.0160069465637207
  endloop
endfacet
facet normal 0.0 0.0 0.0
  outer loop
    vertex -22.810422897338867 2.7866930961608887 1.0160069465637207
    vertex -22.829715728759766 2.566161870956421 7.3909759521484375e-06
    vertex -22.810422897338867 2.7866933345794678 7.3909759521484375e-06
  endloop
endfacet
facet normal 0.0 0.0 0.0
  outer loop
    vertex -22.810422897338867 2.7866930961608887 1.0160069465637207
    vertex -22.810422897338867 2.7866933345794678 7.3909759521484375e-06
    vertex -22.75312614440918 3.0005297660827637 1.0160069465637207
  endloop
endfacet
facet normal 0.0 0.0 0.0
  outer loop
    vertex -22.75312614440918 3.0005297660827637 1.0160069465637207
    vertex -22.810422897338867 2.7866933345794678 7.3909759521484375e-06
    vertex -22.75312614440918 3.0005300045013428 7.3909759521484375e-06
  endloop
endfacet
facet normal 0.0 0.0 0.0
  outer loop
    vertex -22.75312614440918 3.0005297660827637 1.0160069465637207
    vertex -22.75312614440918 3.0005300045013428 7.3909759521484375e-06
    vertex -22.659568786621094 3.201159954071045 1.0160069465637207
  endloop
endfacet
facet normal 0.0 0.0 0.0
  outer loop
    vertex -22.659568786621094 3.201159954071045 1.0160069465637207
    vertex -22.75312614440918 3.0005300045013428 7.3909759521484375e-06
    vertex -22.659568786621094 3.201160192489624 7.3909759521484375e-06
  endloop
endfacet
facet normal 0.0 0.0 0.0
  outer loop
    vertex -22.659568786621094 3.201159954071045 1.0160069465637207
    vertex -22.659568786621094 3.201160192489624 7.3909759521484375e-06
    vertex -22.5325927734375 3.3824992179870605 1.0160069465637207
  endloop
endfacet
facet normal 0.0 0.0 0.0
  outer loop
    vertex -22.5325927734375 3.3824992179870605 1.0160069465637207
    vertex -22.659568786621094 3.201160192489624 7.3909759521484375e-06
    vertex -22.5325927734375 3.3824994564056396 7.3909759521484375e-06
  endloop
endfacet
facet normal 0.0 0.0 0.0
  outer loop
    vertex -22.5325927734375 3.3824992179870605 1.0160069465637207
    vertex -22.5325927734375 3.3824994564056396 7.3909759521484375e-06
    vertex -22.376056671142578 3.539038896560669 1.0160069465637207
  endloop
endfacet
facet normal 0.0 0.0 0.0
  outer loop
    vertex -22.376056671142578 3.539038896560669 1.0160069465637207
    vertex -22.5325927734375 3.3824994564056396 7.3909759521484375e-06
    vertex -22.376056671142578 3.539039134979248 7.3909759521484375e-06
  endloop
endfacet
facet normal 0.0 0.0 0.0
  outer loop
    vertex -22.376056671142578 3.539038896560669 1.0160069465637207
    vertex -22.376056671142578 3.539039134979248 7.3909759521484375e-06
    vertex -22.19471549987793 3.6660149097442627 1.0160069465637207
  endloop
endfacet
facet normal 0.0 0.0 0.0
  outer loop
    vertex -22.19471549987793 3.6660149097442627 1.0160069465637207
    vertex -22.376056671142578 3.539039134979248 7.3909759521484375e-06
    vertex -22.19471549987793 3.666015148162842 7.62939453125e-06
  endloop
endfacet
facet normal 0.0 0.0 0.0
  outer loop
    vertex -22.19471549987793 3.6660149097442627 1.0160069465637207
    vertex -22.19471549987793 3.666015148162842 7.62939453125e-06
    vertex -21.994081497192383 3.759570360183716 1.0160071849822998
  endloop
endfacet
facet normal 0.0 0.0 0.0
  outer loop
    vertex -21.994081497192383 3.759570360183716 1.0160071849822998
    vertex -22.19471549987793 3.666015148162842 7.62939453125e-06
    vertex -21.994081497192383 3.759570598602295 7.62939453125e-06
  endloop
endfacet
facet normal 0.0 0.0 0.0
  outer loop
    vertex -21.994081497192383 3.759570360183716 1.0160071849822998
    vertex -21.994081497192383 3.759570598602295 7.62939453125e-06
    vertex -21.780248641967773 3.8168671131134033 1.0160071849822998
  endloop
endfacet
facet normal 0.0 0.0 0.0
  outer loop
    vertex -21.780248641967773 3.8168671131134033 1.0160071849822998
    vertex -21.994081497192383 3.759570598602295 7.62939453125e-06
    vertex -21.780248641967773 3.8168673515319824 7.62939453125e-06
  endloop
endfacet
facet normal 0.0 0.0 0.0
  outer loop
    vertex -21.780248641967773 3.8168671131134033 1.0160071849822998
    vertex -21.780248641967773 3.8168673515319824 7.62939453125e-06
    vertex -21.559715270996094 3.8361618518829346 1.0160071849822998
  endloop
endfacet
facet normal 0.0 0.0 0.0
  outer loop
    vertex -21.559715270996094 3.8361618518829346 1.0160071849822998
    vertex -21.780248641967773 3.8168673515319824 7.62939453125e-06
    vertex -21.559715270996094 3.8361620903015137 7.62939453125e-06
  endloop
endfacet
facet normal 0.0 0.0 0.0
  outer loop
    vertex -22.829715728759766 2.566161632537842 1.0160069465637207
    vertex -22.829715728759766 1.336700439453125 1.0160067081451416
    vertex -22.829715728759766 2.566161870956421 7.3909759521484375e-06
  endloop
endfacet
facet normal 0.0 0.0 0.0
  outer loop
    vertex -22.829715728759766 2.566161870956421 7.3909759521484375e-06
    vertex -22.829715728759766 1.336700439453125 1.0160067081451416
    vertex -22.829715728759766 1.336700677871704 7.152557373046875e-06
  endloop
endfacet
facet normal 0.0 0.0 0.0
  outer loop
    vertex -22.829715728759766 1.336700439453125 1.0160067081451416
    vertex -21.92366600036621 1.336700439453125 1.0160067081451416
    vertex -22.829715728759766 1.336700677871704 7.152557373046875e-06
  endloop
endfacet
facet normal 0.0 0.0 0.0
  outer loop
    vertex -22.829715728759766 1.336700677871704 7.152557373046875e-06
    vertex -21.92366600036621 1.336700439453125 1.0160067081451416
    vertex -21.92366600036621 1.336700677871704 7.152557373046875e-06
  endloop
endfacet
facet normal 0.0 0.0 0.0
  outer loop
    vertex -21.92366600036621 1.336700439453125 1.0160067081451416
    vertex -21.92366600036621 2.721217632293701 1.0160069465637207
    vertex -21.92366600036621 1.336700677871704 7.152557373046875e-06
  endloop
endfacet
facet normal 0.0 0.0 0.0
  outer loop
    vertex -21.92366600036621 1.336700677871704 7.152557373046875e-06
    vertex -21.92366600036621 2.721217632293701 1.0160069465637207
    vertex -21.92366600036621 2.7212178707122803 7.3909759521484375e-06
  endloop
endfacet
facet normal 0.0 0.0 0.0
  outer loop
    vertex -21.669666290283203 2.975219249725342 1.0160069465637207
    vertex -21.669666290283203 2.975219488143921 7.3909759521484375e-06
    vertex -21.71377182006836 2.9713590145111084 7.3909759521484375e-06
  endloop
endfacet
facet normal 0.0 0.0 0.0
  outer loop
    vertex -21.669666290283203 2.975219249725342 1.0160069465637207
    vertex -21.71377182006836 2.9713590145111084 7.3909759521484375e-06
    vertex -21.71377182006836 2.9713587760925293 1.0160069465637207
  endloop
endfacet
facet normal 0.0 0.0 0.0
  outer loop
    vertex -21.71377182006836 2.9713587760925293 1.0160069465637207
    vertex -21.71377182006836 2.9713590145111084 7.3909759521484375e-06
    vertex -21.756540298461914 2.959899663925171 7.3909759521484375e-06
  endloop
endfacet
facet normal 0.0 0.0 0.0
  outer loop
    vertex -21.71377182006836 2.9713587760925293 1.0160069465637207
    vertex -21.756540298461914 2.959899663925171 7.3909759521484375e-06
    vertex -21.756540298461914 2.959899425506592 1.0160069465637207
  endloop
endfacet
facet normal 0.0 0.0 0.0
  outer loop
    vertex -21.756540298461914 2.959899425506592 1.0160069465637207
    vertex -21.756540298461914 2.959899663925171 7.3909759521484375e-06
    vertex -21.79666519165039 2.9411885738372803 7.3909759521484375e-06
  endloop
endfacet
facet normal 0.0 0.0 0.0
  outer loop
    vertex -21.756540298461914 2.959899425506592 1.0160069465637207
    vertex -21.79666519165039 2.9411885738372803 7.3909759521484375e-06
    vertex -21.79666519165039 2.941188335418701 1.0160069465637207
  endloop
endfacet
facet normal 0.0 0.0 0.0
  outer loop
    vertex -21.79666519165039 2.941188335418701 1.0160069465637207
    vertex -21.79666519165039 2.9411885738372803 7.3909759521484375e-06
    vertex -21.83293342590332 2.9157941341400146 7.3909759521484375e-06
  endloop
endfacet
facet normal 0.0 0.0 0.0
  outer loop
    vertex -21.79666519165039 2.941188335418701 1.0160069465637207
    vertex -21.83293342590332 2.9157941341400146 7.3909759521484375e-06
    vertex -21.83293342590332 2.9157938957214355 1.0160069465637207
  endloop
endfacet
facet normal 0.0 0.0 0.0
  outer loop
    vertex -21.83293342590332 2.9157938957214355 1.0160069465637207
    vertex -21.83293342590332 2.9157941341400146 7.3909759521484375e-06
    vertex -21.864242553710938 2.8844869136810303 7.3909759521484375e-06
  endloop
endfacet
facet normal 0.0 0.0 0.0
  outer loop
    vertex -21.83293342590332 2.9157938957214355 1.0160069465637207
    vertex -21.864242553710938 2.8844869136810303 7.3909759521484375e-06
    vertex -21.864242553710938 2.884486675262451 1.0160069465637207
  endloop
endfacet
facet normal 0.0 0.0 0.0
  outer loop
    vertex -21.864242553710938 2.884486675262451 1.0160069465637207
    vertex -21.864242553710938 2.8844869136810303 7.3909759521484375e-06
    vertex -21.889636993408203 2.8482167720794678 7.3909759521484375e-06
  endloop
endfacet
facet normal 0.0 0.0 0.0
  outer loop
    vertex -21.864242553710938 2.884486675262451 1.0160069465637207
    vertex -21.889636993408203 2.8482167720794678 7.3909759521484375e-06
    vertex -21.889636993408203 2.8482165336608887 1.0160069465637207
  endloop
endfacet
facet normal 0.0 0.0 0.0
  outer loop
    vertex -21.889636993408203 2.8482165336608887 1.0160069465637207
    vertex -21.889636993408203 2.8482167720794678 7.3909759521484375e-06
    vertex -21.908348083496094 2.8080899715423584 7.3909759521484375e-06
  endloop
endfacet
facet normal 0.0 0.0 0.0
  outer loop
    vertex -21.889636993408203 2.8482165336608887 1.0160069465637207
    vertex -21.908348083496094 2.8080899715423584 7.3909759521484375e-06
    vertex -21.908348083496094 2.8080897331237793 1.0160069465637207
  endloop
endfacet
facet normal 0.0 0.0 0.0
  outer loop
    vertex -21.908348083496094 2.8080897331237793 1.0160069465637207
    vertex -21.908348083496094 2.8080899715423584 7.3909759521484375e-06
    vertex -21.9198055267334 2.7653234004974365 7.3909759521484375e-06
  endloop
endfacet
facet normal 0.0 0.0 0.0
  outer loop
    vertex -21.908348083496094 2.8080897331237793 1.0160069465637207
    vertex -21.9198055267334 2.7653234004974365 7.3909759521484375e-06
    vertex -21.9198055267334 2.7653231620788574 1.0160069465637207
  endloop
endfacet
facet normal 0.0 0.0 0.0
  outer loop
    vertex -21.9198055267334 2.7653231620788574 1.0160069465637207
    vertex -21.9198055267334 2.7653234004974365 7.3909759521484375e-06
    vertex -21.92366600036621 2.7212178707122803 7.3909759521484375e-06
  endloop
endfacet
facet normal 0.0 0.0 0.0
  outer loop
    vertex -21.9198055267334 2.7653231620788574 1.0160069465637207
    vertex -21.92366600036621 2.7212178707122803 7.3909759521484375e-06
    vertex -21.92366600036621 2.721217632293701 1.0160069465637207
  endloop
endfacet
facet normal 0.0 0.0 0.0
  outer loop
    vertex -21.669666290283203 2.975219249725342 1.0160069465637207
    vertex -18.191913604736328 2.975219249725342 1.0160069465637207
    vertex -21.669666290283203 2.975219488143921 7.3909759521484375e-06
  endloop
endfacet
facet normal 0.0 0.0 0.0
  outer loop
    vertex -21.669666290283203 2.975219488143921 7.3909759521484375e-06
    vertex -18.191913604736328 2.975219249725342 1.0160069465637207
    vertex -18.191913604736328 2.975219488143921 7.3909759521484375e-06
  endloop
endfacet
facet normal 0.0 0.0 0.0
  outer loop
    vertex -17.93791389465332 2.721217632293701 1.0160069465637207
    vertex -17.93791389465332 2.7212178707122803 7.3909759521484375e-06
    vertex -17.941774368286133 2.7653234004974365 7.3909759521484375e-06
  endloop
endfacet
facet normal 0.0 0.0 0.0
  outer loop
    vertex -17.93791389465332 2.721217632293701 1.0160069465637207
    vertex -17.941774368286133 2.7653234004974365 7.3909759521484375e-06
    vertex -17.941774368286133 2.7653231620788574 1.0160069465637207
  endloop
endfacet
facet normal 0.0 0.0 0.0
  outer loop
    vertex -17.941774368286133 2.7653231620788574 1.0160069465637207
    vertex -17.941774368286133 2.7653234004974365 7.3909759521484375e-06
    vertex -17.953231811523438 2.8080899715423584 7.3909759521484375e-06
  endloop
endfacet
facet normal 0.0 0.0 0.0
  outer loop
    vertex -17.941774368286133 2.7653231620788574 1.0160069465637207
    vertex -17.953231811523438 2.8080899715423584 7.3909759521484375e-06
    vertex -17.953231811523438 2.8080897331237793 1.0160069465637207
  endloop
endfacet
facet normal 0.0 0.0 0.0
  outer loop
    vertex -17.953231811523438 2.8080897331237793 1.0160069465637207
    vertex -17.953231811523438 2.8080899715423584 7.3909759521484375e-06
    vertex -17.97194480895996 2.8482167720794678 7.3909759521484375e-06
  endloop
endfacet
facet normal 0.0 0.0 0.0
  outer loop
    vertex -17.953231811523438 2.8080897331237793 1.0160069465637207
    vertex -17.97194480895996 2.8482167720794678 7.3909759521484375e-06
    vertex -17.97194480895996 2.8482165336608887 1.0160069465637207
  endloop
endfacet
facet normal 0.0 0.0 0.0
  outer loop
    vertex -17.97194480895996 2.8482165336608887 1.0160069465637207
    vertex -17.97194480895996 2.8482167720794678 7.3909759521484375e-06
    vertex -17.997339248657227 2.8844869136810303 7.3909759521484375e-06
  endloop
endfacet
facet normal 0.0 0.0 0.0
  outer loop
    vertex -17.97194480895996 2.8482165336608887 1.0160069465637207
    vertex -17.997339248657227 2.8844869136810303 7.3909759521484375e-06
    vertex -17.997339248657227 2.884486675262451 1.0160069465637207
  endloop
endfacet
facet normal 0.0 0.0 0.0
  outer loop
    vertex -17.997339248657227 2.884486675262451 1.0160069465637207
    vertex -17.997339248657227 2.8844869136810303 7.3909759521484375e-06
    vertex -18.028644561767578 2.9157941341400146 7.3909759521484375e-06
  endloop
endfacet
facet normal 0.0 0.0 0.0
  outer loop
    vertex -17.997339248657227 2.884486675262451 1.0160069465637207
    vertex -18.028644561767578 2.9157941341400146 7.3909759521484375e-06
    vertex -18.028644561767578 2.9157938957214355 1.0160069465637207
  endloop
endfacet
facet normal 0.0 0.0 0.0
  outer loop
    vertex -18.028644561767578 2.9157938957214355 1.0160069465637207
    vertex -18.028644561767578 2.9157941341400146 7.3909759521484375e-06
    vertex -18.06491470336914 2.9411885738372803 7.3909759521484375e-06
  endloop
endfacet
facet normal 0.0 0.0 0.0
  outer loop
    vertex -18.028644561767578 2.9157938957214355 1.0160069465637207
    vertex -18.06491470336914 2.9411885738372803 7.3909759521484375e-06
    vertex -18.06491470336914 2.941188335418701 1.0160069465637207
  endloop
endfacet
facet normal 0.0 0.0 0.0
  outer loop
    vertex -18.06491470336914 2.941188335418701 1.0160069465637207
    vertex -18.06491470336914 2.9411885738372803 7.3909759521484375e-06
    vertex -18.10504150390625 2.959899663925171 7.3909759521484375e-06
  endloop
endfacet
facet normal 0.0 0.0 0.0
  outer loop
    vertex -18.06491470336914 2.941188335418701 1.0160069465637207
    vertex -18.10504150390625 2.959899663925171 7.3909759521484375e-06
    vertex -18.10504150390625 2.959899425506592 1.0160069465637207
  endloop
endfacet
facet normal 0.0 0.0 0.0
  outer loop
    vertex -18.10504150390625 2.959899425506592 1.0160069465637207
    vertex -18.10504150390625 2.959899663925171 7.3909759521484375e-06
    vertex -18.147808074951172 2.9713590145111084 7.3909759521484375e-06
  endloop
endfacet
facet normal 0.0 0.0 0.0
  outer loop
    vertex -18.10504150390625 2.959899425506592 1.0160069465637207
    vertex -18.147808074951172 2.9713590145111084 7.3909759521484375e-06
    vertex -18.147808074951172 2.9713587760925293 1.0160069465637207
  endloop
endfacet
facet normal 0.0 0.0 0.0
  outer loop
    vertex -18.147808074951172 2.9713587760925293 1.0160069465637207
    vertex -18.147808074951172 2.9713590145111084 7.3909759521484375e-06
    vertex -18.191913604736328 2.975219488143921 7.3909759521484375e-06
  endloop
endfacet
facet normal 0.0 0.0 0.0
  outer loop
    vertex -18.147808074951172 2.9713587760925293 1.0160069465637207
    vertex -18.191913604736328 2.975219488143921 7.3909759521484375e-06
    vertex -18.191913604736328 2.975219249725342 1.0160069465637207
  endloop
endfacet
facet normal 0.0 0.0 0.0
  outer loop
    vertex -17.93791389465332 2.721217632293701 1.0160069465637207
    vertex -17.93791389465332 1.0036050081253052 1.0160067081451416
    vertex -17.93791389465332 2.7212178707122803 7.3909759521484375e-06
  endloop
endfacet
facet normal 0.0 0.0 0.0
  outer loop
    vertex -17.93791389465332 2.7212178707122803 7.3909759521484375e-06
    vertex -17.93791389465332 1.0036050081253052 1.0160067081451416
    vertex -17.93791389465332 1.0036052465438843 7.152557373046875e-06
  endloop
endfacet
facet normal 0.0 0.0 0.0
  outer loop
    vertex -18.191913604736328 0.7496072053909302 1.0160064697265625
    vertex -18.191913604736328 0.7496073842048645 6.9141387939453125e-06
    vertex -18.147808074951172 0.7534640431404114 6.9141387939453125e-06
  endloop
endfacet
facet normal 0.0 0.0 0.0
  outer loop
    vertex -18.191913604736328 0.7496072053909302 1.0160064697265625
    vertex -18.147808074951172 0.7534640431404114 6.9141387939453125e-06
    vertex -18.147808074951172 0.753463864326477 1.0160064697265625
  endloop
endfacet
facet normal 0.0 0.0 0.0
  outer loop
    vertex -18.147808074951172 0.753463864326477 1.0160064697265625
    vertex -18.147808074951172 0.7534640431404114 6.9141387939453125e-06
    vertex -18.10504150390625 0.7649272084236145 6.9141387939453125e-06
  endloop
endfacet
facet normal 0.0 0.0 0.0
  outer loop
    vertex -18.147808074951172 0.753463864326477 1.0160064697265625
    vertex -18.10504150390625 0.7649272084236145 6.9141387939453125e-06
    vertex -18.10504150390625 0.7649270296096802 1.0160064697265625
  endloop
endfacet
facet normal 0.0 0.0 0.0
  outer loop
    vertex -18.10504150390625 0.7649270296096802 1.0160064697265625
    vertex -18.10504150390625 0.7649272084236145 6.9141387939453125e-06
    vertex -18.06491470336914 0.7836344838142395 6.9141387939453125e-06
  endloop
endfacet
facet normal 0.0 0.0 0.0
  outer loop
    vertex -18.10504150390625 0.7649270296096802 1.0160064697265625
    vertex -18.06491470336914 0.7836344838142395 6.9141387939453125e-06
    vertex -18.06491470336914 0.7836343050003052 1.0160064697265625
  endloop
endfacet
facet normal 0.0 0.0 0.0
  outer loop
    vertex -18.06491470336914 0.7836343050003052 1.0160064697265625
    vertex -18.06491470336914 0.7836344838142395 6.9141387939453125e-06
    vertex -18.028644561767578 0.8090289235115051 6.9141387939453125e-06
  endloop
endfacet
facet normal 0.0 0.0 0.0
  outer loop
    vertex -18.06491470336914 0.7836343050003052 1.0160064697265625
    vertex -18.028644561767578 0.8090289235115051 6.9141387939453125e-06
    vertex -18.028644561767578 0.8090287446975708 1.0160064697265625
  endloop
endfacet
facet normal 0.0 0.0 0.0
  outer loop
    vertex -18.028644561767578 0.8090287446975708 1.0160064697265625
    vertex -18.028644561767578 0.8090289235115051 6.9141387939453125e-06
    vertex -17.997339248657227 0.8403361439704895 6.9141387939453125e-06
  endloop
endfacet
facet normal 0.0 0.0 0.0
  outer loop
    vertex -18.028644561767578 0.8090287446975708 1.0160064697265625
    vertex -17.997339248657227 0.8403361439704895 6.9141387939453125e-06
    vertex -17.997339248657227 0.8403359651565552 1.0160064697265625
  endloop
endfacet
facet normal 0.0 0.0 0.0
  outer loop
    vertex -17.997339248657227 0.8403359651565552 1.0160064697265625
    vertex -17.997339248657227 0.8403361439704895 6.9141387939453125e-06
    vertex -17.97194480895996 0.8766062259674072 6.9141387939453125e-06
  endloop
endfacet
facet normal 0.0 0.0 0.0
  outer loop
    vertex -17.997339248657227 0.8403359651565552 1.0160064697265625
    vertex -17.97194480895996 0.8766062259674072 6.9141387939453125e-06
    vertex -17.97194480895996 0.8766060471534729 1.0160064697265625
  endloop
endfacet
facet normal 0.0 0.0 0.0
  outer loop
    vertex -17.97194480895996 0.8766060471534729 1.0160064697265625
    vertex -17.97194480895996 0.8766062259674072 6.9141387939453125e-06
    vertex -17.953231811523438 0.9167330265045166 6.9141387939453125e-06
  endloop
endfacet
facet normal 0.0 0.0 0.0
  outer loop
    vertex -17.97194480895996 0.8766060471534729 1.0160064697265625
    vertex -17.953231811523438 0.9167330265045166 6.9141387939453125e-06
    vertex -17.953231811523438 0.9167328476905823 1.0160064697265625
  endloop
endfacet
facet normal 0.0 0.0 0.0
  outer loop
    vertex -17.953231811523438 0.9167328476905823 1.0160064697265625
    vertex -17.953231811523438 0.9167330265045166 6.9141387939453125e-06
    vertex -17.941774368286133 0.9594995975494385 7.152557373046875e-06
  endloop
endfacet
facet normal 0.0 0.0 0.0
  outer loop
    vertex -17.953231811523438 0.9167328476905823 1.0160064697265625
    vertex -17.941774368286133 0.9594995975494385 7.152557373046875e-06
    vertex -17.941774368286133 0.9594994187355042 1.0160067081451416
  endloop
endfacet
facet normal 0.0 0.0 0.0
  outer loop
    vertex -17.941774368286133 0.9594994187355042 1.0160067081451416
    vertex -17.941774368286133 0.9594995975494385 7.152557373046875e-06
    vertex -17.93791389465332 1.0036052465438843 7.152557373046875e-06
  endloop
endfacet
facet normal 0.0 0.0 0.0
  outer loop
    vertex -17.941774368286133 0.9594994187355042 1.0160067081451416
    vertex -17.93791389465332 1.0036052465438843 7.152557373046875e-06
    vertex -17.93791389465332 1.0036050081253052 1.0160067081451416
  endloop
endfacet
facet normal 0.0 0.0 0.0
  outer loop
    vertex -18.191913604736328 0.7496072053909302 1.0160064697265625
    vertex -21.559715270996094 0.7496072053909302 1.0160064697265625
    vertex -18.191913604736328 0.7496073842048645 6.9141387939453125e-06
  endloop
endfacet
facet normal 0.0 0.0 0.0
  outer loop
    vertex -18.191913604736328 0.7496073842048645 6.9141387939453125e-06
    vertex -21.559715270996094 0.7496072053909302 1.0160064697265625
    vertex -21.559715270996094 0.7496073842048645 6.9141387939453125e-06
  endloop
endfacet
facet normal 0.0 0.0 0.0
  outer loop
    vertex -18.06491470336914 2.941188335418701 1.0160069465637207
    vertex -18.10504150390625 2.959899425506592 1.0160069465637207
    vertex -17.556913375854492 3.8361618518829346 1.0160071849822998
  endloop
endfacet
facet normal 0.0 0.0 0.0
  outer loop
    vertex -18.191913604736328 -2.3966171741485596 1.0160059928894043
    vertex -18.147808074951172 -2.3927605152130127 1.0160059928894043
    vertex -17.966060638427734 -3.857996702194214 1.0160057544708252
  endloop
endfacet
facet normal 0.0 0.0 0.0
  outer loop
    vertex -17.966060638427734 -3.857996702194214 1.0160057544708252
    vertex -18.147808074951172 -2.3927605152130127 1.0160059928894043
    vertex -17.623929977416992 -3.766321897506714 1.0160057544708252
  endloop
endfacet
facet normal 0.0 0.0 0.0
  outer loop
    vertex -17.623929977416992 -3.766321897506714 1.0160057544708252
    vertex -18.147808074951172 -2.3927605152130127 1.0160059928894043
    vertex -18.10504150390625 -2.381301164627075 1.0160059928894043
  endloop
endfacet
facet normal 0.0 0.0 0.0
  outer loop
    vertex -17.623929977416992 -3.766321897506714 1.0160057544708252
    vertex -18.10504150390625 -2.381301164627075 1.0160059928894043
    vertex -17.302913665771484 -3.6166293621063232 1.0160057544708252
  endloop
endfacet
facet normal 0.0 0.0 0.0
  outer loop
    vertex -17.302913665771484 -3.6166293621063232 1.0160057544708252
    vertex -18.10504150390625 -2.381301164627075 1.0160059928894043
    vertex -18.06491470336914 -2.3625900745391846 1.0160059928894043
  endloop
endfacet
facet normal 0.0 0.0 0.0
  outer loop
    vertex -17.302913665771484 -3.6166293621063232 1.0160057544708252
    vertex -18.06491470336914 -2.3625900745391846 1.0160059928894043
    vertex -17.01276969909668 -3.4134702682495117 1.0160057544708252
  endloop
endfacet
facet normal 0.0 0.0 0.0
  outer loop
    vertex -17.01276969909668 -3.4134702682495117 1.0160057544708252
    vertex -18.06491470336914 -2.3625900745391846 1.0160059928894043
    vertex -18.028644561767578 -2.3371918201446533 1.0160059928894043
  endloop
endfacet
facet normal 0.0 0.0 0.0
  outer loop
    vertex -17.01276969909668 -3.4134702682495117 1.0160057544708252
    vertex -18.028644561767578 -2.3371918201446533 1.0160059928894043
    vertex -16.762311935424805 -3.1630125045776367 1.0160057544708252
  endloop
endfacet
facet normal 0.0 0.0 0.0
  outer loop
    vertex -18.06491470336914 2.941188335418701 1.0160069465637207
    vertex -17.556913375854492 3.8361618518829346 1.0160071849822998
    vertex -18.028644561767578 2.9157938957214355 1.0160069465637207
  endloop
endfacet
facet normal 0.0 0.0 0.0
  outer loop
    vertex -18.191913604736328 0.7496072053909302 1.0160064697265625
    vertex -18.147808074951172 0.753463864326477 1.0160064697265625
    vertex -17.556913375854492 -0.15950356423854828 1.0160064697265625
  endloop
endfacet
facet normal 0.0 0.0 0.0
  outer loop
    vertex -21.756540298461914 -2.381301164627075 1.0160059928894043
    vertex -22.376056671142578 -3.5917422771453857 1.0160057544708252
    vertex -21.79666519165039 -2.3625900745391846 1.0160059928894043
  endloop
endfacet
facet normal 0.0 0.0 0.0
  outer loop
    vertex -21.79666519165039 -2.3625900745391846 1.0160059928894043
    vertex -22.376056671142578 -3.5917422771453857 1.0160057544708252
    vertex -22.5325927734375 -3.435206413269043 1.0160057544708252
  endloop
endfacet
facet normal 0.0 0.0 0.0
  outer loop
    vertex -21.79666519165039 -2.3625900745391846 1.0160059928894043
    vertex -22.5325927734375 -3.435206413269043 1.0160057544708252
    vertex -21.83293342590332 -2.3371918201446533 1.0160059928894043
  endloop
endfacet
facet normal 0.0 0.0 0.0
  outer loop
    vertex -21.83293342590332 -2.3371918201446533 1.0160059928894043
    vertex -22.5325927734375 -3.435206413269043 1.0160057544708252
    vertex -22.659568786621094 -3.2538671493530273 1.0160057544708252
  endloop
endfacet
facet normal 0.0 0.0 0.0
  outer loop
    vertex -21.83293342590332 -2.3371918201446533 1.0160059928894043
    vertex -22.659568786621094 -3.2538671493530273 1.0160057544708252
    vertex -21.864242553710938 -2.305884599685669 1.0160059928894043
  endloop
endfacet
facet normal 0.0 0.0 0.0
  outer loop
    vertex -21.864242553710938 -2.305884599685669 1.0160059928894043
    vertex -22.659568786621094 -3.2538671493530273 1.0160057544708252
    vertex -22.75312614440918 -3.053229331970215 1.0160059928894043
  endloop
endfacet
facet normal 0.0 0.0 0.0
  outer loop
    vertex -21.864242553710938 -2.305884599685669 1.0160059928894043
    vertex -22.75312614440918 -3.053229331970215 1.0160059928894043
    vertex -21.889636993408203 -2.2696144580841064 1.0160059928894043
  endloop
endfacet
facet normal 0.0 0.0 0.0
  outer loop
    vertex -21.889636993408203 -2.2696144580841064 1.0160059928894043
    vertex -22.75312614440918 -3.053229331970215 1.0160059928894043
    vertex -22.810422897338867 -2.839400291442871 1.0160059928894043
  endloop
endfacet
facet normal 0.0 0.0 0.0
  outer loop
    vertex -21.889636993408203 -2.2696144580841064 1.0160059928894043
    vertex -22.810422897338867 -2.839400291442871 1.0160059928894043
    vertex -21.908348083496094 -2.2294914722442627 1.0160059928894043
  endloop
endfacet
facet normal 0.0 0.0 0.0
  outer loop
    vertex -21.908348083496094 -2.2294914722442627 1.0160059928894043
    vertex -22.810422897338867 -2.839400291442871 1.0160059928894043
    vertex -22.829715728759766 -2.6188650131225586 1.0160059928894043
  endloop
endfacet
facet normal 0.0 0.0 0.0
  outer loop
    vertex -18.147808074951172 0.753463864326477 1.0160064697265625
    vertex -18.10504150390625 0.7649270296096802 1.0160064697265625
    vertex -17.556913375854492 -0.15950356423854828 1.0160064697265625
  endloop
endfacet
facet normal 0.0 0.0 0.0
  outer loop
    vertex -17.556913375854492 -0.15950356423854828 1.0160064697265625
    vertex -18.10504150390625 0.7649270296096802 1.0160064697265625
    vertex -18.06491470336914 0.7836343050003052 1.0160064697265625
  endloop
endfacet
facet normal 0.0 0.0 0.0
  outer loop
    vertex -17.556913375854492 -0.15950356423854828 1.0160064697265625
    vertex -18.06491470336914 0.7836343050003052 1.0160064697265625
    vertex -17.336380004882812 -0.14021265506744385 1.0160064697265625
  endloop
endfacet
facet normal 0.0 0.0 0.0
  outer loop
    vertex -17.336380004882812 -0.14021265506744385 1.0160064697265625
    vertex -18.06491470336914 0.7836343050003052 1.0160064697265625
    vertex -18.028644561767578 0.8090287446975708 1.0160064697265625
  endloop
endfacet
facet normal 0.0 0.0 0.0
  outer loop
    vertex -17.336380004882812 -0.14021265506744385 1.0160064697265625
    vertex -18.028644561767578 0.8090287446975708 1.0160064697265625
    vertex -17.122549057006836 -0.08291590213775635 1.0160064697265625
  endloop
endfacet
facet normal 0.0 0.0 0.0
  outer loop
    vertex -17.122549057006836 -0.08291590213775635 1.0160064697265625
    vertex -18.028644561767578 0.8090287446975708 1.0160064697265625
    vertex -17.997339248657227 0.8403359651565552 1.0160064697265625
  endloop
endfacet
facet normal 0.0 0.0 0.0
  outer loop
    vertex -22.75312614440918 3.0005297660827637 1.0160069465637207
    vertex -21.9198055267334 2.7653231620788574 1.0160069465637207
    vertex -22.810422897338867 2.7866930961608887 1.0160069465637207
  endloop
endfacet
facet normal 0.0 0.0 0.0
  outer loop
    vertex -22.810422897338867 2.7866930961608887 1.0160069465637207
    vertex -21.9198055267334 2.7653231620788574 1.0160069465637207
    vertex -21.92366600036621 2.721217632293701 1.0160069465637207
  endloop
endfacet
facet normal 0.0 0.0 0.0
  outer loop
    vertex -22.810422897338867 2.7866930961608887 1.0160069465637207
    vertex -21.92366600036621 2.721217632293701 1.0160069465637207
    vertex -22.829715728759766 2.566161632537842 1.0160069465637207
  endloop
endfacet
facet normal 0.0 0.0 0.0
  outer loop
    vertex -22.829715728759766 2.566161632537842 1.0160069465637207
    vertex -21.92366600036621 2.721217632293701 1.0160069465637207
    vertex -21.92366600036621 1.336700439453125 1.0160067081451416
  endloop
endfacet
facet normal 0.0 0.0 0.0
  outer loop
    vertex -22.829715728759766 2.566161632537842 1.0160069465637207
    vertex -21.92366600036621 1.336700439453125 1.0160067081451416
    vertex -22.829715728759766 1.336700439453125 1.0160067081451416
  endloop
endfacet
facet normal 0.0 0.0 0.0
  outer loop
    vertex -17.966060638427734 -3.857996702194214 1.0160057544708252
    vertex -18.31891441345215 -3.8888652324676514 1.0160057544708252
    vertex -18.191913604736328 -2.3966171741485596 1.0160059928894043
  endloop
endfacet
facet normal 0.0 0.0 0.0
  outer loop
    vertex -18.191913604736328 -2.3966171741485596 1.0160059928894043
    vertex -18.31891441345215 -3.8888652324676514 1.0160057544708252
    vertex -21.559715270996094 -3.8888652324676514 1.0160057544708252
  endloop
endfacet
facet normal 0.0 0.0 0.0
  outer loop
    vertex -18.191913604736328 -2.3966171741485596 1.0160059928894043
    vertex -21.559715270996094 -3.8888652324676514 1.0160057544708252
    vertex -21.669666290283203 -2.3966171741485596 1.0160059928894043
  endloop
endfacet
facet normal 0.0 0.0 0.0
  outer loop
    vertex -21.669666290283203 -2.3966171741485596 1.0160059928894043
    vertex -21.559715270996094 -3.8888652324676514 1.0160057544708252
    vertex -21.780248641967773 -3.86957049369812 1.0160057544708252
  endloop
endfacet
facet normal 0.0 0.0 0.0
  outer loop
    vertex -21.669666290283203 -2.3966171741485596 1.0160059928894043
    vertex -21.780248641967773 -3.86957049369812 1.0160057544708252
    vertex -21.71377182006836 -2.3927605152130127 1.0160059928894043
  endloop
endfacet
facet normal 0.0 0.0 0.0
  outer loop
    vertex -21.71377182006836 -2.3927605152130127 1.0160059928894043
    vertex -21.780248641967773 -3.86957049369812 1.0160057544708252
    vertex -21.994081497192383 -3.8122775554656982 1.0160057544708252
  endloop
endfacet
facet normal 0.0 0.0 0.0
  outer loop
    vertex -21.71377182006836 -2.3927605152130127 1.0160059928894043
    vertex -21.994081497192383 -3.8122775554656982 1.0160057544708252
    vertex -21.756540298461914 -2.381301164627075 1.0160059928894043
  endloop
endfacet
facet normal 0.0 0.0 0.0
  outer loop
    vertex -21.756540298461914 -2.381301164627075 1.0160059928894043
    vertex -21.994081497192383 -3.8122775554656982 1.0160057544708252
    vertex -22.19471549987793 -3.718722105026245 1.0160057544708252
  endloop
endfacet
facet normal 0.0 0.0 0.0
  outer loop
    vertex -21.756540298461914 -2.381301164627075 1.0160059928894043
    vertex -22.19471549987793 -3.718722105026245 1.0160057544708252
    vertex -22.376056671142578 -3.5917422771453857 1.0160057544708252
  endloop
endfacet
facet normal 0.0 0.0 0.0
  outer loop
    vertex -18.028644561767578 -2.3371918201446533 1.0160059928894043
    vertex -17.997339248657227 -2.305884599685669 1.0160059928894043
    vertex -16.762311935424805 -3.1630125045776367 1.0160057544708252
  endloop
endfacet
facet normal 0.0 0.0 0.0
  outer loop
    vertex -16.762311935424805 -3.1630125045776367 1.0160057544708252
    vertex -17.997339248657227 -2.305884599685669 1.0160059928894043
    vertex -17.97194480895996 -2.2696144580841064 1.0160059928894043
  endloop
endfacet
facet normal 0.0 0.0 0.0
  outer loop
    vertex -16.762311935424805 -3.1630125045776367 1.0160057544708252
    vertex -17.97194480895996 -2.2696144580841064 1.0160059928894043
    vertex -16.55915069580078 -2.872866630554199 1.0160059928894043
  endloop
endfacet
facet normal 0.0 0.0 0.0
  outer loop
    vertex -16.55915069580078 -2.872866630554199 1.0160059928894043
    vertex -17.97194480895996 -2.2696144580841064 1.0160059928894043
    vertex -17.953231811523438 -2.2294914722442627 1.0160059928894043
  endloop
endfacet
facet normal 0.0 0.0 0.0
  outer loop
    vertex -16.55915069580078 -2.872866630554199 1.0160059928894043
    vertex -17.953231811523438 -2.2294914722442627 1.0160059928894043
    vertex -16.409460067749023 -2.551852226257324 1.0160059928894043
  endloop
endfacet
facet normal 0.0 0.0 0.0
  outer loop
    vertex -16.409460067749023 -2.551852226257324 1.0160059928894043
    vertex -17.953231811523438 -2.2294914722442627 1.0160059928894043
    vertex -17.941774368286133 -2.186724901199341 1.0160059928894043
  endloop
endfacet
facet normal 0.0 0.0 0.0
  outer loop
    vertex -16.409460067749023 -2.551852226257324 1.0160059928894043
    vertex -17.941774368286133 -2.186724901199341 1.0160059928894043
    vertex -16.317785263061523 -2.2097198963165283 1.0160059928894043
  endloop
endfacet
facet normal 0.0 0.0 0.0
  outer loop
    vertex -16.317785263061523 -2.2097198963165283 1.0160059928894043
    vertex -17.941774368286133 -2.186724901199341 1.0160059928894043
    vertex -17.93791389465332 -2.142615556716919 1.0160059928894043
  endloop
endfacet
facet normal 0.0 0.0 0.0
  outer loop
    vertex -16.317785263061523 -2.2097198963165283 1.0160059928894043
    vertex -17.93791389465332 -2.142615556716919 1.0160059928894043
    vertex -16.286914825439453 -1.8568679094314575 1.0160059928894043
  endloop
endfacet
facet normal 0.0 0.0 0.0
  outer loop
    vertex -16.286914825439453 -1.8568679094314575 1.0160059928894043
    vertex -17.93791389465332 -2.142615556716919 1.0160059928894043
    vertex -17.93791389465332 -1.6916611194610596 1.0160062313079834
  endloop
endfacet
facet normal 0.0 0.0 0.0
  outer loop
    vertex -16.286914825439453 -1.8568679094314575 1.0160059928894043
    vertex -17.93791389465332 -1.6916611194610596 1.0160062313079834
    vertex -16.286914825439453 -1.6916611194610596 1.0160062313079834
  endloop
endfacet
facet normal 0.0 0.0 0.0
  outer loop
    vertex -18.10504150390625 2.959899425506592 1.0160069465637207
    vertex -18.147808074951172 2.9713587760925293 1.0160069465637207
    vertex -17.556913375854492 3.8361618518829346 1.0160071849822998
  endloop
endfacet
facet normal 0.0 0.0 0.0
  outer loop
    vertex -17.556913375854492 3.8361618518829346 1.0160071849822998
    vertex -18.147808074951172 2.9713587760925293 1.0160069465637207
    vertex -18.191913604736328 2.975219249725342 1.0160069465637207
  endloop
endfacet
facet normal 0.0 0.0 0.0
  outer loop
    vertex -17.556913375854492 3.8361618518829346 1.0160071849822998
    vertex -18.191913604736328 2.975219249725342 1.0160069465637207
    vertex -21.559715270996094 3.8361618518829346 1.0160071849822998
  endloop
endfacet
facet normal 0.0 0.0 0.0
  outer loop
    vertex -21.559715270996094 3.8361618518829346 1.0160071849822998
    vertex -18.191913604736328 2.975219249725342 1.0160069465637207
    vertex -21.669666290283203 2.975219249725342 1.0160069465637207
  endloop
endfacet
facet normal 0.0 0.0 0.0
  outer loop
    vertex -21.559715270996094 3.8361618518829346 1.0160071849822998
    vertex -21.669666290283203 2.975219249725342 1.0160069465637207
    vertex -21.780248641967773 3.8168671131134033 1.0160071849822998
  endloop
endfacet
facet normal 0.0 0.0 0.0
  outer loop
    vertex -21.780248641967773 3.8168671131134033 1.0160071849822998
    vertex -21.669666290283203 2.975219249725342 1.0160069465637207
    vertex -21.71377182006836 2.9713587760925293 1.0160069465637207
  endloop
endfacet
facet normal 0.0 0.0 0.0
  outer loop
    vertex -21.780248641967773 3.8168671131134033 1.0160071849822998
    vertex -21.71377182006836 2.9713587760925293 1.0160069465637207
    vertex -21.994081497192383 3.759570360183716 1.0160071849822998
  endloop
endfacet
facet normal 0.0 0.0 0.0
  outer loop
    vertex -21.994081497192383 3.759570360183716 1.0160071849822998
    vertex -21.71377182006836 2.9713587760925293 1.0160069465637207
    vertex -21.756540298461914 2.959899425506592 1.0160069465637207
  endloop
endfacet
facet normal 0.0 0.0 0.0
  outer loop
    vertex -21.994081497192383 3.759570360183716 1.0160071849822998
    vertex -21.756540298461914 2.959899425506592 1.0160069465637207
    vertex -22.19471549987793 3.6660149097442627 1.0160069465637207
  endloop
endfacet
facet normal 0.0 0.0 0.0
  outer loop
    vertex -22.19471549987793 3.6660149097442627 1.0160069465637207
    vertex -21.756540298461914 2.959899425506592 1.0160069465637207
    vertex -21.79666519165039 2.941188335418701 1.0160069465637207
  endloop
endfacet
facet normal 0.0 0.0 0.0
  outer loop
    vertex -22.19471549987793 3.6660149097442627 1.0160069465637207
    vertex -21.79666519165039 2.941188335418701 1.0160069465637207
    vertex -22.376056671142578 3.539038896560669 1.0160069465637207
  endloop
endfacet
facet normal 0.0 0.0 0.0
  outer loop
    vertex -22.376056671142578 3.539038896560669 1.0160069465637207
    vertex -21.79666519165039 2.941188335418701 1.0160069465637207
    vertex -21.83293342590332 2.9157938957214355 1.0160069465637207
  endloop
endfacet
facet normal 0.0 0.0 0.0
  outer loop
    vertex -22.376056671142578 3.539038896560669 1.0160069465637207
    vertex -21.83293342590332 2.9157938957214355 1.0160069465637207
    vertex -22.5325927734375 3.3824992179870605 1.0160069465637207
  endloop
endfacet
facet normal 0.0 0.0 0.0
  outer loop
    vertex -22.5325927734375 3.3824992179870605 1.0160069465637207
    vertex -21.83293342590332 2.9157938957214355 1.0160069465637207
    vertex -21.864242553710938 2.884486675262451 1.0160069465637207
  endloop
endfacet
facet normal 0.0 0.0 0.0
  outer loop
    vertex -22.5325927734375 3.3824992179870605 1.0160069465637207
    vertex -21.864242553710938 2.884486675262451 1.0160069465637207
    vertex -22.659568786621094 3.201159954071045 1.0160069465637207
  endloop
endfacet
facet normal 0.0 0.0 0.0
  outer loop
    vertex -22.659568786621094 3.201159954071045 1.0160069465637207
    vertex -21.864242553710938 2.884486675262451 1.0160069465637207
    vertex -21.889636993408203 2.8482165336608887 1.0160069465637207
  endloop
endfacet
facet normal 0.0 0.0 0.0
  outer loop
    vertex -22.659568786621094 3.201159954071045 1.0160069465637207
    vertex -21.889636993408203 2.8482165336608887 1.0160069465637207
    vertex -22.75312614440918 3.0005297660827637 1.0160069465637207
  endloop
endfacet
facet normal 0.0 0.0 0.0
  outer loop
    vertex -22.75312614440918 3.0005297660827637 1.0160069465637207
    vertex -21.889636993408203 2.8482165336608887 1.0160069465637207
    vertex -21.908348083496094 2.8080897331237793 1.0160069465637207
  endloop
endfacet
facet normal 0.0 0.0 0.0
  outer loop
    vertex -22.75312614440918 3.0005297660827637 1.0160069465637207
    vertex -21.908348083496094 2.8080897331237793 1.0160069465637207
    vertex -21.9198055267334 2.7653231620788574 1.0160069465637207
  endloop
endfacet
facet normal 0.0 0.0 0.0
  outer loop
    vertex -18.191913604736328 0.7496072053909302 1.0160064697265625
    vertex -17.556913375854492 -0.15950356423854828 1.0160064697265625
    vertex -21.559715270996094 0.7496072053909302 1.0160064697265625
  endloop
endfacet
facet normal 0.0 0.0 0.0
  outer loop
    vertex -21.559715270996094 0.7496072053909302 1.0160064697265625
    vertex -17.556913375854492 -0.15950356423854828 1.0160064697265625
    vertex -21.669666290283203 -0.15950356423854828 1.0160064697265625
  endloop
endfacet
facet normal 0.0 0.0 0.0
  outer loop
    vertex -21.559715270996094 0.7496072053909302 1.0160064697265625
    vertex -21.669666290283203 -0.15950356423854828 1.0160064697265625
    vertex -21.780248641967773 0.7303124666213989 1.0160064697265625
  endloop
endfacet
facet normal 0.0 0.0 0.0
  outer loop
    vertex -21.780248641967773 0.7303124666213989 1.0160064697265625
    vertex -21.669666290283203 -0.15950356423854828 1.0160064697265625
    vertex -21.71377182006836 -0.16336403787136078 1.0160064697265625
  endloop
endfacet
facet normal 0.0 0.0 0.0
  outer loop
    vertex -21.780248641967773 0.7303124666213989 1.0160064697265625
    vertex -21.71377182006836 -0.16336403787136078 1.0160064697265625
    vertex -21.994081497192383 0.6730157136917114 1.0160064697265625
  endloop
endfacet
facet normal 0.0 0.0 0.0
  outer loop
    vertex -21.994081497192383 0.6730157136917114 1.0160064697265625
    vertex -21.71377182006836 -0.16336403787136078 1.0160064697265625
    vertex -21.756540298461914 -0.17482338845729828 1.0160064697265625
  endloop
endfacet
facet normal 0.0 0.0 0.0
  outer loop
    vertex -21.994081497192383 0.6730157136917114 1.0160064697265625
    vertex -21.756540298461914 -0.17482338845729828 1.0160064697265625
    vertex -22.19471549987793 0.5794603228569031 1.0160064697265625
  endloop
endfacet
facet normal 0.0 0.0 0.0
  outer loop
    vertex -22.19471549987793 0.5794603228569031 1.0160064697265625
    vertex -21.756540298461914 -0.17482338845729828 1.0160064697265625
    vertex -21.79666519165039 -0.1935344785451889 1.0160064697265625
  endloop
endfacet
facet normal 0.0 0.0 0.0
  outer loop
    vertex -22.19471549987793 0.5794603228569031 1.0160064697265625
    vertex -21.79666519165039 -0.1935344785451889 1.0160064697265625
    vertex -22.376056671142578 0.4524843394756317 1.0160064697265625
  endloop
endfacet
facet normal 0.0 0.0 0.0
  outer loop
    vertex -22.376056671142578 0.4524843394756317 1.0160064697265625
    vertex -21.79666519165039 -0.1935344785451889 1.0160064697265625
    vertex -21.83293342590332 -0.21892890334129333 1.0160064697265625
  endloop
endfacet
facet normal 0.0 0.0 0.0
  outer loop
    vertex -22.376056671142578 0.4524843394756317 1.0160064697265625
    vertex -21.83293342590332 -0.21892890334129333 1.0160064697265625
    vertex -22.5325927734375 0.295944482088089 1.0160064697265625
  endloop
endfacet
facet normal 0.0 0.0 0.0
  outer loop
    vertex -22.5325927734375 0.295944482088089 1.0160064697265625
    vertex -21.83293342590332 -0.21892890334129333 1.0160064697265625
    vertex -21.864242553710938 -0.2502361238002777 1.0160064697265625
  endloop
endfacet
facet normal 0.0 0.0 0.0
  outer loop
    vertex -22.5325927734375 0.295944482088089 1.0160064697265625
    vertex -21.864242553710938 -0.2502361238002777 1.0160064697265625
    vertex -22.659568786621094 0.11460525542497635 1.0160064697265625
  endloop
endfacet
facet normal 0.0 0.0 0.0
  outer loop
    vertex -22.659568786621094 0.11460525542497635 1.0160064697265625
    vertex -21.864242553710938 -0.2502361238002777 1.0160064697265625
    vertex -21.889636993408203 -0.2865024507045746 1.0160064697265625
  endloop
endfacet
facet normal 0.0 0.0 0.0
  outer loop
    vertex -22.659568786621094 0.11460525542497635 1.0160064697265625
    vertex -21.889636993408203 -0.2865024507045746 1.0160064697265625
    vertex -22.75312614440918 -0.08602488040924072 1.0160064697265625
  endloop
endfacet
facet normal 0.0 0.0 0.0
  outer loop
    vertex -22.75312614440918 -0.08602488040924072 1.0160064697265625
    vertex -21.889636993408203 -0.2865024507045746 1.0160064697265625
    vertex -21.908348083496094 -0.3266330361366272 1.0160064697265625
  endloop
endfacet
facet normal 0.0 0.0 0.0
  outer loop
    vertex -22.75312614440918 -0.08602488040924072 1.0160064697265625
    vertex -21.908348083496094 -0.3266330361366272 1.0160064697265625
    vertex -22.810422897338867 -0.2998577058315277 1.0160064697265625
  endloop
endfacet
facet normal 0.0 0.0 0.0
  outer loop
    vertex -17.953231811523438 0.9167328476905823 1.0160064697265625
    vertex -16.58403778076172 0.29415538907051086 1.0160064697265625
    vertex -17.97194480895996 0.8766060471534729 1.0160064697265625
  endloop
endfacet
facet normal 0.0 0.0 0.0
  outer loop
    vertex -17.97194480895996 0.8766060471534729 1.0160064697265625
    vertex -16.58403778076172 0.29415538907051086 1.0160064697265625
    vertex -16.74057388305664 0.13761931657791138 1.0160064697265625
  endloop
endfacet
facet normal 0.0 0.0 0.0
  outer loop
    vertex -17.97194480895996 0.8766060471534729 1.0160064697265625
    vertex -16.74057388305664 0.13761931657791138 1.0160064697265625
    vertex -17.997339248657227 0.8403359651565552 1.0160064697265625
  endloop
endfacet
facet normal 0.0 0.0 0.0
  outer loop
    vertex -17.997339248657227 0.8403359651565552 1.0160064697265625
    vertex -16.74057388305664 0.13761931657791138 1.0160064697265625
    vertex -16.921913146972656 0.010643335990607738 1.0160064697265625
  endloop
endfacet
facet normal 0.0 0.0 0.0
  outer loop
    vertex -17.997339248657227 0.8403359651565552 1.0160064697265625
    vertex -16.921913146972656 0.010643335990607738 1.0160064697265625
    vertex -17.122549057006836 -0.08291590213775635 1.0160064697265625
  endloop
endfacet
facet normal 0.0 0.0 0.0
  outer loop
    vertex -17.93791389465332 1.0036050081253052 1.0160067081451416
    vertex -16.306209564208984 0.889961302280426 1.0160064697265625
    vertex -17.941774368286133 0.9594994187355042 1.0160067081451416
  endloop
endfacet
facet normal 0.0 0.0 0.0
  outer loop
    vertex -17.941774368286133 0.9594994187355042 1.0160067081451416
    vertex -16.306209564208984 0.889961302280426 1.0160064697265625
    vertex -16.36350440979004 0.6761285066604614 1.0160064697265625
  endloop
endfacet
facet normal 0.0 0.0 0.0
  outer loop
    vertex -17.941774368286133 0.9594994187355042 1.0160067081451416
    vertex -16.36350440979004 0.6761285066604614 1.0160064697265625
    vertex -17.953231811523438 0.9167328476905823 1.0160064697265625
  endloop
endfacet
facet normal 0.0 0.0 0.0
  outer loop
    vertex -17.953231811523438 0.9167328476905823 1.0160064697265625
    vertex -16.36350440979004 0.6761285066604614 1.0160064697265625
    vertex -16.457063674926758 0.4754945933818817 1.0160064697265625
  endloop
endfacet
facet normal 0.0 0.0 0.0
  outer loop
    vertex -17.953231811523438 0.9167328476905823 1.0160064697265625
    vertex -16.457063674926758 0.4754945933818817 1.0160064697265625
    vertex -16.58403778076172 0.29415538907051086 1.0160064697265625
  endloop
endfacet
facet normal 0.0 0.0 0.0
  outer loop
    vertex -17.953231811523438 2.8080897331237793 1.0160069465637207
    vertex -16.457063674926758 3.201159954071045 1.0160069465637207
    vertex -17.941774368286133 2.7653231620788574 1.0160069465637207
  endloop
endfacet
facet normal 0.0 0.0 0.0
  outer loop
    vertex -17.941774368286133 2.7653231620788574 1.0160069465637207
    vertex -16.457063674926758 3.201159954071045 1.0160069465637207
    vertex -16.36350440979004 3.0005297660827637 1.0160069465637207
  endloop
endfacet
facet normal 0.0 0.0 0.0
  outer loop
    vertex -17.941774368286133 2.7653231620788574 1.0160069465637207
    vertex -16.36350440979004 3.0005297660827637 1.0160069465637207
    vertex -17.93791389465332 2.721217632293701 1.0160069465637207
  endloop
endfacet
facet normal 0.0 0.0 0.0
  outer loop
    vertex -17.556913375854492 3.8361618518829346 1.0160071849822998
    vertex -17.336380004882812 3.8168671131134033 1.0160071849822998
    vertex -18.028644561767578 2.9157938957214355 1.0160069465637207
  endloop
endfacet
facet normal 0.0 0.0 0.0
  outer loop
    vertex -18.028644561767578 2.9157938957214355 1.0160069465637207
    vertex -17.336380004882812 3.8168671131134033 1.0160071849822998
    vertex -17.122549057006836 3.759570360183716 1.0160071849822998
  endloop
endfacet
facet normal 0.0 0.0 0.0
  outer loop
    vertex -18.028644561767578 2.9157938957214355 1.0160069465637207
    vertex -17.122549057006836 3.759570360183716 1.0160071849822998
    vertex -17.997339248657227 2.884486675262451 1.0160069465637207
  endloop
endfacet
facet normal 0.0 0.0 0.0
  outer loop
    vertex -17.997339248657227 2.884486675262451 1.0160069465637207
    vertex -17.122549057006836 3.759570360183716 1.0160071849822998
    vertex -16.921913146972656 3.6660149097442627 1.0160069465637207
  endloop
endfacet
facet normal 0.0 0.0 0.0
  outer loop
    vertex -17.997339248657227 2.884486675262451 1.0160069465637207
    vertex -16.921913146972656 3.6660149097442627 1.0160069465637207
    vertex -17.97194480895996 2.8482165336608887 1.0160069465637207
  endloop
endfacet
facet normal 0.0 0.0 0.0
  outer loop
    vertex -17.97194480895996 2.8482165336608887 1.0160069465637207
    vertex -16.921913146972656 3.6660149097442627 1.0160069465637207
    vertex -16.74057388305664 3.539038896560669 1.0160069465637207
  endloop
endfacet
facet normal 0.0 0.0 0.0
  outer loop
    vertex -17.97194480895996 2.8482165336608887 1.0160069465637207
    vertex -16.74057388305664 3.539038896560669 1.0160069465637207
    vertex -17.953231811523438 2.8080897331237793 1.0160069465637207
  endloop
endfacet
facet normal 0.0 0.0 0.0
  outer loop
    vertex -17.953231811523438 2.8080897331237793 1.0160069465637207
    vertex -16.74057388305664 3.539038896560669 1.0160069465637207
    vertex -16.58403778076172 3.3824992179870605 1.0160069465637207
  endloop
endfacet
facet normal 0.0 0.0 0.0
  outer loop
    vertex -17.953231811523438 2.8080897331237793 1.0160069465637207
    vertex -16.58403778076172 3.3824992179870605 1.0160069465637207
    vertex -16.457063674926758 3.201159954071045 1.0160069465637207
  endloop
endfacet
facet normal 0.0 0.0 0.0
  outer loop
    vertex -21.908348083496094 -0.3266330361366272 1.0160064697265625
    vertex -21.9198055267334 -0.3693996071815491 1.0160064697265625
    vertex -22.810422897338867 -0.2998577058315277 1.0160064697265625
  endloop
endfacet
facet normal 0.0 0.0 0.0
  outer loop
    vertex -22.810422897338867 -0.2998577058315277 1.0160064697265625
    vertex -21.9198055267334 -0.3693996071815491 1.0160064697265625
    vertex -21.92366600036621 -0.4135051369667053 1.0160062313079834
  endloop
endfacet
facet normal 0.0 0.0 0.0
  outer loop
    vertex -22.810422897338867 -0.2998577058315277 1.0160064697265625
    vertex -21.92366600036621 -0.4135051369667053 1.0160062313079834
    vertex -22.829715728759766 -0.5203929543495178 1.0160062313079834
  endloop
endfacet
facet normal 0.0 0.0 0.0
  outer loop
    vertex -22.829715728759766 -0.5203929543495178 1.0160062313079834
    vertex -21.92366600036621 -0.4135051369667053 1.0160062313079834
    vertex -21.92366600036621 -2.142615556716919 1.0160059928894043
  endloop
endfacet
facet normal 0.0 0.0 0.0
  outer loop
    vertex -22.829715728759766 -0.5203929543495178 1.0160062313079834
    vertex -21.92366600036621 -2.142615556716919 1.0160059928894043
    vertex -22.829715728759766 -2.6188650131225586 1.0160059928894043
  endloop
endfacet
facet normal 0.0 0.0 0.0
  outer loop
    vertex -22.829715728759766 -2.6188650131225586 1.0160059928894043
    vertex -21.92366600036621 -2.142615556716919 1.0160059928894043
    vertex -21.9198055267334 -2.186724901199341 1.0160059928894043
  endloop
endfacet
facet normal 0.0 0.0 0.0
  outer loop
    vertex -22.829715728759766 -2.6188650131225586 1.0160059928894043
    vertex -21.9198055267334 -2.186724901199341 1.0160059928894043
    vertex -21.908348083496094 -2.2294914722442627 1.0160059928894043
  endloop
endfacet
facet normal 0.0 0.0 0.0
  outer loop
    vertex -16.36350440979004 3.0005297660827637 1.0160069465637207
    vertex -16.306209564208984 2.7866930961608887 1.0160069465637207
    vertex -17.93791389465332 2.721217632293701 1.0160069465637207
  endloop
endfacet
facet normal 0.0 0.0 0.0
  outer loop
    vertex -17.93791389465332 2.721217632293701 1.0160069465637207
    vertex -16.306209564208984 2.7866930961608887 1.0160069465637207
    vertex -16.286914825439453 2.566161632537842 1.0160069465637207
  endloop
endfacet
facet normal 0.0 0.0 0.0
  outer loop
    vertex -17.93791389465332 2.721217632293701 1.0160069465637207
    vertex -16.286914825439453 2.566161632537842 1.0160069465637207
    vertex -17.93791389465332 1.0036050081253052 1.0160067081451416
  endloop
endfacet
facet normal 0.0 0.0 0.0
  outer loop
    vertex -17.93791389465332 1.0036050081253052 1.0160067081451416
    vertex -16.286914825439453 2.566161632537842 1.0160069465637207
    vertex -16.286914825439453 1.1104966402053833 1.0160067081451416
  endloop
endfacet
facet normal 0.0 0.0 0.0
  outer loop
    vertex -17.93791389465332 1.0036050081253052 1.0160067081451416
    vertex -16.286914825439453 1.1104966402053833 1.0160067081451416
    vertex -16.306209564208984 0.889961302280426 1.0160064697265625
  endloop
endfacet
facet normal 0.0 0.0 0.0
  outer loop
    vertex 20.755786895751953 -0.414725661277771 6.9141387939453125e-06
    vertex 20.755786895751953 -2.110865592956543 6.4373016357421875e-06
    vertex 16.5745849609375 -2.110865592956543 6.4373016357421875e-06
  endloop
endfacet
facet normal 0.0 0.0 0.0
  outer loop
    vertex 20.545894622802734 -2.361006736755371 6.4373016357421875e-06
    vertex 20.501785278320312 -2.3648672103881836 6.4373016357421875e-06
    vertex 20.75192642211914 -2.154974937438965 6.4373016357421875e-06
  endloop
endfacet
facet normal 0.0 0.0 0.0
  outer loop
    vertex 20.75192642211914 -2.154974937438965 6.4373016357421875e-06
    vertex 20.501785278320312 -2.3648672103881836 6.4373016357421875e-06
    vertex 20.755786895751953 -2.110865592956543 6.4373016357421875e-06
  endloop
endfacet
facet normal 0.0 0.0 0.0
  outer loop
    vertex 20.755786895751953 -2.110865592956543 6.4373016357421875e-06
    vertex 20.501785278320312 -2.3648672103881836 6.4373016357421875e-06
    vertex 16.5745849609375 -2.110865592956543 6.4373016357421875e-06
  endloop
endfacet
facet normal 0.0 0.0 0.0
  outer loop
    vertex 16.5745849609375 -2.110865592956543 6.4373016357421875e-06
    vertex 20.501785278320312 -2.3648672103881836 6.4373016357421875e-06
    vertex 16.828582763671875 -2.3648672103881836 6.4373016357421875e-06
  endloop
endfacet
facet normal 0.0 0.0 0.0
  outer loop
    vertex 16.5745849609375 -2.110865592956543 6.4373016357421875e-06
    vertex 16.828582763671875 -2.3648672103881836 6.4373016357421875e-06
    vertex 16.784481048583984 -2.361006736755371 6.4373016357421875e-06
  endloop
endfacet
facet normal 0.0 0.0 0.0
  outer loop
    vertex 16.784481048583984 -2.361006736755371 6.4373016357421875e-06
    vertex 16.741714477539062 -2.349551200866699 6.4373016357421875e-06
    vertex 16.5745849609375 -2.110865592956543 6.4373016357421875e-06
  endloop
endfacet
facet normal 0.0 0.0 0.0
  outer loop
    vertex 16.5745849609375 -2.110865592956543 6.4373016357421875e-06
    vertex 16.741714477539062 -2.349551200866699 6.4373016357421875e-06
    vertex 16.701583862304688 -2.330836296081543 6.4373016357421875e-06
  endloop
endfacet
facet normal 0.0 0.0 0.0
  outer loop
    vertex 16.5745849609375 -2.110865592956543 6.4373016357421875e-06
    vertex 16.701583862304688 -2.330836296081543 6.4373016357421875e-06
    vertex 16.66531753540039 -2.3054418563842773 6.4373016357421875e-06
  endloop
endfacet
facet normal 0.0 0.0 0.0
  outer loop
    vertex 16.5745849609375 -2.110865592956543 6.4373016357421875e-06
    vertex 16.5745849609375 -0.414725661277771 6.9141387939453125e-06
    vertex 16.828582763671875 -0.16072408854961395 6.9141387939453125e-06
  endloop
endfacet
facet normal 0.0 0.0 0.0
  outer loop
    vertex 16.828582763671875 -0.16072408854961395 6.9141387939453125e-06
    vertex 16.5745849609375 -0.414725661277771 6.9141387939453125e-06
    vertex 16.578445434570312 -0.37062013149261475 6.9141387939453125e-06
  endloop
endfacet
facet normal 0.0 0.0 0.0
  outer loop
    vertex 16.828582763671875 -0.16072408854961395 6.9141387939453125e-06
    vertex 16.578445434570312 -0.37062013149261475 6.9141387939453125e-06
    vertex 16.58990478515625 -0.32785356044769287 6.9141387939453125e-06
  endloop
endfacet
facet normal 0.0 0.0 0.0
  outer loop
    vertex 16.66531753540039 -2.3054418563842773 6.4373016357421875e-06
    vertex 16.634010314941406 -2.274134635925293 6.4373016357421875e-06
    vertex 16.5745849609375 -2.110865592956543 6.4373016357421875e-06
  endloop
endfacet
facet normal 0.0 0.0 0.0
  outer loop
    vertex 16.5745849609375 -2.110865592956543 6.4373016357421875e-06
    vertex 16.634010314941406 -2.274134635925293 6.4373016357421875e-06
    vertex 16.60861587524414 -2.2378644943237305 6.4373016357421875e-06
  endloop
endfacet
facet normal 0.0 0.0 0.0
  outer loop
    vertex 16.5745849609375 -2.110865592956543 6.4373016357421875e-06
    vertex 16.60861587524414 -2.2378644943237305 6.4373016357421875e-06
    vertex 16.578445434570312 -2.154974937438965 6.4373016357421875e-06
  endloop
endfacet
facet normal 0.0 0.0 0.0
  outer loop
    vertex 16.578445434570312 -2.154974937438965 6.4373016357421875e-06
    vertex 16.60861587524414 -2.2378644943237305 6.4373016357421875e-06
    vertex 16.58990478515625 -2.1977415084838867 6.4373016357421875e-06
  endloop
endfacet
facet normal 0.0 0.0 0.0
  outer loop
    vertex 16.60861587524414 -0.28772297501564026 6.9141387939453125e-06
    vertex 16.741714477539062 -0.17604391276836395 6.9141387939453125e-06
    vertex 16.58990478515625 -0.32785356044769287 6.9141387939453125e-06
  endloop
endfacet
facet normal 0.0 0.0 0.0
  outer loop
    vertex 16.58990478515625 -0.32785356044769287 6.9141387939453125e-06
    vertex 16.741714477539062 -0.17604391276836395 6.9141387939453125e-06
    vertex 16.784481048583984 -0.16458456218242645 6.9141387939453125e-06
  endloop
endfacet
facet normal 0.0 0.0 0.0
  outer loop
    vertex 16.58990478515625 -0.32785356044769287 6.9141387939453125e-06
    vertex 16.784481048583984 -0.16458456218242645 6.9141387939453125e-06
    vertex 16.828582763671875 -0.16072408854961395 6.9141387939453125e-06
  endloop
endfacet
facet normal 0.0 0.0 0.0
  outer loop
    vertex 16.60861587524414 -0.28772297501564026 6.9141387939453125e-06
    vertex 16.634010314941406 -0.251460462808609 6.9141387939453125e-06
    vertex 16.741714477539062 -0.17604391276836395 6.9141387939453125e-06
  endloop
endfacet
facet normal 0.0 0.0 0.0
  outer loop
    vertex 16.741714477539062 -0.17604391276836395 6.9141387939453125e-06
    vertex 16.634010314941406 -0.251460462808609 6.9141387939453125e-06
    vertex 16.66531753540039 -0.22015324234962463 6.9141387939453125e-06
  endloop
endfacet
facet normal 0.0 0.0 0.0
  outer loop
    vertex 16.741714477539062 -0.17604391276836395 6.9141387939453125e-06
    vertex 16.66531753540039 -0.22015324234962463 6.9141387939453125e-06
    vertex 16.701583862304688 -0.19475500285625458 6.9141387939453125e-06
  endloop
endfacet
facet normal 0.0 0.0 0.0
  outer loop
    vertex 16.5745849609375 -2.110865592956543 6.4373016357421875e-06
    vertex 16.828582763671875 -0.16072408854961395 6.9141387939453125e-06
    vertex 20.755786895751953 -0.414725661277771 6.9141387939453125e-06
  endloop
endfacet
facet normal 0.0 0.0 0.0
  outer loop
    vertex 20.755786895751953 -0.414725661277771 6.9141387939453125e-06
    vertex 16.828582763671875 -0.16072408854961395 6.9141387939453125e-06
    vertex 20.501785278320312 -0.16072408854961395 6.9141387939453125e-06
  endloop
endfacet
facet normal 0.0 0.0 0.0
  outer loop
    vertex 20.755786895751953 -0.414725661277771 6.9141387939453125e-06
    vertex 20.501785278320312 -0.16072408854961395 6.9141387939453125e-06
    vertex 20.545894622802734 -0.16458456218242645 6.9141387939453125e-06
  endloop
endfacet
facet normal 0.0 0.0 0.0
  outer loop
    vertex 20.74047088623047 -0.32785356044769287 6.9141387939453125e-06
    vertex 20.628787994384766 -0.19475500285625458 6.9141387939453125e-06
    vertex 20.721755981445312 -0.28772297501564026 6.9141387939453125e-06
  endloop
endfacet
facet normal 0.0 0.0 0.0
  outer loop
    vertex 20.721755981445312 -0.28772297501564026 6.9141387939453125e-06
    vertex 20.628787994384766 -0.19475500285625458 6.9141387939453125e-06
    vertex 20.665054321289062 -0.22015324234962463 6.9141387939453125e-06
  endloop
endfacet
facet normal 0.0 0.0 0.0
  outer loop
    vertex 20.721755981445312 -0.28772297501564026 6.9141387939453125e-06
    vertex 20.665054321289062 -0.22015324234962463 6.9141387939453125e-06
    vertex 20.696361541748047 -0.251460462808609 6.9141387939453125e-06
  endloop
endfacet
facet normal 0.0 0.0 0.0
  outer loop
    vertex 20.665054321289062 -2.3054418563842773 6.4373016357421875e-06
    vertex 20.628787994384766 -2.330836296081543 6.4373016357421875e-06
    vertex 20.696361541748047 -2.274134635925293 6.4373016357421875e-06
  endloop
endfacet
facet normal 0.0 0.0 0.0
  outer loop
    vertex 20.696361541748047 -2.274134635925293 6.4373016357421875e-06
    vertex 20.628787994384766 -2.330836296081543 6.4373016357421875e-06
    vertex 20.721755981445312 -2.2378644943237305 6.4373016357421875e-06
  endloop
endfacet
facet normal 0.0 0.0 0.0
  outer loop
    vertex 20.75192642211914 -2.154974937438965 6.4373016357421875e-06
    vertex 20.74047088623047 -2.1977415084838867 6.4373016357421875e-06
    vertex 20.545894622802734 -2.361006736755371 6.4373016357421875e-06
  endloop
endfacet
facet normal 0.0 0.0 0.0
  outer loop
    vertex 20.545894622802734 -2.361006736755371 6.4373016357421875e-06
    vertex 20.74047088623047 -2.1977415084838867 6.4373016357421875e-06
    vertex 20.721755981445312 -2.2378644943237305 6.4373016357421875e-06
  endloop
endfacet
facet normal 0.0 0.0 0.0
  outer loop
    vertex 20.545894622802734 -2.361006736755371 6.4373016357421875e-06
    vertex 20.721755981445312 -2.2378644943237305 6.4373016357421875e-06
    vertex 20.588661193847656 -2.349551200866699 6.4373016357421875e-06
  endloop
endfacet
facet normal 0.0 0.0 0.0
  outer loop
    vertex 20.588661193847656 -2.349551200866699 6.4373016357421875e-06
    vertex 20.721755981445312 -2.2378644943237305 6.4373016357421875e-06
    vertex 20.628787994384766 -2.330836296081543 6.4373016357421875e-06
  endloop
endfacet
facet normal 0.0 0.0 0.0
  outer loop
    vertex 20.545894622802734 -0.16458456218242645 6.9141387939453125e-06
    vertex 20.588661193847656 -0.17604391276836395 6.9141387939453125e-06
    vertex 20.755786895751953 -0.414725661277771 6.9141387939453125e-06
  endloop
endfacet
facet normal 0.0 0.0 0.0
  outer loop
    vertex 20.755786895751953 -0.414725661277771 6.9141387939453125e-06
    vertex 20.588661193847656 -0.17604391276836395 6.9141387939453125e-06
    vertex 20.628787994384766 -0.19475500285625458 6.9141387939453125e-06
  endloop
endfacet
facet normal 0.0 0.0 0.0
  outer loop
    vertex 20.755786895751953 -0.414725661277771 6.9141387939453125e-06
    vertex 20.628787994384766 -0.19475500285625458 6.9141387939453125e-06
    vertex 20.75192642211914 -0.37062013149261475 6.9141387939453125e-06
  endloop
endfacet
facet normal 0.0 0.0 0.0
  outer loop
    vertex 20.75192642211914 -0.37062013149261475 6.9141387939453125e-06
    vertex 20.628787994384766 -0.19475500285625458 6.9141387939453125e-06
    vertex 20.74047088623047 -0.32785356044769287 6.9141387939453125e-06
  endloop
endfacet
endsolid Uranium STLWriter Wed 20 Sep 2017 17:34:39
